configuration;taille;repetition;algorithme;graine_entree;graine_pivot;temps_s
aleatoire;100;1;selection_sort;1389885098;3192679997;0.000027700000
aleatoire;100;1;bubble_sort;1389885098;3192679997;0.000042500000
aleatoire;100;1;insertion_sort;1389885098;3192679997;0.000009500000
aleatoire;100;1;quick_sort_input_order;1389885098;3192679997;0.000012300000
aleatoire;100;1;merge_sort;1389885098;3192679997;0.000017100000
aleatoire;100;1;heap_sort;1389885098;3192679997;0.000012900000
aleatoire;100;2;selection_sort;3636619803;878310028;0.000027100000
aleatoire;100;2;bubble_sort;3636619803;878310028;0.000034100000
aleatoire;100;2;insertion_sort;3636619803;878310028;0.000010300000
aleatoire;100;2;quick_sort_input_order;3636619803;878310028;0.000012300000
aleatoire;100;2;merge_sort;3636619803;878310028;0.000014400000
aleatoire;100;2;heap_sort;3636619803;878310028;0.000013100000
aleatoire;100;3;selection_sort;1259932607;2810352424;0.000032200000
aleatoire;100;3;bubble_sort;1259932607;2810352424;0.000039500000
aleatoire;100;3;insertion_sort;1259932607;2810352424;0.000009600000
aleatoire;100;3;quick_sort_input_order;1259932607;2810352424;0.000012100000
aleatoire;100;3;merge_sort;1259932607;2810352424;0.000018400000
aleatoire;100;3;heap_sort;1259932607;2810352424;0.000013500000
aleatoire;100;4;selection_sort;3438924665;543312878;0.000027300000
aleatoire;100;4;bubble_sort;3438924665;543312878;0.000045200000
aleatoire;100;4;insertion_sort;3438924665;543312878;0.000009700000
aleatoire;100;4;quick_sort_input_order;3438924665;543312878;0.000012500000
aleatoire;100;4;merge_sort;3438924665;543312878;0.000018700000
aleatoire;100;4;heap_sort;3438924665;543312878;0.000013400000
aleatoire;100;5;selection_sort;2033815010;2510427509;0.000026400000
aleatoire;100;5;bubble_sort;2033815010;2510427509;0.000042000000
aleatoire;100;5;insertion_sort;2033815010;2510427509;0.000010000000
aleatoire;100;5;quick_sort_input_order;2033815010;2510427509;0.000012700000
aleatoire;100;5;merge_sort;2033815010;2510427509;0.000012700000
aleatoire;100;5;heap_sort;2033815010;2510427509;0.000012900000
aleatoire;100;6;selection_sort;3947827216;131369095;0.000027400000
aleatoire;100;6;bubble_sort;3947827216;131369095;0.000036300000
aleatoire;100;6;insertion_sort;3947827216;131369095;0.000010400000
aleatoire;100;6;quick_sort_input_order;3947827216;131369095;0.000012800000
aleatoire;100;6;merge_sort;3947827216;131369095;0.000014300000
aleatoire;100;6;heap_sort;3947827216;131369095;0.000013700000
aleatoire;100;7;selection_sort;1882415696;2628319943;0.000027200000
aleatoire;100;7;bubble_sort;1882415696;2628319943;0.000039700000
aleatoire;100;7;insertion_sort;1882415696;2628319943;0.000010900000
aleatoire;100;7;quick_sort_input_order;1882415696;2628319943;0.000012300000
aleatoire;100;7;merge_sort;1882415696;2628319943;0.000014200000
aleatoire;100;7;heap_sort;1882415696;2628319943;0.000014000000
aleatoire;100;8;selection_sort;3834552765;135608618;0.000026800000
aleatoire;100;8;bubble_sort;3834552765;135608618;0.000040400000
aleatoire;100;8;insertion_sort;3834552765;135608618;0.000008900000
aleatoire;100;8;quick_sort_input_order;3834552765;135608618;0.000012400000
aleatoire;100;8;merge_sort;3834552765;135608618;0.000013900000
aleatoire;100;8;heap_sort;3834552765;135608618;0.000013000000
aleatoire;100;9;selection_sort;2262995009;1786317014;0.000027300000
aleatoire;100;9;bubble_sort;2262995009;1786317014;0.000041400000
aleatoire;100;9;insertion_sort;2262995009;1786317014;0.000009400000
aleatoire;100;9;quick_sort_input_order;2262995009;1786317014;0.000012900000
aleatoire;100;9;merge_sort;2262995009;1786317014;0.000013600000
aleatoire;100;9;heap_sort;2262995009;1786317014;0.000013100000
aleatoire;100;10;selection_sort;2400066699;1670743068;0.000027300000
aleatoire;100;10;bubble_sort;2400066699;1670743068;0.000040100000
aleatoire;100;10;insertion_sort;2400066699;1670743068;0.000009900000
aleatoire;100;10;quick_sort_input_order;2400066699;1670743068;0.000011700000
aleatoire;100;10;merge_sort;2400066699;1670743068;0.000012900000
aleatoire;100;10;heap_sort;2400066699;1670743068;0.000012600000
aleatoire;100;11;selection_sort;2645708080;1898567079;0.000027200000
aleatoire;100;11;bubble_sort;2645708080;1898567079;0.000038600000
aleatoire;100;11;insertion_sort;2645708080;1898567079;0.000009900000
aleatoire;100;11;quick_sort_input_order;2645708080;1898567079;0.000012400000
aleatoire;100;11;merge_sort;2645708080;1898567079;0.000014400000
aleatoire;100;11;heap_sort;2645708080;1898567079;0.000012900000
aleatoire;100;12;selection_sort;2884872014;1198014425;0.000027600000
aleatoire;100;12;bubble_sort;2884872014;1198014425;0.000037300000
aleatoire;100;12;insertion_sort;2884872014;1198014425;0.000008800000
aleatoire;100;12;quick_sort_input_order;2884872014;1198014425;0.000011800000
aleatoire;100;12;merge_sort;2884872014;1198014425;0.000013400000
aleatoire;100;12;heap_sort;2884872014;1198014425;0.000013300000
aleatoire;100;13;selection_sort;2478518294;2132846721;0.000027300000
aleatoire;100;13;bubble_sort;2478518294;2132846721;0.000036400000
aleatoire;100;13;insertion_sort;2478518294;2132846721;0.000009700000
aleatoire;100;13;quick_sort_input_order;2478518294;2132846721;0.000011400000
aleatoire;100;13;merge_sort;2478518294;2132846721;0.000013500000
aleatoire;100;13;heap_sort;2478518294;2132846721;0.000012900000
aleatoire;100;14;selection_sort;2635842543;1904237432;0.000026800000
aleatoire;100;14;bubble_sort;2635842543;1904237432;0.000039600000
aleatoire;100;14;insertion_sort;2635842543;1904237432;0.000010000000
aleatoire;100;14;quick_sort_input_order;2635842543;1904237432;0.000012500000
aleatoire;100;14;merge_sort;2635842543;1904237432;0.000013800000
aleatoire;100;14;heap_sort;2635842543;1904237432;0.000013400000
aleatoire;100;15;selection_sort;2661035635;1913108196;0.000027300000
aleatoire;100;15;bubble_sort;2661035635;1913108196;0.000034100000
aleatoire;100;15;insertion_sort;2661035635;1913108196;0.000009100000
aleatoire;100;15;quick_sort_input_order;2661035635;1913108196;0.000012400000
aleatoire;100;15;merge_sort;2661035635;1913108196;0.000013100000
aleatoire;100;15;heap_sort;2661035635;1913108196;0.000012400000
aleatoire;100;16;selection_sort;3027289141;1491819682;0.000025900000
aleatoire;100;16;bubble_sort;3027289141;1491819682;0.000033100000
aleatoire;100;16;insertion_sort;3027289141;1491819682;0.000009600000
aleatoire;100;16;quick_sort_input_order;3027289141;1491819682;0.000012400000
aleatoire;100;16;merge_sort;3027289141;1491819682;0.000013800000
aleatoire;100;16;heap_sort;3027289141;1491819682;0.000013800000
aleatoire;100;17;selection_sort;2305151702;1711163969;0.000026200000
aleatoire;100;17;bubble_sort;2305151702;1711163969;0.000039300000
aleatoire;100;17;insertion_sort;2305151702;1711163969;0.000011200000
aleatoire;100;17;quick_sort_input_order;2305151702;1711163969;0.000012500000
aleatoire;100;17;merge_sort;2305151702;1711163969;0.000014600000
aleatoire;100;17;heap_sort;2305151702;1711163969;0.000014300000
aleatoire;100;18;selection_sort;1890101228;2620604283;0.000027200000
aleatoire;100;18;bubble_sort;1890101228;2620604283;0.000036200000
aleatoire;100;18;insertion_sort;1890101228;2620604283;0.000009700000
aleatoire;100;18;quick_sort_input_order;1890101228;2620604283;0.000013100000
aleatoire;100;18;merge_sort;1890101228;2620604283;0.000014000000
aleatoire;100;18;heap_sort;1890101228;2620604283;0.000013600000
aleatoire;100;19;selection_sort;3661056597;917295810;0.000027400000
aleatoire;100;19;bubble_sort;3661056597;917295810;0.000037000000
aleatoire;100;19;insertion_sort;3661056597;917295810;0.000011800000
aleatoire;100;19;quick_sort_input_order;3661056597;917295810;0.000012800000
aleatoire;100;19;merge_sort;3661056597;917295810;0.000014200000
aleatoire;100;19;heap_sort;3661056597;917295810;0.000013700000
aleatoire;100;20;selection_sort;1668398681;2414487246;0.000035700000
aleatoire;100;20;bubble_sort;1668398681;2414487246;0.000036700000
aleatoire;100;20;insertion_sort;1668398681;2414487246;0.000009000000
aleatoire;100;20;quick_sort_input_order;1668398681;2414487246;0.000012700000
aleatoire;100;20;merge_sort;1668398681;2414487246;0.000014600000
aleatoire;100;20;heap_sort;1668398681;2414487246;0.000014000000
aleatoire;500;1;selection_sort;740304615;3233529456;0.000671600000
aleatoire;500;1;bubble_sort;740304615;3233529456;0.000888100000
aleatoire;500;1;insertion_sort;740304615;3233529456;0.000214700000
aleatoire;500;1;quick_sort_input_order;740304615;3233529456;0.000079100000
aleatoire;500;1;merge_sort;740304615;3233529456;0.000088700000
aleatoire;500;1;heap_sort;740304615;3233529456;0.000091700000
aleatoire;500;2;selection_sort;2788538966;1252926145;0.000655000000
aleatoire;500;2;bubble_sort;2788538966;1252926145;0.000432400000
aleatoire;500;2;insertion_sort;2788538966;1252926145;0.000136500000
aleatoire;500;2;quick_sort_input_order;2788538966;1252926145;0.000060000000
aleatoire;500;2;merge_sort;2788538966;1252926145;0.000063700000
aleatoire;500;2;heap_sort;2788538966;1252926145;0.000067500000
aleatoire;500;3;selection_sort;904846322;3648340837;0.000651600000
aleatoire;500;3;bubble_sort;904846322;3648340837;0.000436100000
aleatoire;500;3;insertion_sort;904846322;3648340837;0.000139700000
aleatoire;500;3;quick_sort_input_order;904846322;3648340837;0.000060300000
aleatoire;500;3;merge_sort;904846322;3648340837;0.000062800000
aleatoire;500;3;heap_sort;904846322;3648340837;0.000069400000
aleatoire;500;4;selection_sort;2987262772;1586863011;0.000655600000
aleatoire;500;4;bubble_sort;2987262772;1586863011;0.000656600000
aleatoire;500;4;insertion_sort;2987262772;1586863011;0.000147900000
aleatoire;500;4;quick_sort_input_order;2987262772;1586863011;0.000062400000
aleatoire;500;4;merge_sort;2987262772;1586863011;0.000063900000
aleatoire;500;4;heap_sort;2987262772;1586863011;0.000066500000
aleatoire;500;5;selection_sort;130964911;3948266808;0.000870500000
aleatoire;500;5;bubble_sort;130964911;3948266808;0.000923700000
aleatoire;500;5;insertion_sort;130964911;3948266808;0.000202000000
aleatoire;500;5;quick_sort_input_order;130964911;3948266808;0.000077900000
aleatoire;500;5;merge_sort;130964911;3948266808;0.000084100000
aleatoire;500;5;heap_sort;130964911;3948266808;0.000088100000
aleatoire;500;6;selection_sort;2511913053;2032359626;0.000685900000
aleatoire;500;6;bubble_sort;2511913053;2032359626;0.000634400000
aleatoire;500;6;insertion_sort;2511913053;2032359626;0.000191200000
aleatoire;500;6;quick_sort_input_order;2511913053;2032359626;0.000076800000
aleatoire;500;6;merge_sort;2511913053;2032359626;0.000085900000
aleatoire;500;6;heap_sort;2511913053;2032359626;0.000086000000
aleatoire;500;7;selection_sort;247771677;3797887626;0.000684700000
aleatoire;500;7;bubble_sort;247771677;3797887626;0.000609200000
aleatoire;500;7;insertion_sort;247771677;3797887626;0.000203000000
aleatoire;500;7;quick_sort_input_order;247771677;3797887626;0.000074000000
aleatoire;500;7;merge_sort;247771677;3797887626;0.000081700000
aleatoire;500;7;heap_sort;247771677;3797887626;0.000086800000
aleatoire;500;8;selection_sort;2591650288;1994582375;0.000758500000
aleatoire;500;8;bubble_sort;2591650288;1994582375;0.000438700000
aleatoire;500;8;insertion_sort;2591650288;1994582375;0.000135900000
aleatoire;500;8;quick_sort_input_order;2591650288;1994582375;0.000068000000
aleatoire;500;8;merge_sort;2591650288;1994582375;0.000063400000
aleatoire;500;8;heap_sort;2591650288;1994582375;0.000066600000
aleatoire;500;9;selection_sort;4162142220;344905883;0.000653400000
aleatoire;500;9;bubble_sort;4162142220;344905883;0.000434800000
aleatoire;500;9;insertion_sort;4162142220;344905883;0.000182800000
aleatoire;500;9;quick_sort_input_order;4162142220;344905883;0.000076300000
aleatoire;500;9;merge_sort;4162142220;344905883;0.000087000000
aleatoire;500;9;heap_sort;4162142220;344905883;0.000085300000
aleatoire;500;10;selection_sort;4059679942;492983377;0.000674400000
aleatoire;500;10;bubble_sort;4059679942;492983377;0.001179400000
aleatoire;500;10;insertion_sort;4059679942;492983377;0.000193200000
aleatoire;500;10;quick_sort_input_order;4059679942;492983377;0.000082100000
aleatoire;500;10;merge_sort;4059679942;492983377;0.000087300000
aleatoire;500;10;heap_sort;4059679942;492983377;0.000084200000
aleatoire;500;11;selection_sort;3812990333;266208746;0.000728000000
aleatoire;500;11;bubble_sort;3812990333;266208746;0.000449500000
aleatoire;500;11;insertion_sort;3812990333;266208746;0.000184100000
aleatoire;500;11;quick_sort_input_order;3812990333;266208746;0.000075200000
aleatoire;500;11;merge_sort;3812990333;266208746;0.000079300000
aleatoire;500;11;heap_sort;3812990333;266208746;0.000083200000
aleatoire;500;12;selection_sort;3573839619;966782868;0.000731300000
aleatoire;500;12;bubble_sort;3573839619;966782868;0.000605700000
aleatoire;500;12;insertion_sort;3573839619;966782868;0.000139100000
aleatoire;500;12;quick_sort_input_order;3573839619;966782868;0.000061600000
aleatoire;500;12;merge_sort;3573839619;966782868;0.000064000000
aleatoire;500;12;heap_sort;3573839619;966782868;0.000065300000
aleatoire;500;13;selection_sort;3981238363;30898380;0.000740300000
aleatoire;500;13;bubble_sort;3981238363;30898380;0.000517300000
aleatoire;500;13;insertion_sort;3981238363;30898380;0.000133900000
aleatoire;500;13;quick_sort_input_order;3981238363;30898380;0.000062500000
aleatoire;500;13;merge_sort;3981238363;30898380;0.000062400000
aleatoire;500;13;heap_sort;3981238363;30898380;0.000067000000
aleatoire;500;14;selection_sort;3823899554;259492661;0.000656400000
aleatoire;500;14;bubble_sort;3823899554;259492661;0.000431500000
aleatoire;500;14;insertion_sort;3823899554;259492661;0.000131700000
aleatoire;500;14;quick_sort_input_order;3823899554;259492661;0.000061100000
aleatoire;500;14;merge_sort;3823899554;259492661;0.000062300000
aleatoire;500;14;heap_sort;3823899554;259492661;0.000071200000
aleatoire;500;15;selection_sort;3765173822;217081513;0.000653300000
aleatoire;500;15;bubble_sort;3765173822;217081513;0.000433600000
aleatoire;500;15;insertion_sort;3765173822;217081513;0.000139400000
aleatoire;500;15;quick_sort_input_order;3765173822;217081513;0.000060100000
aleatoire;500;15;merge_sort;3765173822;217081513;0.000062100000
aleatoire;500;15;heap_sort;3765173822;217081513;0.000065500000
aleatoire;500;16;selection_sort;3397850232;639405295;0.000665000000
aleatoire;500;16;bubble_sort;3397850232;639405295;0.000423400000
aleatoire;500;16;insertion_sort;3397850232;639405295;0.000126200000
aleatoire;500;16;quick_sort_input_order;3397850232;639405295;0.000058900000
aleatoire;500;16;merge_sort;3397850232;639405295;0.000067300000
aleatoire;500;16;heap_sort;3397850232;639405295;0.000065800000
aleatoire;500;17;selection_sort;4153541275;453614092;0.000649400000
aleatoire;500;17;bubble_sort;4153541275;453614092;0.000430000000
aleatoire;500;17;insertion_sort;4153541275;453614092;0.000130700000
aleatoire;500;17;quick_sort_input_order;4153541275;453614092;0.000059700000
aleatoire;500;17;merge_sort;4153541275;453614092;0.000063900000
aleatoire;500;17;heap_sort;4153541275;453614092;0.000067400000
aleatoire;500;18;selection_sort;241137569;3804557110;0.000658200000
aleatoire;500;18;bubble_sort;241137569;3804557110;0.000429200000
aleatoire;500;18;insertion_sort;241137569;3804557110;0.000134800000
aleatoire;500;18;quick_sort_input_order;241137569;3804557110;0.000064400000
aleatoire;500;18;merge_sort;241137569;3804557110;0.000097600000
aleatoire;500;18;heap_sort;241137569;3804557110;0.000066500000
aleatoire;500;19;selection_sort;2764085784;1213923983;0.000650900000
aleatoire;500;19;bubble_sort;2764085784;1213923983;0.000429900000
aleatoire;500;19;insertion_sort;2764085784;1213923983;0.000133800000
aleatoire;500;19;quick_sort_input_order;2764085784;1213923983;0.000061300000
aleatoire;500;19;merge_sort;2764085784;1213923983;0.000062300000
aleatoire;500;19;heap_sort;2764085784;1213923983;0.000065700000
aleatoire;500;20;selection_sort;495349268;4045272707;0.000660900000
aleatoire;500;20;bubble_sort;495349268;4045272707;0.000433500000
aleatoire;500;20;insertion_sort;495349268;4045272707;0.000134100000
aleatoire;500;20;quick_sort_input_order;495349268;4045272707;0.000060300000
aleatoire;500;20;merge_sort;495349268;4045272707;0.000062600000
aleatoire;500;20;heap_sort;495349268;4045272707;0.000067300000
aleatoire;1000;1;selection_sort;900522935;3644291872;0.002729600000
aleatoire;1000;1;bubble_sort;900522935;3644291872;0.003814700000
aleatoire;1000;1;insertion_sort;900522935;3644291872;0.000560500000
aleatoire;1000;1;quick_sort_input_order;900522935;3644291872;0.000136000000
aleatoire;1000;1;merge_sort;900522935;3644291872;0.000136300000
aleatoire;1000;1;heap_sort;900522935;3644291872;0.000145100000
aleatoire;1000;2;selection_sort;3216604934;1394796433;0.002670400000
aleatoire;1000;2;bubble_sort;3216604934;1394796433;0.001567400000
aleatoire;1000;2;insertion_sort;3216604934;1394796433;0.000536000000
aleatoire;1000;2;quick_sort_input_order;3216604934;1394796433;0.000129100000
aleatoire;1000;2;merge_sort;3216604934;1394796433;0.000140800000
aleatoire;1000;2;heap_sort;3216604934;1394796433;0.000189500000
aleatoire;1000;3;selection_sort;744627874;3237578293;0.002680000000
aleatoire;1000;3;bubble_sort;744627874;3237578293;0.001527100000
aleatoire;1000;3;insertion_sort;744627874;3237578293;0.000509800000
aleatoire;1000;3;quick_sort_input_order;744627874;3237578293;0.000132600000
aleatoire;1000;3;merge_sort;744627874;3237578293;0.000136100000
aleatoire;1000;3;heap_sort;744627874;3237578293;0.000146100000
aleatoire;1000;4;selection_sort;2877474404;1192845043;0.002635700000
aleatoire;1000;4;bubble_sort;2877474404;1192845043;0.001508100000
aleatoire;1000;4;insertion_sort;2877474404;1192845043;0.000536600000
aleatoire;1000;4;quick_sort_input_order;2877474404;1192845043;0.000129500000
aleatoire;1000;4;merge_sort;2877474404;1192845043;0.000136400000
aleatoire;1000;4;heap_sort;2877474404;1192845043;0.000145400000
aleatoire;1000;5;selection_sort;507681023;4074307688;0.002625800000
aleatoire;1000;5;bubble_sort;507681023;4074307688;0.001896400000
aleatoire;1000;5;insertion_sort;507681023;4074307688;0.000515500000
aleatoire;1000;5;quick_sort_input_order;507681023;4074307688;0.000139100000
aleatoire;1000;5;merge_sort;507681023;4074307688;0.000136400000
aleatoire;1000;5;heap_sort;507681023;4074307688;0.000145400000
aleatoire;1000;6;selection_sort;2352219405;1622121882;0.002673600000
aleatoire;1000;6;bubble_sort;2352219405;1622121882;0.001691100000
aleatoire;1000;6;insertion_sort;2352219405;1622121882;0.000702700000
aleatoire;1000;6;quick_sort_input_order;2352219405;1622121882;0.000171000000
aleatoire;1000;6;merge_sort;2352219405;1622121882;0.000144300000
aleatoire;1000;6;heap_sort;2352219405;1622121882;0.000189600000
aleatoire;1000;7;selection_sort;390625101;4224970714;0.002788200000
aleatoire;1000;7;bubble_sort;390625101;4224970714;0.001552500000
aleatoire;1000;7;insertion_sort;390625101;4224970714;0.000505000000
aleatoire;1000;7;quick_sort_input_order;390625101;4224970714;0.000133000000
aleatoire;1000;7;merge_sort;390625101;4224970714;0.000134000000
aleatoire;1000;7;heap_sort;390625101;4224970714;0.000146100000
aleatoire;1000;8;selection_sort;2213917856;1869491255;0.002750600000
aleatoire;1000;8;bubble_sort;2213917856;1869491255;0.001560800000
aleatoire;1000;8;insertion_sort;2213917856;1869491255;0.000531500000
aleatoire;1000;8;quick_sort_input_order;2213917856;1869491255;0.000131100000
aleatoire;1000;8;merge_sort;2213917856;1869491255;0.000134500000
aleatoire;1000;8;heap_sort;2213917856;1869491255;0.000144600000
aleatoire;1000;9;selection_sort;3784934748;218242507;0.002828300000
aleatoire;1000;9;bubble_sort;3784934748;218242507;0.003046000000
aleatoire;1000;9;insertion_sort;3784934748;218242507;0.000525400000
aleatoire;1000;9;quick_sort_input_order;3784934748;218242507;0.000131900000
aleatoire;1000;9;merge_sort;3784934748;218242507;0.000135900000
aleatoire;1000;9;heap_sort;3784934748;218242507;0.000144600000
aleatoire;1000;10;selection_sort;3899984278;82743553;0.002636800000
aleatoire;1000;10;bubble_sort;3899984278;82743553;0.001512800000
aleatoire;1000;10;insertion_sort;3899984278;82743553;0.000528100000
aleatoire;1000;10;quick_sort_input_order;3899984278;82743553;0.000176600000
aleatoire;1000;10;merge_sort;3899984278;82743553;0.000134400000
aleatoire;1000;10;heap_sort;3899984278;82743553;0.000145400000
aleatoire;1000;11;selection_sort;4207499309;374522042;0.002670400000
aleatoire;1000;11;bubble_sort;4207499309;374522042;0.001525600000
aleatoire;1000;11;insertion_sort;4207499309;374522042;0.000515500000
aleatoire;1000;11;quick_sort_input_order;4207499309;374522042;0.000130800000
aleatoire;1000;11;merge_sort;4207499309;374522042;0.000134700000
aleatoire;1000;11;heap_sort;4207499309;374522042;0.000145800000
aleatoire;1000;12;selection_sort;3431510611;538127044;0.002720400000
aleatoire;1000;12;bubble_sort;3431510611;538127044;0.002693700000
aleatoire;1000;12;insertion_sort;3431510611;538127044;0.000544600000
aleatoire;1000;12;quick_sort_input_order;3431510611;538127044;0.000236200000
aleatoire;1000;12;merge_sort;3431510611;538127044;0.000213800000
aleatoire;1000;12;heap_sort;3431510611;538127044;0.000187700000
aleatoire;1000;13;selection_sort;4106233099;408665500;0.002785200000
aleatoire;1000;13;bubble_sort;4106233099;408665500;0.001889500000
aleatoire;1000;13;insertion_sort;4106233099;408665500;0.000533300000
aleatoire;1000;13;quick_sort_input_order;4106233099;408665500;0.000137800000
aleatoire;1000;13;merge_sort;4106233099;408665500;0.000138100000
aleatoire;1000;13;heap_sort;4106233099;408665500;0.000149700000
aleatoire;1000;14;selection_sort;4200650482;385568357;0.002629900000
aleatoire;1000;14;bubble_sort;4200650482;385568357;0.001921400000
aleatoire;1000;14;insertion_sort;4200650482;385568357;0.000612100000
aleatoire;1000;14;quick_sort_input_order;4200650482;385568357;0.000131100000
aleatoire;1000;14;merge_sort;4200650482;385568357;0.000135500000
aleatoire;1000;14;heap_sort;4200650482;385568357;0.000146600000
aleatoire;1000;15;selection_sort;4192680814;360489977;0.002732500000
aleatoire;1000;15;bubble_sort;4192680814;360489977;0.001554200000
aleatoire;1000;15;insertion_sort;4192680814;360489977;0.000517000000
aleatoire;1000;15;quick_sort_input_order;4192680814;360489977;0.000130900000
aleatoire;1000;15;merge_sort;4192680814;360489977;0.000136600000
aleatoire;1000;15;heap_sort;4192680814;360489977;0.000145000000
aleatoire;1000;16;selection_sort;3540767016;1066420671;0.002677400000
aleatoire;1000;16;bubble_sort;3540767016;1066420671;0.001522700000
aleatoire;1000;16;insertion_sort;3540767016;1066420671;0.000539500000
aleatoire;1000;16;quick_sort_input_order;3540767016;1066420671;0.000127500000
aleatoire;1000;16;merge_sort;3540767016;1066420671;0.000135100000
aleatoire;1000;16;heap_sort;3540767016;1066420671;0.000146600000
aleatoire;1000;17;selection_sort;3994994635;42295132;0.002688600000
aleatoire;1000;17;bubble_sort;3994994635;42295132;0.001507900000
aleatoire;1000;17;insertion_sort;3994994635;42295132;0.000521900000
aleatoire;1000;17;quick_sort_input_order;3994994635;42295132;0.000130400000
aleatoire;1000;17;merge_sort;3994994635;42295132;0.000175500000
aleatoire;1000;17;heap_sort;3994994635;42295132;0.000194100000
aleatoire;1000;18;selection_sort;399749873;4215810662;0.002862800000
aleatoire;1000;18;bubble_sort;399749873;4215810662;0.001641100000
aleatoire;1000;18;insertion_sort;399749873;4215810662;0.000525100000
aleatoire;1000;18;quick_sort_input_order;399749873;4215810662;0.000133300000
aleatoire;1000;18;merge_sort;399749873;4215810662;0.000136500000
aleatoire;1000;18;heap_sort;399749873;4215810662;0.000144500000
aleatoire;1000;19;selection_sort;3175898952;1373095903;0.004038400000
aleatoire;1000;19;bubble_sort;3175898952;1373095903;0.009461000000
aleatoire;1000;19;insertion_sort;3175898952;1373095903;0.000948900000
aleatoire;1000;19;quick_sort_input_order;3175898952;1373095903;0.000387600000
aleatoire;1000;19;merge_sort;3175898952;1373095903;0.000355500000
aleatoire;1000;19;heap_sort;3175898952;1373095903;0.000375500000
aleatoire;1000;20;selection_sort;67808068;3901830099;0.005442700000
aleatoire;1000;20;bubble_sort;67808068;3901830099;0.003342600000
aleatoire;1000;20;insertion_sort;67808068;3901830099;0.000547700000
aleatoire;1000;20;quick_sort_input_order;67808068;3901830099;0.000132400000
aleatoire;1000;20;merge_sort;67808068;3901830099;0.000136800000
aleatoire;1000;20;heap_sort;67808068;3901830099;0.000154500000
aleatoire;5000;1;selection_sort;3767649558;202005889;0.067994500000
aleatoire;5000;1;bubble_sort;3767649558;202005889;0.052932500000
aleatoire;5000;1;insertion_sort;3767649558;202005889;0.013779100000
aleatoire;5000;1;quick_sort_input_order;3767649558;202005889;0.000767500000
aleatoire;5000;1;merge_sort;3767649558;202005889;0.000839200000
aleatoire;5000;1;heap_sort;3767649558;202005889;0.000878900000
aleatoire;5000;2;selection_sort;1787058599;2250228016;0.068539300000
aleatoire;5000;2;bubble_sort;1787058599;2250228016;0.074520900000
aleatoire;5000;2;insertion_sort;1787058599;2250228016;0.020570200000
aleatoire;5000;2;quick_sort_input_order;1787058599;2250228016;0.000775900000
aleatoire;5000;2;merge_sort;1787058599;2250228016;0.000817600000
aleatoire;5000;2;heap_sort;1787058599;2250228016;0.000860300000
aleatoire;5000;3;selection_sort;4183767043;365207700;0.070896300000
aleatoire;5000;3;bubble_sort;4183767043;365207700;0.056843800000
aleatoire;5000;3;insertion_sort;4183767043;365207700;0.019393300000
aleatoire;5000;3;quick_sort_input_order;4183767043;365207700;0.001016600000
aleatoire;5000;3;merge_sort;4183767043;365207700;0.001164300000
aleatoire;5000;3;heap_sort;4183767043;365207700;0.001220000000
aleatoire;5000;4;selection_sort;2126504133;2451863634;0.068348800000
aleatoire;5000;4;bubble_sort;2126504133;2451863634;0.055060100000
aleatoire;5000;4;insertion_sort;2126504133;2451863634;0.013210900000
aleatoire;5000;4;quick_sort_input_order;2126504133;2451863634;0.000783200000
aleatoire;5000;4;merge_sort;2126504133;2451863634;0.000789800000
aleatoire;5000;4;heap_sort;2126504133;2451863634;0.000876100000
aleatoire;5000;5;selection_sort;3414146654;669263561;0.068009700000
aleatoire;5000;5;bubble_sort;3414146654;669263561;0.080802700000
aleatoire;5000;5;insertion_sort;3414146654;669263561;0.015395700000
aleatoire;5000;5;quick_sort_input_order;3414146654;669263561;0.001000300000
aleatoire;5000;5;merge_sort;3414146654;669263561;0.000826500000
aleatoire;5000;5;heap_sort;3414146654;669263561;0.000877700000
aleatoire;5000;6;selection_sort;1493771180;3046292283;0.076861300000
aleatoire;5000;6;bubble_sort;1493771180;3046292283;0.082388700000
aleatoire;5000;6;insertion_sort;1493771180;3046292283;0.017607000000
aleatoire;5000;6;quick_sort_input_order;1493771180;3046292283;0.001077000000
aleatoire;5000;6;merge_sort;1493771180;3046292283;0.000725400000
aleatoire;5000;6;heap_sort;1493771180;3046292283;0.000980400000
aleatoire;5000;7;selection_sort;3262468588;787401083;0.069452200000
aleatoire;5000;7;bubble_sort;3262468588;787401083;0.231876300000
aleatoire;5000;7;insertion_sort;3262468588;787401083;0.026288200000
aleatoire;5000;7;quick_sort_input_order;3262468588;787401083;0.001145700000
aleatoire;5000;7;merge_sort;3262468588;787401083;0.001148600000
aleatoire;5000;7;heap_sort;3262468588;787401083;0.002135000000
aleatoire;5000;8;selection_sort;1455985153;3126004374;0.098331800000
aleatoire;5000;8;bubble_sort;1455985153;3126004374;0.155334900000
aleatoire;5000;8;insertion_sort;1455985153;3126004374;0.023717000000
aleatoire;5000;8;quick_sort_input_order;1455985153;3126004374;0.001197700000
aleatoire;5000;8;merge_sort;1455985153;3126004374;0.001300600000
aleatoire;5000;8;heap_sort;1455985153;3126004374;0.001320400000
aleatoire;5000;9;selection_sort;883205117;3628022634;0.089689500000
aleatoire;5000;9;bubble_sort;883205117;3628022634;0.129527700000
aleatoire;5000;9;insertion_sort;883205117;3628022634;0.032050400000
aleatoire;5000;9;quick_sort_input_order;883205117;3628022634;0.000640900000
aleatoire;5000;9;merge_sort;883205117;3628022634;0.000688900000
aleatoire;5000;9;heap_sort;883205117;3628022634;0.000754600000
aleatoire;5000;10;selection_sort;1028140855;3520313248;0.098041600000
aleatoire;5000;10;bubble_sort;1028140855;3520313248;0.128481200000
aleatoire;5000;10;insertion_sort;1028140855;3520313248;0.029372500000
aleatoire;5000;10;quick_sort_input_order;1028140855;3520313248;0.001055100000
aleatoire;5000;10;merge_sort;1028140855;3520313248;0.001233100000
aleatoire;5000;10;heap_sort;1028140855;3520313248;0.001416300000
aleatoire;5000;11;selection_sort;804552332;3278890523;0.088030200000
aleatoire;5000;11;bubble_sort;804552332;3278890523;0.083728100000
aleatoire;5000;11;insertion_sort;804552332;3278890523;0.018420200000
aleatoire;5000;11;quick_sort_input_order;804552332;3278890523;0.000998800000
aleatoire;5000;11;merge_sort;804552332;3278890523;0.000969300000
aleatoire;5000;11;heap_sort;804552332;3278890523;0.001131500000
aleatoire;5000;12;selection_sort;431330546;4113435749;0.063138000000
aleatoire;5000;12;bubble_sort;431330546;4113435749;0.092625900000
aleatoire;5000;12;insertion_sort;431330546;4113435749;0.016733500000
aleatoire;5000;12;quick_sort_input_order;431330546;4113435749;0.000694700000
aleatoire;5000;12;merge_sort;431330546;4113435749;0.000735100000
aleatoire;5000;12;heap_sort;431330546;4113435749;0.000882800000
aleatoire;5000;13;selection_sort;570229674;3446053693;0.060450300000
aleatoire;5000;13;bubble_sort;570229674;3446053693;0.096774700000
aleatoire;5000;13;insertion_sort;570229674;3446053693;0.024088200000
aleatoire;5000;13;quick_sort_input_order;570229674;3446053693;0.001029500000
aleatoire;5000;13;merge_sort;570229674;3446053693;0.002911000000
aleatoire;5000;13;heap_sort;570229674;3446053693;0.000874900000
aleatoire;5000;14;selection_sort;794685523;3284560068;0.104987100000
aleatoire;5000;14;bubble_sort;794685523;3284560068;0.073245600000
aleatoire;5000;14;insertion_sort;794685523;3284560068;0.018797700000
aleatoire;5000;14;quick_sort_input_order;794685523;3284560068;0.000772600000
aleatoire;5000;14;merge_sort;794685523;3284560068;0.001172100000
aleatoire;5000;14;heap_sort;794685523;3284560068;0.001182900000
aleatoire;5000;15;selection_sort;752491983;3225519448;0.064872000000
aleatoire;5000;15;bubble_sort;752491983;3225519448;0.068721900000
aleatoire;5000;15;insertion_sort;752491983;3225519448;0.019880700000
aleatoire;5000;15;quick_sort_input_order;752491983;3225519448;0.000978800000
aleatoire;5000;15;merge_sort;752491983;3225519448;0.001062000000
aleatoire;5000;15;heap_sort;752491983;3225519448;0.001185500000
aleatoire;5000;16;selection_sort;104265609;3937234718;0.080654700000
aleatoire;5000;16;bubble_sort;104265609;3937234718;0.063738000000
aleatoire;5000;16;insertion_sort;104265609;3937234718;0.014506000000
aleatoire;5000;16;quick_sort_input_order;104265609;3937234718;0.000681000000
aleatoire;5000;16;merge_sort;104265609;3937234718;0.001131900000
aleatoire;5000;16;heap_sort;104265609;3937234718;0.001112300000
aleatoire;5000;17;selection_sort;992207210;3619191293;0.076708500000
aleatoire;5000;17;bubble_sort;992207210;3619191293;0.090700700000
aleatoire;5000;17;insertion_sort;992207210;3619191293;0.020606300000
aleatoire;5000;17;quick_sort_input_order;992207210;3619191293;0.001118000000
aleatoire;5000;17;merge_sort;992207210;3619191293;0.000875600000
aleatoire;5000;17;heap_sort;992207210;3619191293;0.001376600000
aleatoire;5000;18;selection_sort;3270415440;779422919;0.070360700000
aleatoire;5000;18;bubble_sort;3270415440;779422919;0.059647900000
aleatoire;5000;18;insertion_sort;3270415440;779422919;0.014029800000
aleatoire;5000;18;quick_sort_input_order;3270415440;779422919;0.000765400000
aleatoire;5000;18;merge_sort;3270415440;779422919;0.000794600000
aleatoire;5000;18;heap_sort;3270415440;779422919;0.000865800000
aleatoire;5000;19;selection_sort;1752267241;2229985662;0.071985600000
aleatoire;5000;19;bubble_sort;1752267241;2229985662;0.056541500000
aleatoire;5000;19;insertion_sort;1752267241;2229985662;0.014784800000
aleatoire;5000;19;quick_sort_input_order;1752267241;2229985662;0.000773500000
aleatoire;5000;19;merge_sort;1752267241;2229985662;0.000787100000
aleatoire;5000;19;heap_sort;1752267241;2229985662;0.000905900000
aleatoire;5000;20;selection_sort;3510078949;1034687858;0.074185400000
aleatoire;5000;20;bubble_sort;3510078949;1034687858;0.055748500000
aleatoire;5000;20;insertion_sort;3510078949;1034687858;0.013726000000
aleatoire;5000;20;quick_sort_input_order;3510078949;1034687858;0.000768300000
aleatoire;5000;20;merge_sort;3510078949;1034687858;0.000782300000
aleatoire;5000;20;heap_sort;3510078949;1034687858;0.000868500000
aleatoire;10000;1;selection_sort;2900337749;1078213826;0.274897000000
aleatoire;10000;1;bubble_sort;2900337749;1078213826;0.366402600000
aleatoire;10000;1;insertion_sort;2900337749;1078213826;0.059456600000
aleatoire;10000;1;quick_sort_input_order;2900337749;1078213826;0.001785000000
aleatoire;10000;1;merge_sort;2900337749;1078213826;0.001745800000
aleatoire;10000;1;heap_sort;2900337749;1078213826;0.001865200000
aleatoire;10000;2;selection_sort;650787044;3394347123;0.272690500000
aleatoire;10000;2;bubble_sort;650787044;3394347123;0.301608700000
aleatoire;10000;2;insertion_sort;650787044;3394347123;0.053148500000
aleatoire;10000;2;quick_sort_input_order;650787044;3394347123;0.001590900000
aleatoire;10000;2;merge_sort;650787044;3394347123;0.001670500000
aleatoire;10000;2;heap_sort;650787044;3394347123;0.002017900000
aleatoire;10000;3;selection_sort;3037813056;1502265815;0.273061200000
aleatoire;10000;3;bubble_sort;3037813056;1502265815;0.299627500000
aleatoire;10000;3;insertion_sort;3037813056;1502265815;0.053363800000
aleatoire;10000;3;quick_sort_input_order;3037813056;1502265815;0.001658600000
aleatoire;10000;3;merge_sort;3037813056;1502265815;0.001659800000
aleatoire;10000;3;heap_sort;3037813056;1502265815;0.001966400000
aleatoire;10000;4;selection_sort;854688134;3731495185;0.273396600000
aleatoire;10000;4;bubble_sort;854688134;3731495185;0.515381100000
aleatoire;10000;4;insertion_sort;854688134;3731495185;0.063186500000
aleatoire;10000;4;quick_sort_input_order;854688134;3731495185;0.002163000000
aleatoire;10000;4;merge_sort;854688134;3731495185;0.002372700000
aleatoire;10000;4;heap_sort;854688134;3731495185;0.002668100000
aleatoire;10000;5;selection_sort;2268192541;1806321546;0.290917800000
aleatoire;10000;5;bubble_sort;2268192541;1806321546;0.362911900000
aleatoire;10000;5;insertion_sort;2268192541;1806321546;0.081381900000
aleatoire;10000;5;quick_sort_input_order;2268192541;1806321546;0.001812300000
aleatoire;10000;5;merge_sort;2268192541;1806321546;0.002622600000
aleatoire;10000;5;heap_sort;2268192541;1806321546;0.002632600000
aleatoire;10000;6;selection_sort;356991727;4192000632;0.295061100000
aleatoire;10000;6;bubble_sort;356991727;4192000632;0.359660100000
aleatoire;10000;6;insertion_sort;356991727;4192000632;0.052846400000
aleatoire;10000;6;quick_sort_input_order;356991727;4192000632;0.001625100000
aleatoire;10000;6;merge_sort;356991727;4192000632;0.001663700000
aleatoire;10000;6;heap_sort;356991727;4192000632;0.001978400000
aleatoire;10000;7;selection_sort;2386243759;1654695992;0.272116500000
aleatoire;10000;7;bubble_sort;2386243759;1654695992;0.351294600000
aleatoire;10000;7;insertion_sort;2386243759;1654695992;0.069068800000
aleatoire;10000;7;quick_sort_input_order;2386243759;1654695992;0.002168800000
aleatoire;10000;7;merge_sort;2386243759;1654695992;0.002285600000
aleatoire;10000;7;heap_sort;2386243759;1654695992;0.003301500000
aleatoire;10000;8;selection_sort;445051714;4129123285;0.289512100000
aleatoire;10000;8;bubble_sort;445051714;4129123285;0.364051800000
aleatoire;10000;8;insertion_sort;445051714;4129123285;0.062155200000
aleatoire;10000;8;quick_sort_input_order;445051714;4129123285;0.001581000000
aleatoire;10000;8;merge_sort;445051714;4129123285;0.001668300000
aleatoire;10000;8;heap_sort;445051714;4129123285;0.001891600000
aleatoire;10000;9;selection_sort;2028651198;2490456617;0.273200400000
aleatoire;10000;9;bubble_sort;2028651198;2490456617;0.327419400000
aleatoire;10000;9;insertion_sort;2028651198;2490456617;0.060184300000
aleatoire;10000;9;quick_sort_input_order;2028651198;2490456617;0.001783900000
aleatoire;10000;9;merge_sort;2028651198;2490456617;0.002327300000
aleatoire;10000;9;heap_sort;2028651198;2490456617;0.002776300000
aleatoire;10000;10;selection_sort;1896238708;2644367075;0.281045600000
aleatoire;10000;10;bubble_sort;1896238708;2644367075;0.298689100000
aleatoire;10000;10;insertion_sort;1896238708;2644367075;0.053211700000
aleatoire;10000;10;quick_sort_input_order;1896238708;2644367075;0.001619100000
aleatoire;10000;10;merge_sort;1896238708;2644367075;0.001807700000
aleatoire;10000;10;heap_sort;1896238708;2644367075;0.001878100000
aleatoire;10000;11;selection_sort;1673142223;2401339224;0.273747500000
aleatoire;10000;11;bubble_sort;1673142223;2401339224;0.297710600000
aleatoire;10000;11;insertion_sort;1673142223;2401339224;0.053421100000
aleatoire;10000;11;quick_sort_input_order;1673142223;2401339224;0.001636200000
aleatoire;10000;11;merge_sort;1673142223;2401339224;0.001671300000
aleatoire;10000;11;heap_sort;1673142223;2401339224;0.001868100000
aleatoire;10000;12;selection_sort;1442575793;3110104358;0.382829900000
aleatoire;10000;12;bubble_sort;1442575793;3110104358;0.400672500000
aleatoire;10000;12;insertion_sort;1442575793;3110104358;0.067347800000
aleatoire;10000;12;quick_sort_input_order;1442575793;3110104358;0.001841700000
aleatoire;10000;12;merge_sort;1442575793;3110104358;0.002295000000
aleatoire;10000;12;heap_sort;1442575793;3110104358;0.001942900000
aleatoire;10000;13;selection_sort;1840472809;2166946430;0.277521000000
aleatoire;10000;13;bubble_sort;1840472809;2166946430;0.397173700000
aleatoire;10000;13;insertion_sort;1840472809;2166946430;0.064049100000
aleatoire;10000;13;quick_sort_input_order;1840472809;2166946430;0.003674200000
aleatoire;10000;13;merge_sort;1840472809;2166946430;0.002887300000
aleatoire;10000;13;heap_sort;1840472809;2166946430;0.002743100000
aleatoire;10000;14;selection_sort;1662226704;2408057223;0.378142500000
aleatoire;10000;14;bubble_sort;1662226704;2408057223;0.329319500000
aleatoire;10000;14;insertion_sort;1662226704;2408057223;0.053127900000
aleatoire;10000;14;quick_sort_input_order;1662226704;2408057223;0.001612300000
aleatoire;10000;14;merge_sort;1662226704;2408057223;0.001819600000
aleatoire;10000;14;heap_sort;1662226704;2408057223;0.001902700000
aleatoire;10000;15;selection_sort;1620343948;2349851675;0.285943600000
aleatoire;10000;15;bubble_sort;1620343948;2349851675;0.376445900000
aleatoire;10000;15;insertion_sort;1620343948;2349851675;0.073468200000
aleatoire;10000;15;quick_sort_input_order;1620343948;2349851675;0.002146800000
aleatoire;10000;15;merge_sort;1620343948;2349851675;0.002248300000
aleatoire;10000;15;heap_sort;1620343948;2349851675;0.002581000000
aleatoire;10000;16;selection_sort;1249416906;2799898205;0.292149800000
aleatoire;10000;16;bubble_sort;1249416906;2799898205;0.328215800000
aleatoire;10000;16;insertion_sort;1249416906;2799898205;0.054823400000
aleatoire;10000;16;quick_sort_input_order;1249416906;2799898205;0.001739000000
aleatoire;10000;16;merge_sort;1249416906;2799898205;0.001661000000
aleatoire;10000;16;heap_sort;1249416906;2799898205;0.001889700000
aleatoire;10000;17;selection_sort;2003664937;2616596670;0.273265800000
aleatoire;10000;17;bubble_sort;2003664937;2616596670;0.300004000000
aleatoire;10000;17;insertion_sort;2003664937;2616596670;0.052790800000
aleatoire;10000;17;quick_sort_input_order;2003664937;2616596670;0.001898800000
aleatoire;10000;17;merge_sort;2003664937;2616596670;0.001729100000
aleatoire;10000;17;heap_sort;2003664937;2616596670;0.001878900000
aleatoire;10000;18;selection_sort;2392913171;1648061828;0.272806500000
aleatoire;10000;18;bubble_sort;2392913171;1648061828;0.301976000000
aleatoire;10000;18;insertion_sort;2392913171;1648061828;0.052194500000
aleatoire;10000;18;quick_sort_input_order;2392913171;1648061828;0.001709700000
aleatoire;10000;18;merge_sort;2392913171;1648061828;0.001673400000
aleatoire;10000;18;heap_sort;2392913171;1648061828;0.001865900000
aleatoire;10000;19;selection_sort;608114858;3366223933;0.271826600000
aleatoire;10000;19;bubble_sort;608114858;3366223933;0.494474800000
aleatoire;10000;19;insertion_sort;608114858;3366223933;0.063977000000
aleatoire;10000;19;quick_sort_input_order;608114858;3366223933;0.001616100000
aleatoire;10000;19;merge_sort;608114858;3366223933;0.001455200000
aleatoire;10000;19;heap_sort;608114858;3366223933;0.001418200000
aleatoire;10000;20;selection_sort;2642013350;1910666289;0.307318700000
aleatoire;10000;20;bubble_sort;2642013350;1910666289;0.424404500000
aleatoire;10000;20;insertion_sort;2642013350;1910666289;0.068940300000
aleatoire;10000;20;quick_sort_input_order;2642013350;1910666289;0.001996100000
aleatoire;10000;20;merge_sort;2642013350;1910666289;0.003285700000
aleatoire;10000;20;heap_sort;2642013350;1910666289;0.002352500000
aleatoire;20000;1;selection_sort;877913811;3637018180;1.546979400000
aleatoire;20000;1;bubble_sort;877913811;3637018180;1.212559100000
aleatoire;20000;1;insertion_sort;877913811;3637018180;0.238407200000
aleatoire;20000;1;quick_sort_input_order;877913811;3637018180;0.003340700000
aleatoire;20000;1;merge_sort;877913811;3637018180;0.003718900000
aleatoire;20000;1;heap_sort;877913811;3637018180;0.004957700000
aleatoire;20000;2;selection_sort;3192289890;1390273269;0.726125300000
aleatoire;20000;2;bubble_sort;3192289890;1390273269;1.778156800000
aleatoire;20000;2;insertion_sort;3192289890;1390273269;0.302847400000
aleatoire;20000;2;quick_sort_input_order;3192289890;1390273269;0.002533400000
aleatoire;20000;2;merge_sort;3192289890;1390273269;0.002870300000
aleatoire;20000;2;heap_sort;3192289890;1390273269;0.003210500000
aleatoire;20000;3;selection_sort;765270982;3238429521;1.142248700000
aleatoire;20000;3;bubble_sort;765270982;3238429521;1.706349500000
aleatoire;20000;3;insertion_sort;765270982;3238429521;0.271991500000
aleatoire;20000;3;quick_sort_input_order;765270982;3238429521;0.004605800000
aleatoire;20000;3;merge_sort;765270982;3238429521;0.005205700000
aleatoire;20000;3;heap_sort;765270982;3238429521;0.004424600000
aleatoire;20000;4;selection_sort;2860368640;1189501847;1.112044900000
aleatoire;20000;4;bubble_sort;2860368640;1189501847;1.713035000000
aleatoire;20000;4;insertion_sort;2860368640;1189501847;0.285759000000
aleatoire;20000;4;quick_sort_input_order;2860368640;1189501847;0.004219900000
aleatoire;20000;4;merge_sort;2860368640;1189501847;0.004943300000
aleatoire;20000;4;heap_sort;2860368640;1189501847;0.005610300000
aleatoire;20000;5;selection_sort;532520347;4079355148;1.125138500000
aleatoire;20000;5;bubble_sort;532520347;4079355148;1.674647800000
aleatoire;20000;5;insertion_sort;532520347;4079355148;0.256898800000
aleatoire;20000;5;quick_sort_input_order;532520347;4079355148;0.003501100000
aleatoire;20000;5;merge_sort;532520347;4079355148;0.003539300000
aleatoire;20000;5;heap_sort;532520347;4079355148;0.004162800000
aleatoire;20000;6;selection_sort;2378891369;1632671998;1.105727200000
aleatoire;20000;6;bubble_sort;2378891369;1632671998;1.881397300000
aleatoire;20000;6;insertion_sort;2378891369;1632671998;0.274819100000
aleatoire;20000;6;quick_sort_input_order;2378891369;1632671998;0.003742300000
aleatoire;20000;6;merge_sort;2378891369;1632671998;0.003579500000
aleatoire;20000;6;heap_sort;2378891369;1632671998;0.004035900000
aleatoire;20000;7;selection_sort;381121065;4197247678;1.166714600000
aleatoire;20000;7;bubble_sort;381121065;4197247678;1.716207700000
aleatoire;20000;7;insertion_sort;381121065;4197247678;0.294177200000
aleatoire;20000;7;quick_sort_input_order;381121065;4197247678;0.004024000000
aleatoire;20000;7;merge_sort;381121065;4197247678;0.004829600000
aleatoire;20000;7;heap_sort;381121065;4197247678;0.005444700000
aleatoire;20000;8;selection_sort;2181738948;1855007059;1.295781400000
aleatoire;20000;8;bubble_sort;2181738948;1855007059;1.497626500000
aleatoire;20000;8;insertion_sort;2181738948;1855007059;0.210370400000
aleatoire;20000;8;quick_sort_input_order;2181738948;1855007059;0.003522800000
aleatoire;20000;8;merge_sort;2181738948;1855007059;0.003560000000
aleatoire;20000;8;heap_sort;2181738948;1855007059;0.004600400000
aleatoire;20000;9;selection_sort;3764813880;217913519;1.095220400000
aleatoire;20000;9;bubble_sort;3764813880;217913519;1.465685300000
aleatoire;20000;9;insertion_sort;3764813880;217913519;0.215341400000
aleatoire;20000;9;quick_sort_input_order;3764813880;217913519;0.003515900000
aleatoire;20000;9;merge_sort;3764813880;217913519;0.003844200000
aleatoire;20000;9;heap_sort;3764813880;217913519;0.004043300000
aleatoire;20000;10;selection_sort;3918138610;85038181;1.102704800000
aleatoire;20000;10;bubble_sort;3918138610;85038181;1.414867700000
aleatoire;20000;10;insertion_sort;3918138610;85038181;0.210606700000
aleatoire;20000;10;quick_sort_input_order;3918138610;85038181;0.003461000000
aleatoire;20000;10;merge_sort;3918138610;85038181;0.003556700000
aleatoire;20000;10;heap_sort;3918138610;85038181;0.004072600000
aleatoire;20000;11;selection_sort;4214644041;397264350;1.131481000000
aleatoire;20000;11;bubble_sort;4214644041;397264350;1.516899900000
aleatoire;20000;11;insertion_sort;4214644041;397264350;0.222129400000
aleatoire;20000;11;quick_sort_input_order;4214644041;397264350;0.004379700000
aleatoire;20000;11;merge_sort;4214644041;397264350;0.005138000000
aleatoire;20000;11;heap_sort;4214644041;397264350;0.004802000000
aleatoire;20000;12;selection_sort;3447174967;569126816;1.098090400000
aleatoire;20000;12;bubble_sort;3447174967;569126816;1.419298400000
aleatoire;20000;12;insertion_sort;3447174967;569126816;0.219975900000
aleatoire;20000;12;quick_sort_input_order;3447174967;569126816;0.003525100000
aleatoire;20000;12;merge_sort;3447174967;569126816;0.003641800000
aleatoire;20000;12;heap_sort;3447174967;569126816;0.005049000000
aleatoire;20000;13;selection_sort;4114554991;430225656;1.096966800000
aleatoire;20000;13;bubble_sort;4114554991;430225656;1.420429600000
aleatoire;20000;13;insertion_sort;4114554991;430225656;0.210029500000
aleatoire;20000;13;quick_sort_input_order;4114554991;430225656;0.003573100000
aleatoire;20000;13;merge_sort;4114554991;430225656;0.004574700000
aleatoire;20000;13;heap_sort;4114554991;430225656;0.004022000000
aleatoire;20000;14;selection_sort;4221555606;386157313;1.103115800000
aleatoire;20000;14;bubble_sort;4221555606;386157313;1.851562300000
aleatoire;20000;14;insertion_sort;4221555606;386157313;0.206013300000
aleatoire;20000;14;quick_sort_input_order;4221555606;386157313;0.003538300000
aleatoire;20000;14;merge_sort;4221555606;386157313;0.003538400000
aleatoire;20000;14;heap_sort;4221555606;386157313;0.004817400000
aleatoire;20000;15;selection_sort;4162338314;344172189;1.092886900000
aleatoire;20000;15;bubble_sort;4162338314;344172189;1.421124900000
aleatoire;20000;15;insertion_sort;4162338314;344172189;0.222793100000
aleatoire;20000;15;quick_sort_input_order;4162338314;344172189;0.003471600000
aleatoire;20000;15;merge_sort;4162338314;344172189;0.003546700000
aleatoire;20000;15;heap_sort;4162338314;344172189;0.004540200000
aleatoire;20000;16;selection_sort;3539260492;1047481563;1.094257500000
aleatoire;20000;16;bubble_sort;3539260492;1047481563;1.407326200000
aleatoire;20000;16;insertion_sort;3539260492;1047481563;0.221544100000
aleatoire;20000;16;quick_sort_input_order;3539260492;1047481563;0.003530100000
aleatoire;20000;16;merge_sort;3539260492;1047481563;0.004214200000
aleatoire;20000;16;heap_sort;3539260492;1047481563;0.004495700000
aleatoire;20000;17;selection_sort;4024550063;58350136;1.114516700000
aleatoire;20000;17;bubble_sort;4024550063;58350136;1.397843800000
aleatoire;20000;17;insertion_sort;4024550063;58350136;0.219189400000
aleatoire;20000;17;quick_sort_input_order;4024550063;58350136;0.003419900000
aleatoire;20000;17;merge_sort;4024550063;58350136;0.003540400000
aleatoire;20000;17;heap_sort;4024550063;58350136;0.004425200000
aleatoire;20000;18;selection_sort;372029333;4206309122;1.096628100000
aleatoire;20000;18;bubble_sort;372029333;4206309122;1.443154700000
aleatoire;20000;18;insertion_sort;372029333;4206309122;0.218449300000
aleatoire;20000;18;quick_sort_input_order;372029333;4206309122;0.003494400000
aleatoire;20000;18;merge_sort;372029333;4206309122;0.003692000000
aleatoire;20000;18;heap_sort;372029333;4206309122;0.004416700000
aleatoire;20000;19;selection_sort;3165870636;1344848571;1.096153100000
aleatoire;20000;19;bubble_sort;3165870636;1344848571;1.426211200000
aleatoire;20000;19;insertion_sort;3165870636;1344848571;0.217160300000
aleatoire;20000;19;quick_sort_input_order;3165870636;1344848571;0.003495900000
aleatoire;20000;19;merge_sort;3165870636;1344848571;0.004212000000
aleatoire;20000;19;heap_sort;3165870636;1344848571;0.004222600000
aleatoire;20000;20;selection_sort;99986976;3916314295;1.107318700000
aleatoire;20000;20;bubble_sort;99986976;3916314295;1.401654600000
aleatoire;20000;20;insertion_sort;99986976;3916314295;0.215878400000
aleatoire;20000;20;quick_sort_input_order;99986976;3916314295;0.003423100000
aleatoire;20000;20;merge_sort;99986976;3916314295;0.003542300000
aleatoire;20000;20;heap_sort;99986976;3916314295;0.004052200000
aleatoire;50000;1;quick_sort_input_order;438728431;4139642488;0.010516500000
aleatoire;50000;1;merge_sort;438728431;4139642488;0.010298700000
aleatoire;50000;1;heap_sort;438728431;4139642488;0.011233600000
aleatoire;50000;2;quick_sort_input_order;2419321438;2091414217;0.010443900000
aleatoire;50000;2;merge_sort;2419321438;2091414217;0.009564000000
aleatoire;50000;2;heap_sort;2419321438;2091414217;0.011250800000
aleatoire;50000;3;quick_sort_input_order;65571834;4017296237;0.010122000000
aleatoire;50000;3;merge_sort;65571834;4017296237;0.009650200000
aleatoire;50000;3;heap_sort;65571834;4017296237;0.011518400000
aleatoire;50000;4;quick_sort_input_order;2215138108;1754516395;0.009731500000
aleatoire;50000;4;merge_sort;2215138108;1754516395;0.010229400000
aleatoire;50000;4;heap_sort;2215138108;1754516395;0.011466600000
aleatoire;50000;5;quick_sort_input_order;835194279;3713242416;0.009572500000
aleatoire;50000;5;merge_sort;835194279;3713242416;0.009792000000
aleatoire;50000;5;heap_sort;835194279;3713242416;0.011685200000
aleatoire;50000;6;quick_sort_input_order;2747174997;1327827138;0.009396900000
aleatoire;50000;6;merge_sort;2747174997;1327827138;0.010416700000
aleatoire;50000;6;heap_sort;2747174997;1327827138;0.011474700000
aleatoire;50000;7;quick_sort_input_order;952295957;3562633858;0.009538200000
aleatoire;50000;7;merge_sort;952295957;3562633858;0.010753200000
aleatoire;50000;7;heap_sort;952295957;3562633858;0.012349500000
aleatoire;50000;8;quick_sort_input_order;2894012920;1088731503;0.009208400000
aleatoire;50000;8;merge_sort;2894012920;1088731503;0.010232400000
aleatoire;50000;8;heap_sort;2894012920;1088731503;0.011489500000
aleatoire;50000;9;quick_sort_input_order;3457355780;579373203;0.009325900000
aleatoire;50000;9;merge_sort;3457355780;579373203;0.010655400000
aleatoire;50000;9;heap_sort;3457355780;579373203;0.011246800000
aleatoire;50000;10;quick_sort_input_order;3355417806;727975001;0.009340200000
aleatoire;50000;10;merge_sort;3355417806;727975001;0.010001900000
aleatoire;50000;10;heap_sort;3355417806;727975001;0.012191200000
aleatoire;50000;11;quick_sort_input_order;3577990517;970479074;0.009279500000
aleatoire;50000;11;merge_sort;3577990517;970479074;0.009711000000
aleatoire;50000;11;heap_sort;3577990517;970479074;0.011401500000
aleatoire;50000;12;quick_sort_input_order;3808569099;261734300;0.009450600000
aleatoire;50000;12;merge_sort;3808569099;261734300;0.010342800000
aleatoire;50000;12;heap_sort;3808569099;261734300;0.011856500000
aleatoire;50000;13;quick_sort_input_order;3679105107;936454340;0.009446000000
aleatoire;50000;13;merge_sort;3679105107;936454340;0.010254000000
aleatoire;50000;13;heap_sort;3679105107;936454340;0.012389900000
aleatoire;50000;14;quick_sort_input_order;3588899754;963763005;0.009538800000
aleatoire;50000;14;merge_sort;3588899754;963763005;0.009549600000
aleatoire;50000;14;heap_sort;3588899754;963763005;0.012193800000
aleatoire;50000;15;quick_sort_input_order;3597512246;989214369;0.009505900000
aleatoire;50000;15;merge_sort;3597512246;989214369;0.009557800000
aleatoire;50000;15;heap_sort;3597512246;989214369;0.011915500000
aleatoire;50000;16;quick_sort_input_order;4236330096;270195943;0.009814100000
aleatoire;50000;16;merge_sort;4236330096;270195943;0.009918900000
aleatoire;50000;16;heap_sort;4236330096;270195943;0.011437400000
aleatoire;50000;17;quick_sort_input_order;3247723155;756009476;0.011735200000
aleatoire;50000;17;merge_sort;3247723155;756009476;0.010547300000
aleatoire;50000;17;heap_sort;3247723155;756009476;0.012366600000
aleatoire;50000;18;quick_sort_input_order;945366953;3569532734;0.009666900000
aleatoire;50000;18;merge_sort;945366953;3569532734;0.009521100000
aleatoire;50000;18;heap_sort;945366953;3569532734;0.012222600000
aleatoire;50000;19;quick_sort_input_order;2462501392;2120045191;0.009561400000
aleatoire;50000;19;merge_sort;2462501392;2120045191;0.009651200000
aleatoire;50000;19;heap_sort;2462501392;2120045191;0.012175800000
aleatoire;50000;20;quick_sort_input_order;729824796;3340478091;0.009539400000
aleatoire;50000;20;merge_sort;729824796;3340478091;0.009810300000
aleatoire;50000;20;heap_sort;729824796;3340478091;0.012340100000
aleatoire;100000;1;quick_sort_input_order;1504756647;3039517488;0.019867300000
aleatoire;100000;1;merge_sort;1504756647;3039517488;0.020622300000
aleatoire;100000;1;heap_sort;1504756647;3039517488;0.025082100000
aleatoire;100000;2;quick_sort_input_order;3550830358;1061078913;0.019609200000
aleatoire;100000;2;merge_sort;3550830358;1061078913;0.021814000000
aleatoire;100000;2;heap_sort;3550830358;1061078913;0.026376100000
aleatoire;100000;3;quick_sort_input_order;1082015410;2900731429;0.024061200000
aleatoire;100000;3;merge_sort;1082015410;2900731429;0.021392000000
aleatoire;100000;3;heap_sort;1082015410;2900731429;0.026289000000
aleatoire;100000;4;quick_sort_input_order;3349079668;721780451;0.020679300000
aleatoire;100000;4;merge_sort;3349079668;721780451;0.021638400000
aleatoire;100000;4;heap_sort;3349079668;721780451;0.027230800000
aleatoire;100000;5;quick_sort_input_order;1918810351;2663719032;0.020803100000
aleatoire;100000;5;merge_sort;1918810351;2663719032;0.021846300000
aleatoire;100000;5;heap_sort;1918810351;2663719032;0.025172500000
aleatoire;100000;6;quick_sort_input_order;3760727325;213106058;0.020578900000
aleatoire;100000;6;merge_sort;3760727325;213106058;0.020780300000
aleatoire;100000;6;heap_sort;3760727325;213106058;0.025169400000
aleatoire;100000;7;quick_sort_input_order;2069124957;2546978762;0.020708000000
aleatoire;100000;7;merge_sort;2069124957;2546978762;0.022238200000
aleatoire;100000;7;heap_sort;2069124957;2546978762;0.025348100000
aleatoire;100000;8;quick_sort_input_order;4025062576;57805863;0.021156000000
aleatoire;100000;8;merge_sort;4025062576;57805863;0.020806600000
aleatoire;100000;8;heap_sort;4025062576;57805863;0.024376600000
aleatoire;100000;9;quick_sort_input_order;2374346060;1629371867;0.021448600000
aleatoire;100000;9;merge_sort;2374346060;1629371867;0.021244600000
aleatoire;100000;9;heap_sort;2374346060;1629371867;0.026736000000
aleatoire;100000;10;quick_sort_input_order;2221484422;1760735505;0.020802800000
aleatoire;100000;10;merge_sort;2221484422;1760735505;0.021815100000
aleatoire;100000;10;heap_sort;2221484422;1760735505;0.026980200000
aleatoire;100000;11;quick_sort_input_order;2530572349;2051989674;0.019801000000
aleatoire;100000;11;merge_sort;2530572349;2051989674;0.021239600000
aleatoire;100000;11;heap_sort;2530572349;2051989674;0.026199800000
aleatoire;100000;12;quick_sort_input_order;2694091331;1276054228;0.021167800000
aleatoire;100000;12;merge_sort;2694091331;1276054228;0.021597600000
aleatoire;100000;12;heap_sort;2694091331;1276054228;0.026927100000
aleatoire;100000;13;quick_sort_input_order;2564556059;1950850444;0.021602800000
aleatoire;100000;13;merge_sort;2564556059;1950850444;0.020787200000
aleatoire;100000;13;heap_sort;2564556059;1950850444;0.025457400000
aleatoire;100000;14;quick_sort_input_order;2524772066;2061987445;0.021028800000
aleatoire;100000;14;merge_sort;2524772066;2061987445;0.021289100000
aleatoire;100000;14;heap_sort;2524772066;2061987445;0.024450600000
aleatoire;100000;15;quick_sort_input_order;2516261758;2036368361;0.022854700000
aleatoire;100000;15;merge_sort;2516261758;2036368361;0.021128200000
aleatoire;100000;15;heap_sort;2516261758;2036368361;0.025604100000
aleatoire;100000;16;quick_sort_input_order;3206017336;1401711023;0.020579300000
aleatoire;100000;16;merge_sort;3206017336;1401711023;0.020676800000
aleatoire;100000;16;heap_sort;3206017336;1401711023;0.026675000000
aleatoire;100000;17;quick_sort_input_order;2181228507;1855553356;0.020862100000
aleatoire;100000;17;merge_sort;2181228507;1855553356;0.023710000000
aleatoire;100000;17;heap_sort;2181228507;1855553356;0.026461200000
aleatoire;100000;18;quick_sort_input_order;2077201121;2538867318;0.021082000000
aleatoire;100000;18;merge_sort;2077201121;2538867318;0.023008200000
aleatoire;100000;18;heap_sort;2077201121;2538867318;0.024352300000
aleatoire;100000;19;quick_sort_input_order;3511713624;1036773327;0.021202000000
aleatoire;100000;19;merge_sort;3511713624;1036773327;0.021497800000
aleatoire;100000;19;heap_sort;3511713624;1036773327;0.026010000000
aleatoire;100000;20;quick_sort_input_order;1746307924;2223838147;0.020258000000
aleatoire;100000;20;merge_sort;1746307924;2223838147;0.021120200000
aleatoire;100000;20;heap_sort;1746307924;2223838147;0.024622200000
aleatoire;500000;1;quick_sort_input_order;2967911304;1551704863;0.113161100000
aleatoire;500000;1;merge_sort;2967911304;1551704863;0.121245200000
aleatoire;500000;1;heap_sort;2967911304;1551704863;0.154118400000
aleatoire;500000;2;quick_sort_input_order;989013817;3597189038;0.115591700000
aleatoire;500000;2;merge_sort;989013817;3597189038;0.121528000000
aleatoire;500000;2;heap_sort;989013817;3597189038;0.153554100000
aleatoire;500000;3;quick_sort_input_order;2837989021;1169415690;0.113438200000
aleatoire;500000;3;merge_sort;2837989021;1169415690;0.128856200000
aleatoire;500000;3;heap_sort;2837989021;1169415690;0.155532700000
aleatoire;500000;4;quick_sort_input_order;784899675;3260221132;0.142419800000
aleatoire;500000;4;merge_sort;784899675;3260221132;0.131919900000
aleatoire;500000;4;heap_sort;784899675;3260221132;0.184261200000
aleatoire;500000;5;quick_sort_input_order;2601042112;2006145111;0.144269400000
aleatoire;500000;5;merge_sort;2601042112;2006145111;0.154634600000
aleatoire;500000;5;heap_sort;2601042112;2006145111;0.198241100000
aleatoire;500000;6;quick_sort_input_order;159276338;3857040805;0.134408700000
aleatoire;500000;6;merge_sort;159276338;3857040805;0.153270100000
aleatoire;500000;6;heap_sort;159276338;3857040805;0.171302700000
aleatoire;500000;7;quick_sort_input_order;2449616754;2124003301;0.137945200000
aleatoire;500000;7;merge_sort;2449616754;2124003301;0.139481100000
aleatoire;500000;7;heap_sort;2449616754;2124003301;0.185303600000
aleatoire;500000;8;quick_sort_input_order;113241247;3928257544;0.134126200000
aleatoire;500000;8;merge_sort;113241247;3928257544;0.135537200000
aleatoire;500000;8;heap_sort;113241247;3928257544;0.190956100000
aleatoire;500000;9;quick_sort_input_order;1691606371;2286437876;0.130995500000
aleatoire;500000;9;merge_sort;1691606371;2286437876;0.139924700000
aleatoire;500000;9;heap_sort;1691606371;2286437876;0.195667200000
aleatoire;500000;10;quick_sort_input_order;1832866217;2175060286;0.128521000000
aleatoire;500000;10;merge_sort;1832866217;2175060286;0.142199600000
aleatoire;500000;10;heap_sort;1832866217;2175060286;0.181297300000
aleatoire;500000;11;quick_sort_input_order;2139291666;2467862661;0.137171600000
aleatoire;500000;11;merge_sort;2139291666;2467862661;0.138698100000
aleatoire;500000;11;heap_sort;2139291666;2467862661;0.188484800000
aleatoire;500000;12;quick_sort_input_order;1237510764;2774102779;0.136703200000
aleatoire;500000;12;merge_sort;1237510764;2774102779;0.159280700000
aleatoire;500000;12;heap_sort;1237510764;2774102779;0.179587900000
aleatoire;500000;13;quick_sort_input_order;1904901428;2635195811;0.134251600000
aleatoire;500000;13;merge_sort;1904901428;2635195811;0.144714200000
aleatoire;500000;13;heap_sort;1904901428;2635195811;0.186828200000
aleatoire;500000;14;quick_sort_input_order;2133495501;2477856346;0.123598600000
aleatoire;500000;14;merge_sort;2133495501;2477856346;0.149677400000
aleatoire;500000;14;heap_sort;2133495501;2477856346;0.203851600000
aleatoire;500000;15;quick_sort_input_order;2091737937;2419522502;0.137956800000
aleatoire;500000;15;merge_sort;2091737937;2419522502;0.152065700000
aleatoire;500000;15;heap_sort;2091737937;2419522502;0.196510300000
aleatoire;500000;16;quick_sort_input_order;1447135511;3134853504;0.136997000000
aleatoire;500000;16;merge_sort;1447135511;3134853504;0.150322800000
aleatoire;500000;16;heap_sort;1447135511;3134853504;0.184551600000
aleatoire;500000;17;quick_sort_input_order;1800708084;2278492003;0.128954200000
aleatoire;500000;17;merge_sort;1800708084;2278492003;0.152583500000
aleatoire;500000;17;heap_sort;1800708084;2278492003;0.190449400000
aleatoire;500000;18;quick_sort_input_order;2459560654;2114089561;0.142771500000
aleatoire;500000;18;merge_sort;2459560654;2114089561;0.150952700000
aleatoire;500000;18;heap_sort;2459560654;2114089561;0.202225800000
aleatoire;500000;19;quick_sort_input_order;939919223;3567099872;0.136171900000
aleatoire;500000;19;merge_sort;939919223;3567099872;0.157657900000
aleatoire;500000;19;heap_sort;939919223;3567099872;0.182785100000
aleatoire;500000;20;quick_sort_input_order;2168517499;1843096556;0.121862600000
aleatoire;500000;20;merge_sort;2168517499;1843096556;0.128750600000
aleatoire;500000;20;heap_sort;2168517499;1843096556;0.164096200000
aleatoire;1000000;1;quick_sort_input_order;204560712;3769287135;0.238389400000
aleatoire;1000000;1;merge_sort;204560712;3769287135;0.252388300000
aleatoire;1000000;1;heap_sort;204560712;3769287135;0.358952800000
aleatoire;1000000;2;quick_sort_input_order;2250556921;1790926190;0.246897600000
aleatoire;1000000;2;merge_sort;2250556921;1790926190;0.254341800000
aleatoire;1000000;2;heap_sort;2250556921;1790926190;0.340625700000
aleatoire;1000000;3;quick_sort_input_order;369075293;4184095946;0.238436800000
aleatoire;1000000;3;merge_sort;369075293;4184095946;0.251519300000
aleatoire;1000000;3;heap_sort;369075293;4184095946;0.337671200000
aleatoire;1000000;4;quick_sort_input_order;2451537051;2122638348;0.240176500000
aleatoire;1000000;4;merge_sort;2451537051;2122638348;0.253841500000
aleatoire;1000000;4;heap_sort;2451537051;2122638348;0.337627900000
aleatoire;1000000;5;quick_sort_input_order;668934656;3410279063;0.237959700000
aleatoire;1000000;5;merge_sort;668934656;3410279063;0.257763500000
aleatoire;1000000;5;heap_sort;668934656;3410279063;0.342099700000
aleatoire;1000000;6;quick_sort_input_order;3047800818;1496459109;0.244207300000
aleatoire;1000000;6;merge_sort;3047800818;1496459109;0.260702600000
aleatoire;1000000;6;heap_sort;3047800818;1496459109;0.347827800000
aleatoire;1000000;7;quick_sort_input_order;785763762;3259913509;0.242566800000
aleatoire;1000000;7;merge_sort;785763762;3259913509;0.255279700000
aleatoire;1000000;7;heap_sort;785763762;3259913509;0.351875400000
aleatoire;1000000;8;quick_sort_input_order;3127381599;1458804424;0.237119200000
aleatoire;1000000;8;merge_sort;3127381599;1458804424;0.249180400000
aleatoire;1000000;8;heap_sort;3127381599;1458804424;0.335580400000
aleatoire;1000000;9;quick_sort_input_order;3624157091;882878260;0.239168100000
aleatoire;1000000;9;merge_sort;3624157091;882878260;0.252916100000
aleatoire;1000000;9;heap_sort;3624157091;882878260;0.342535600000
aleatoire;1000000;10;quick_sort_input_order;3521688425;1030958078;0.247478500000
aleatoire;1000000;10;merge_sort;3521688425;1030958078;0.250068700000
aleatoire;1000000;10;heap_sort;3521688425;1030958078;0.349712600000
aleatoire;1000000;11;quick_sort_input_order;3277120210;802126405;0.246759100000
aleatoire;1000000;11;merge_sort;3277120210;802126405;0.264995600000
aleatoire;1000000;11;heap_sort;3277120210;802126405;0.345734000000
aleatoire;1000000;12;quick_sort_input_order;4111796396;428773435;0.234838800000
aleatoire;1000000;12;merge_sort;4111796396;428773435;0.259905200000
aleatoire;1000000;12;heap_sort;4111796396;428773435;0.350985100000
aleatoire;1000000;13;quick_sort_input_order;3445465076;566626147;0.238599900000
aleatoire;1000000;13;merge_sort;3445465076;566626147;0.253495000000
aleatoire;1000000;13;heap_sort;3445465076;566626147;0.341210900000
aleatoire;1000000;14;quick_sort_input_order;3288165389;795276442;0.238981400000
aleatoire;1000000;14;merge_sort;3288165389;795276442;0.248489900000
aleatoire;1000000;14;heap_sort;3288165389;795276442;0.343120400000
aleatoire;1000000;15;quick_sort_input_order;3229254033;752949510;0.244702100000
aleatoire;1000000;15;merge_sort;3229254033;752949510;0.260102200000
aleatoire;1000000;15;heap_sort;3229254033;752949510;0.347556300000
aleatoire;1000000;16;quick_sort_input_order;3935726551;101577536;0.243419500000
aleatoire;1000000;16;merge_sort;3935726551;101577536;0.256317700000
aleatoire;1000000;16;heap_sort;3935726551;101577536;0.337871800000
aleatoire;1000000;17;quick_sort_input_order;3615718708;991487395;0.247349000000
aleatoire;1000000;17;merge_sort;3615718708;991487395;0.250498900000
aleatoire;1000000;17;heap_sort;3615718708;991487395;0.333937000000
aleatoire;1000000;18;quick_sort_input_order;776865806;3268776089;0.239415000000
aleatoire;1000000;18;merge_sort;776865806;3268776089;0.263555800000
aleatoire;1000000;18;heap_sort;776865806;3268776089;0.335766400000
aleatoire;1000000;19;quick_sort_input_order;2228348343;1749712160;0.237398400000
aleatoire;1000000;19;merge_sort;2228348343;1749712160;0.251988300000
aleatoire;1000000;19;heap_sort;2228348343;1749712160;0.343882100000
aleatoire;1000000;20;quick_sort_input_order;1033310651;3507259692;0.249331800000
aleatoire;1000000;20;merge_sort;1033310651;3507259692;0.258101900000
aleatoire;1000000;20;heap_sort;1033310651;3507259692;0.352358200000
croissant;100;1;selection_sort;2713926785;1297654806;0.000024000000
croissant;100;1;bubble_sort;2713926785;1297654806;0.000000700000
croissant;100;1;insertion_sort;2713926785;1297654806;0.000000800000
croissant;100;1;quick_sort_input_order;2713926785;1297654806;0.000010300000
croissant;100;1;merge_sort;2713926785;1297654806;0.000006800000
croissant;100;1;heap_sort;2713926785;1297654806;0.000012900000
croissant;100;2;selection_sort;735486000;3343726759;0.000024400000
croissant;100;2;bubble_sort;735486000;3343726759;0.000000500000
croissant;100;2;insertion_sort;735486000;3343726759;0.000000700000
croissant;100;2;quick_sort_input_order;735486000;3343726759;0.000007200000
croissant;100;2;merge_sort;735486000;3343726759;0.000003600000
croissant;100;2;heap_sort;735486000;3343726759;0.000007600000
croissant;100;3;selection_sort;3087909268;1419139331;0.000020100000
croissant;100;3;bubble_sort;3087909268;1419139331;0.000000300000
croissant;100;3;insertion_sort;3087909268;1419139331;0.000000500000
croissant;100;3;quick_sort_input_order;3087909268;1419139331;0.000007200000
croissant;100;3;merge_sort;3087909268;1419139331;0.000003200000
croissant;100;3;heap_sort;3087909268;1419139331;0.000006100000
croissant;100;4;selection_sort;1072503122;3547759045;0.000019900000
croissant;100;4;bubble_sort;1072503122;3547759045;0.000000300000
croissant;100;4;insertion_sort;1072503122;3547759045;0.000000500000
croissant;100;4;quick_sort_input_order;1072503122;3547759045;0.000007000000
croissant;100;4;merge_sort;1072503122;3547759045;0.000003200000
croissant;100;4;heap_sort;1072503122;3547759045;0.000005100000
croissant;100;5;selection_sort;2318223305;1723260766;0.000020000000
croissant;100;5;bubble_sort;2318223305;1723260766;0.000000300000
croissant;100;5;insertion_sort;2318223305;1723260766;0.000000400000
croissant;100;5;quick_sort_input_order;2318223305;1723260766;0.000006200000
croissant;100;5;merge_sort;2318223305;1723260766;0.000003100000
croissant;100;5;heap_sort;2318223305;1723260766;0.000004400000
croissant;100;6;selection_sort;408672827;4106240684;0.000020000000
croissant;100;6;bubble_sort;408672827;4106240684;0.000000300000
croissant;100;6;insertion_sort;408672827;4106240684;0.000000500000
croissant;100;6;quick_sort_input_order;408672827;4106240684;0.000006400000
croissant;100;6;merge_sort;408672827;4106240684;0.000003000000
croissant;100;6;heap_sort;408672827;4106240684;0.000003900000
croissant;100;7;selection_sort;2200414331;1874604268;0.000020000000
croissant;100;7;bubble_sort;2200414331;1874604268;0.000000300000
croissant;100;7;insertion_sort;2200414331;1874604268;0.000000500000
croissant;100;7;quick_sort_input_order;2200414331;1874604268;0.000006500000
croissant;100;7;merge_sort;2200414331;1874604268;0.000003000000
croissant;100;7;heap_sort;2200414331;1874604268;0.000003800000
croissant;100;8;selection_sort;395996054;4211208961;0.000019900000
croissant;100;8;bubble_sort;395996054;4211208961;0.000000300000
croissant;100;8;insertion_sort;395996054;4211208961;0.000000500000
croissant;100;8;quick_sort_input_order;395996054;4211208961;0.000006400000
croissant;100;8;merge_sort;395996054;4211208961;0.000003000000
croissant;100;8;heap_sort;395996054;4211208961;0.000003800000
croissant;100;9;selection_sort;1979079274;2574107389;0.000019900000
croissant;100;9;bubble_sort;1979079274;2574107389;0.000000300000
croissant;100;9;insertion_sort;1979079274;2574107389;0.000000500000
croissant;100;9;quick_sort_input_order;1979079274;2574107389;0.000006100000
croissant;100;9;merge_sort;1979079274;2574107389;0.000003000000
croissant;100;9;heap_sort;1979079274;2574107389;0.000003700000
croissant;100;10;selection_sort;2082133664;2424393271;0.000020000000
croissant;100;10;bubble_sort;2082133664;2424393271;0.000000300000
croissant;100;10;insertion_sort;2082133664;2424393271;0.000000500000
croissant;100;10;quick_sort_input_order;2082133664;2424393271;0.000005800000
croissant;100;10;merge_sort;2082133664;2424393271;0.000003100000
croissant;100;10;heap_sort;2082133664;2424393271;0.000003500000
croissant;100;11;selection_sort;1856407323;2185043852;0.000020000000
croissant;100;11;bubble_sort;1856407323;2185043852;0.000000300000
croissant;100;11;insertion_sort;1856407323;2185043852;0.000000500000
croissant;100;11;quick_sort_input_order;1856407323;2185043852;0.000006100000
croissant;100;11;merge_sort;1856407323;2185043852;0.000003100000
croissant;100;11;heap_sort;1856407323;2185043852;0.000003600000
croissant;100;12;selection_sort;1491561829;3028088306;0.000020000000
croissant;100;12;bubble_sort;1491561829;3028088306;0.000000300000
croissant;100;12;insertion_sort;1491561829;3028088306;0.000000500000
croissant;100;12;quick_sort_input_order;1491561829;3028088306;0.000006100000
croissant;100;12;merge_sort;1491561829;3028088306;0.000003100000
croissant;100;12;heap_sort;1491561829;3028088306;0.000003700000
croissant;100;13;selection_sort;1622145597;2352243370;0.000020000000
croissant;100;13;bubble_sort;1622145597;2352243370;0.000000300000
croissant;100;13;insertion_sort;1622145597;2352243370;0.000000500000
croissant;100;13;quick_sort_input_order;1622145597;2352243370;0.000005900000
croissant;100;13;merge_sort;1622145597;2352243370;0.000003100000
croissant;100;13;heap_sort;1622145597;2352243370;0.000003700000
croissant;100;14;selection_sort;1846479300;2190774611;0.000019900000
croissant;100;14;bubble_sort;1846479300;2190774611;0.000000500000
croissant;100;14;insertion_sort;1846479300;2190774611;0.000000700000
croissant;100;14;quick_sort_input_order;1846479300;2190774611;0.000007300000
croissant;100;14;merge_sort;1846479300;2190774611;0.000004800000
croissant;100;14;heap_sort;1846479300;2190774611;0.000011000000
croissant;100;15;selection_sort;1837687896;2165537999;0.000020000000
croissant;100;15;bubble_sort;1837687896;2165537999;0.000000300000
croissant;100;15;insertion_sort;1837687896;2165537999;0.000000500000
croissant;100;15;quick_sort_input_order;1837687896;2165537999;0.000007900000
croissant;100;15;merge_sort;1837687896;2165537999;0.000004600000
croissant;100;15;heap_sort;1837687896;2165537999;0.000005000000
croissant;100;16;selection_sort;1197739550;2885654153;0.000020000000
croissant;100;16;bubble_sort;1197739550;2885654153;0.000000300000
croissant;100;16;insertion_sort;1197739550;2885654153;0.000000500000
croissant;100;16;quick_sort_input_order;1197739550;2885654153;0.000006500000
croissant;100;16;merge_sort;1197739550;2885654153;0.000003200000
croissant;100;16;heap_sort;1197739550;2885654153;0.000004300000
croissant;100;17;selection_sort;2054232317;2531950698;0.000020000000
croissant;100;17;bubble_sort;2054232317;2531950698;0.000000300000
croissant;100;17;insertion_sort;2054232317;2531950698;0.000000500000
croissant;100;17;quick_sort_input_order;2054232317;2531950698;0.000006100000
croissant;100;17;merge_sort;2054232317;2531950698;0.000003000000
croissant;100;17;heap_sort;2054232317;2531950698;0.000003600000
croissant;100;18;selection_sort;2210164167;1864889680;0.000020000000
croissant;100;18;bubble_sort;2210164167;1864889680;0.000000300000
croissant;100;18;insertion_sort;2210164167;1864889680;0.000000400000
croissant;100;18;quick_sort_input_order;2210164167;1864889680;0.000006700000
croissant;100;18;merge_sort;2210164167;1864889680;0.000003100000
croissant;100;18;heap_sort;2210164167;1864889680;0.000003600000
croissant;100;19;selection_sort;690192510;3317176553;0.000019900000
croissant;100;19;bubble_sort;690192510;3317176553;0.000000300000
croissant;100;19;insertion_sort;690192510;3317176553;0.000000500000
croissant;100;19;quick_sort_input_order;690192510;3317176553;0.000005700000
croissant;100;19;merge_sort;690192510;3317176553;0.000003100000
croissant;100;19;heap_sort;690192510;3317176553;0.000003600000
croissant;100;20;selection_sort;2422568050;2097081573;0.000019900000
croissant;100;20;bubble_sort;2422568050;2097081573;0.000000200000
croissant;100;20;insertion_sort;2422568050;2097081573;0.000000500000
croissant;100;20;quick_sort_input_order;2422568050;2097081573;0.000005900000
croissant;100;20;merge_sort;2422568050;2097081573;0.000003000000
croissant;100;20;heap_sort;2422568050;2097081573;0.000003400000
croissant;500;1;selection_sort;3744787660;867136603;0.000634500000
croissant;500;1;bubble_sort;3744787660;867136603;0.000002000000
croissant;500;1;insertion_sort;3744787660;867136603;0.000002600000
croissant;500;1;quick_sort_input_order;3744787660;867136603;0.000053700000
croissant;500;1;merge_sort;3744787660;867136603;0.000019600000
croissant;500;1;heap_sort;3744787660;867136603;0.000052900000
croissant;500;2;selection_sort;1428254845;3116034282;0.000683600000
croissant;500;2;bubble_sort;1428254845;3116034282;0.000001200000
croissant;500;2;insertion_sort;1428254845;3116034282;0.000002100000
croissant;500;2;quick_sort_input_order;1428254845;3116034282;0.000034000000
croissant;500;2;merge_sort;1428254845;3116034282;0.000018000000
croissant;500;2;heap_sort;1428254845;3116034282;0.000051800000
croissant;500;3;selection_sort;3338277337;711035214;0.000628000000
croissant;500;3;bubble_sort;3338277337;711035214;0.000001100000
croissant;500;3;insertion_sort;3338277337;711035214;0.000002000000
croissant;500;3;quick_sort_input_order;3338277337;711035214;0.000033400000
croissant;500;3;merge_sort;3338277337;711035214;0.000017600000
croissant;500;3;heap_sort;3338277337;711035214;0.000049900000
croissant;500;4;selection_sort;1092274463;2910933384;0.000633200000
croissant;500;4;bubble_sort;1092274463;2910933384;0.000001100000
croissant;500;4;insertion_sort;1092274463;2910933384;0.000002000000
croissant;500;4;quick_sort_input_order;1092274463;2910933384;0.000034300000
croissant;500;4;merge_sort;1092274463;2910933384;0.000017900000
croissant;500;4;heap_sort;1092274463;2910933384;0.000048200000
croissant;500;5;selection_sort;4107966340;406916883;0.000627800000
croissant;500;5;bubble_sort;4107966340;406916883;0.000001100000
croissant;500;5;insertion_sort;4107966340;406916883;0.000002100000
croissant;500;5;quick_sort_input_order;4107966340;406916883;0.000032400000
croissant;500;5;merge_sort;4107966340;406916883;0.000018000000
croissant;500;5;heap_sort;4107966340;406916883;0.000049000000
croissant;500;6;selection_sort;1722550902;2318897889;0.000628000000
croissant;500;6;bubble_sort;1722550902;2318897889;0.000001100000
croissant;500;6;insertion_sort;1722550902;2318897889;0.000002100000
croissant;500;6;quick_sort_input_order;1722550902;2318897889;0.000033600000
croissant;500;6;merge_sort;1722550902;2318897889;0.000017900000
croissant;500;6;heap_sort;1722550902;2318897889;0.000049900000
croissant;500;7;selection_sort;4258297910;290185377;0.000627900000
croissant;500;7;bubble_sort;4258297910;290185377;0.000001100000
croissant;500;7;insertion_sort;4258297910;290185377;0.000002100000
croissant;500;7;quick_sort_input_order;4258297910;290185377;0.000032300000
croissant;500;7;merge_sort;4258297910;290185377;0.000017600000
croissant;500;7;heap_sort;4258297910;290185377;0.000049400000
croissant;500;8;selection_sort;1768799195;2247500620;0.000627800000
croissant;500;8;bubble_sort;1768799195;2247500620;0.000001100000
croissant;500;8;insertion_sort;1768799195;2247500620;0.000002100000
croissant;500;8;quick_sort_input_order;1768799195;2247500620;0.000035300000
croissant;500;8;merge_sort;1768799195;2247500620;0.000017600000
croissant;500;8;heap_sort;1768799195;2247500620;0.000047400000
croissant;500;9;selection_sort;184650279;3885634224;0.000633100000
croissant;500;9;bubble_sort;184650279;3885634224;0.000001100000
croissant;500;9;insertion_sort;184650279;3885634224;0.000002100000
croissant;500;9;quick_sort_input_order;184650279;3885634224;0.000033200000
croissant;500;9;merge_sort;184650279;3885634224;0.000017900000
croissant;500;9;heap_sort;184650279;3885634224;0.000048200000
croissant;500;10;selection_sort;49088237;4000751226;0.000627800000
croissant;500;10;bubble_sort;49088237;4000751226;0.000001100000
croissant;500;10;insertion_sort;49088237;4000751226;0.000002000000
croissant;500;10;quick_sort_input_order;49088237;4000751226;0.000033300000
croissant;500;10;merge_sort;49088237;4000751226;0.000017600000
croissant;500;10;heap_sort;49088237;4000751226;0.000048200000
croissant;500;11;selection_sort;273766230;4241149889;0.000632600000
croissant;500;11;bubble_sort;273766230;4241149889;0.000001100000
croissant;500;11;insertion_sort;273766230;4241149889;0.000002100000
croissant;500;11;quick_sort_input_order;273766230;4241149889;0.000035900000
croissant;500;11;merge_sort;273766230;4241149889;0.000017800000
croissant;500;11;heap_sort;273766230;4241149889;0.000047600000
croissant;500;12;selection_sort;638631208;3398116799;0.000627900000
croissant;500;12;bubble_sort;638631208;3398116799;0.000001100000
croissant;500;12;insertion_sort;638631208;3398116799;0.000002100000
croissant;500;12;quick_sort_input_order;638631208;3398116799;0.000033200000
croissant;500;12;merge_sort;638631208;3398116799;0.000017700000
croissant;500;12;heap_sort;638631208;3398116799;0.000048300000
croissant;500;13;selection_sort;509094512;4072911591;0.000627900000
croissant;500;13;bubble_sort;509094512;4072911591;0.000001100000
croissant;500;13;insertion_sort;509094512;4072911591;0.000002100000
croissant;500;13;quick_sort_input_order;509094512;4072911591;0.000033300000
croissant;500;13;merge_sort;509094512;4072911591;0.000017600000
croissant;500;13;heap_sort;509094512;4072911591;0.000092700000
croissant;500;14;selection_sort;284744073;4234363166;0.000627900000
croissant;500;14;bubble_sort;284744073;4234363166;0.000001100000
croissant;500;14;insertion_sort;284744073;4234363166;0.000002100000
croissant;500;14;quick_sort_input_order;284744073;4234363166;0.000033400000
croissant;500;14;merge_sort;284744073;4234363166;0.000018000000
croissant;500;14;heap_sort;284744073;4234363166;0.000048800000
croissant;500;15;selection_sort;327103509;4293176450;0.000627900000
croissant;500;15;bubble_sort;327103509;4293176450;0.000001100000
croissant;500;15;insertion_sort;327103509;4293176450;0.000002100000
croissant;500;15;quick_sort_input_order;327103509;4293176450;0.000034300000
croissant;500;15;merge_sort;327103509;4293176450;0.000017800000
croissant;500;15;heap_sort;327103509;4293176450;0.000047900000
croissant;500;16;selection_sort;965992019;3574089412;0.000680600000
croissant;500;16;bubble_sort;965992019;3574089412;0.000001200000
croissant;500;16;insertion_sort;965992019;3574089412;0.000002100000
croissant;500;16;quick_sort_input_order;965992019;3574089412;0.000034000000
croissant;500;16;merge_sort;965992019;3574089412;0.000018000000
croissant;500;16;heap_sort;965992019;3574089412;0.000048200000
croissant;500;17;selection_sort;75942064;3894235175;0.000628000000
croissant;500;17;bubble_sort;75942064;3894235175;0.000001100000
croissant;500;17;insertion_sort;75942064;3894235175;0.000002100000
croissant;500;17;quick_sort_input_order;75942064;3894235175;0.000034100000
croissant;500;17;merge_sort;75942064;3894235175;0.000017500000
croissant;500;17;heap_sort;75942064;3894235175;0.000047400000
croissant;500;18;selection_sort;4249599370;298853661;0.000634300000
croissant;500;18;bubble_sort;4249599370;298853661;0.000001100000
croissant;500;18;insertion_sort;4249599370;298853661;0.000002100000
croissant;500;18;quick_sort_input_order;4249599370;298853661;0.000036700000
croissant;500;18;merge_sort;4249599370;298853661;0.000018000000
croissant;500;18;heap_sort;4249599370;298853661;0.000048400000
croissant;500;19;selection_sort;1473531955;3142568100;0.000627800000
croissant;500;19;bubble_sort;1473531955;3142568100;0.000001100000
croissant;500;19;insertion_sort;1473531955;3142568100;0.000002100000
croissant;500;19;quick_sort_input_order;1473531955;3142568100;0.000033200000
croissant;500;19;merge_sort;1473531955;3142568100;0.000017700000
croissant;500;19;heap_sort;1473531955;3142568100;0.000048400000
croissant;500;20;selection_sort;4002587711;34159784;0.000640600000
croissant;500;20;bubble_sort;4002587711;34159784;0.000002100000
croissant;500;20;insertion_sort;4002587711;34159784;0.000002100000
croissant;500;20;quick_sort_input_order;4002587711;34159784;0.000036200000
croissant;500;20;merge_sort;4002587711;34159784;0.000018400000
croissant;500;20;heap_sort;4002587711;34159784;0.000047800000
croissant;1000;1;selection_sort;3333958044;706982155;0.002788800000
croissant;1000;1;bubble_sort;3333958044;706982155;0.000008500000
croissant;1000;1;insertion_sort;3333958044;706982155;0.000004300000
croissant;1000;1;quick_sort_input_order;3333958044;706982155;0.000076800000
croissant;1000;1;merge_sort;3333958044;706982155;0.000038700000
croissant;1000;1;heap_sort;3333958044;706982155;0.000109200000
croissant;1000;2;selection_sort;1286452525;2687905210;0.002667900000
croissant;1000;2;bubble_sort;1286452525;2687905210;0.000003900000
croissant;1000;2;insertion_sort;1286452525;2687905210;0.000004900000
croissant;1000;2;quick_sort_input_order;1286452525;2687905210;0.000103600000
croissant;1000;2;merge_sort;1286452525;2687905210;0.000058000000
croissant;1000;2;heap_sort;1286452525;2687905210;0.000132200000
croissant;1000;3;selection_sort;3749106825;871189534;0.002630900000
croissant;1000;3;bubble_sort;3749106825;871189534;0.000002200000
croissant;1000;3;insertion_sort;3749106825;871189534;0.000004200000
croissant;1000;3;quick_sort_input_order;3749106825;871189534;0.000074300000
croissant;1000;3;merge_sort;3749106825;871189534;0.000038200000
croissant;1000;3;heap_sort;3749106825;871189534;0.000108100000
croissant;1000;4;selection_sort;1486228559;3020788952;0.002635400000
croissant;1000;4;bubble_sort;1486228559;3020788952;0.000002100000
croissant;1000;4;insertion_sort;1486228559;3020788952;0.000004100000
croissant;1000;4;quick_sort_input_order;1486228559;3020788952;0.000077200000
croissant;1000;4;merge_sort;1486228559;3020788952;0.000037300000
croissant;1000;4;heap_sort;1486228559;3020788952;0.000110600000
croissant;1000;5;selection_sort;3981857492;30263875;0.002680900000
croissant;1000;5;bubble_sort;3981857492;30263875;0.000002200000
croissant;1000;5;insertion_sort;3981857492;30263875;0.000004200000
croissant;1000;5;quick_sort_input_order;3981857492;30263875;0.000077500000
croissant;1000;5;merge_sort;3981857492;30263875;0.000038400000
croissant;1000;5;heap_sort;3981857492;30263875;0.000108200000
croissant;1000;6;selection_sort;2132856614;2478528433;0.002605200000
croissant;1000;6;bubble_sort;2132856614;2478528433;0.000002100000
croissant;1000;6;insertion_sort;2132856614;2478528433;0.000004100000
croissant;1000;6;quick_sort_input_order;2132856614;2478528433;0.000071300000
croissant;1000;6;merge_sort;2132856614;2478528433;0.000036700000
croissant;1000;6;heap_sort;2132856614;2478528433;0.000113200000
croissant;1000;7;selection_sort;3831283046;147269105;0.002603600000
croissant;1000;7;bubble_sort;3831283046;147269105;0.000002100000
croissant;1000;7;insertion_sort;3831283046;147269105;0.000004100000
croissant;1000;7;quick_sort_input_order;3831283046;147269105;0.000069500000
croissant;1000;7;merge_sort;3831283046;147269105;0.000037200000
croissant;1000;7;heap_sort;3831283046;147269105;0.000109600000
croissant;1000;8;selection_sort;1893826187;2625299996;0.002603900000
croissant;1000;8;bubble_sort;1893826187;2625299996;0.000002100000
croissant;1000;8;insertion_sort;1893826187;2625299996;0.000004100000
croissant;1000;8;quick_sort_input_order;1893826187;2625299996;0.000073200000
croissant;1000;8;merge_sort;1893826187;2625299996;0.000036900000
croissant;1000;8;heap_sort;1893826187;2625299996;0.000109400000
croissant;1000;9;selection_sort;311250807;4262909920;0.002634500000
croissant;1000;9;bubble_sort;311250807;4262909920;0.000002200000
croissant;1000;9;insertion_sort;311250807;4262909920;0.000004200000
croissant;1000;9;quick_sort_input_order;311250807;4262909920;0.000071700000
croissant;1000;9;merge_sort;311250807;4262909920;0.000036900000
croissant;1000;9;heap_sort;311250807;4262909920;0.000109500000
croissant;1000;10;selection_sort;459391933;4160379690;0.002646900000
croissant;1000;10;bubble_sort;459391933;4160379690;0.000004000000
croissant;1000;10;insertion_sort;459391933;4160379690;0.000007000000
croissant;1000;10;quick_sort_input_order;459391933;4160379690;0.000110000000
croissant;1000;10;merge_sort;459391933;4160379690;0.000064800000
croissant;1000;10;heap_sort;459391933;4160379690;0.000159400000
croissant;1000;11;selection_sort;165515782;3846572689;0.002782100000
croissant;1000;11;bubble_sort;165515782;3846572689;0.000003800000
croissant;1000;11;insertion_sort;165515782;3846572689;0.000007000000
croissant;1000;11;quick_sort_input_order;165515782;3846572689;0.000108600000
croissant;1000;11;merge_sort;165515782;3846572689;0.000058300000
croissant;1000;11;heap_sort;165515782;3846572689;0.000190900000
croissant;1000;12;selection_sort;1067219064;3540508911;0.002608800000
croissant;1000;12;bubble_sort;1067219064;3540508911;0.000002200000
croissant;1000;12;insertion_sort;1067219064;3540508911;0.000004100000
croissant;1000;12;quick_sort_input_order;1067219064;3540508911;0.000075200000
croissant;1000;12;merge_sort;1067219064;3540508911;0.000038700000
croissant;1000;12;heap_sort;1067219064;3540508911;0.000110800000
croissant;1000;13;selection_sort;131395360;3947853751;0.002603500000
croissant;1000;13;bubble_sort;131395360;3947853751;0.000002100000
croissant;1000;13;insertion_sort;131395360;3947853751;0.000004200000
croissant;1000;13;quick_sort_input_order;131395360;3947853751;0.000069700000
croissant;1000;13;merge_sort;131395360;3947853751;0.000037100000
croissant;1000;13;heap_sort;131395360;3947853751;0.000109800000
croissant;1000;14;selection_sort;158604505;3857679438;0.002696200000
croissant;1000;14;bubble_sort;158604505;3857679438;0.000002200000
croissant;1000;14;insertion_sort;158604505;3857679438;0.000004100000
croissant;1000;14;quick_sort_input_order;158604505;3857679438;0.000077600000
croissant;1000;14;merge_sort;158604505;3857679438;0.000038200000
croissant;1000;14;heap_sort;158604505;3857679438;0.000106700000
croissant;1000;15;selection_sort;183759173;3865602514;0.002607000000
croissant;1000;15;bubble_sort;183759173;3865602514;0.000002100000
croissant;1000;15;insertion_sort;183759173;3865602514;0.000004100000
croissant;1000;15;quick_sort_input_order;183759173;3865602514;0.000069900000
croissant;1000;15;merge_sort;183759173;3865602514;0.000037300000
croissant;1000;15;heap_sort;183759173;3865602514;0.000108800000
croissant;1000;16;selection_sort;538909443;3431236500;0.002663900000
croissant;1000;16;bubble_sort;538909443;3431236500;0.000002200000
croissant;1000;16;insertion_sort;538909443;3431236500;0.000004100000
croissant;1000;16;quick_sort_input_order;538909443;3431236500;0.000077600000
croissant;1000;16;merge_sort;538909443;3431236500;0.000038100000
croissant;1000;16;heap_sort;538909443;3431236500;0.000107200000
croissant;1000;17;selection_sort;487198176;4052850039;0.002603900000
croissant;1000;17;bubble_sort;487198176;4052850039;0.000002200000
croissant;1000;17;insertion_sort;487198176;4052850039;0.000004000000
croissant;1000;17;quick_sort_input_order;487198176;4052850039;0.000073000000
croissant;1000;17;merge_sort;487198176;4052850039;0.000037000000
croissant;1000;17;heap_sort;487198176;4052850039;0.000109800000
croissant;1000;18;selection_sort;3838277850;140304461;0.002603200000
croissant;1000;18;bubble_sort;3838277850;140304461;0.000002100000
croissant;1000;18;insertion_sort;3838277850;140304461;0.000004100000
croissant;1000;18;quick_sort_input_order;3838277850;140304461;0.000068200000
croissant;1000;18;merge_sort;3838277850;140304461;0.000037100000
croissant;1000;18;heap_sort;3838277850;140304461;0.000108200000
croissant;1000;19;selection_sort;1314428259;2730692084;0.002789400000
croissant;1000;19;bubble_sort;1314428259;2730692084;0.000002200000
croissant;1000;19;insertion_sort;1314428259;2730692084;0.000004200000
croissant;1000;19;quick_sort_input_order;1314428259;2730692084;0.000077400000
croissant;1000;19;merge_sort;1314428259;2730692084;0.000044300000
croissant;1000;19;heap_sort;1314428259;2730692084;0.000109000000
croissant;1000;20;selection_sort;4145963375;461765112;0.002709200000
croissant;1000;20;bubble_sort;4145963375;461765112;0.000002200000
croissant;1000;20;insertion_sort;4145963375;461765112;0.000004200000
croissant;1000;20;quick_sort_input_order;4145963375;461765112;0.000079200000
croissant;1000;20;merge_sort;4145963375;461765112;0.000043200000
croissant;1000;20;heap_sort;4145963375;461765112;0.000106300000
croissant;5000;1;selection_sort;327487293;4280194986;0.068947900000
croissant;5000;1;bubble_sort;327487293;4280194986;0.000010200000
croissant;5000;1;insertion_sort;327487293;4280194986;0.000020300000
croissant;5000;1;quick_sort_input_order;327487293;4280194986;0.000426900000
croissant;5000;1;merge_sort;327487293;4280194986;0.000309200000
croissant;5000;1;heap_sort;327487293;4280194986;0.000571500000
croissant;5000;2;selection_sort;2576389004;1963658011;0.067974700000
croissant;5000;2;bubble_sort;2576389004;1963658011;0.000010300000
croissant;5000;2;insertion_sort;2576389004;1963658011;0.000020200000
croissant;5000;2;quick_sort_input_order;2576389004;1963658011;0.000465000000
croissant;5000;2;merge_sort;2576389004;1963658011;0.000207100000
croissant;5000;2;heap_sort;2576389004;1963658011;0.000576200000
croissant;5000;3;selection_sort;172749352;3872418495;0.068270500000
croissant;5000;3;bubble_sort;172749352;3872418495;0.000010200000
croissant;5000;3;insertion_sort;172749352;3872418495;0.000020200000
croissant;5000;3;quick_sort_input_order;172749352;3872418495;0.000394700000
croissant;5000;3;merge_sort;172749352;3872418495;0.000208400000
croissant;5000;3;heap_sort;172749352;3872418495;0.000573000000
croissant;5000;4;selection_sort;2376805102;1630581369;0.067917300000
croissant;5000;4;bubble_sort;2376805102;1630581369;0.000010200000
croissant;5000;4;insertion_sort;2376805102;1630581369;0.000020200000
croissant;5000;4;quick_sort_input_order;2376805102;1630581369;0.000395000000
croissant;5000;4;merge_sort;2376805102;1630581369;0.000207600000
croissant;5000;4;heap_sort;2376805102;1630581369;0.000574000000
croissant;5000;5;selection_sort;946566261;3572559074;0.068105500000
croissant;5000;5;bubble_sort;946566261;3572559074;0.000014800000
croissant;5000;5;insertion_sort;946566261;3572559074;0.000020500000
croissant;5000;5;quick_sort_input_order;946566261;3572559074;0.000394700000
croissant;5000;5;merge_sort;946566261;3572559074;0.000207300000
croissant;5000;5;heap_sort;946566261;3572559074;0.000577500000
croissant;5000;6;selection_sort;2854087047;1183215888;0.067882100000
croissant;5000;6;bubble_sort;2854087047;1183215888;0.000010300000
croissant;5000;6;insertion_sort;2854087047;1183215888;0.000020300000
croissant;5000;6;quick_sort_input_order;2854087047;1183215888;0.000396600000
croissant;5000;6;merge_sort;2854087047;1183215888;0.000208300000
croissant;5000;6;heap_sort;2854087047;1183215888;0.000572300000
croissant;5000;7;selection_sort;828480455;3724149584;0.067780300000
croissant;5000;7;bubble_sort;828480455;3724149584;0.000010200000
croissant;5000;7;insertion_sort;828480455;3724149584;0.000020300000
croissant;5000;7;quick_sort_input_order;828480455;3724149584;0.000395100000
croissant;5000;7;merge_sort;828480455;3724149584;0.000381100000
croissant;5000;7;heap_sort;828480455;3724149584;0.000611400000
croissant;5000;8;selection_sort;2782681130;1229439165;0.068771300000
croissant;5000;8;bubble_sort;2782681130;1229439165;0.000010200000
croissant;5000;8;insertion_sort;2782681130;1229439165;0.000020200000
croissant;5000;8;quick_sort_input_order;2782681130;1229439165;0.000407000000
croissant;5000;8;merge_sort;2782681130;1229439165;0.000207300000
croissant;5000;8;heap_sort;2782681130;1229439165;0.000578100000
croissant;5000;9;selection_sort;3350227414;724300097;0.068880900000
croissant;5000;9;bubble_sort;3350227414;724300097;0.000010300000
croissant;5000;9;insertion_sort;3350227414;724300097;0.000020200000
croissant;5000;9;quick_sort_input_order;3350227414;724300097;0.000395000000
croissant;5000;9;merge_sort;3350227414;724300097;0.000217900000
croissant;5000;9;heap_sort;3350227414;724300097;0.000577400000
croissant;5000;10;selection_sort;3462194460;583499147;0.068385200000
croissant;5000;10;bubble_sort;3462194460;583499147;0.000010300000
croissant;5000;10;insertion_sort;3462194460;583499147;0.000020200000
croissant;5000;10;quick_sort_input_order;3462194460;583499147;0.000479600000
croissant;5000;10;merge_sort;3462194460;583499147;0.000384200000
croissant;5000;10;heap_sort;3462194460;583499147;0.000772800000
croissant;5000;11;selection_sort;3705713831;813378608;0.067764400000
croissant;5000;11;bubble_sort;3705713831;813378608;0.000010300000
croissant;5000;11;insertion_sort;3705713831;813378608;0.000020200000
croissant;5000;11;quick_sort_input_order;3705713831;813378608;0.000404500000
croissant;5000;11;merge_sort;3705713831;813378608;0.000208300000
croissant;5000;11;heap_sort;3705713831;813378608;0.000589200000
croissant;5000;12;selection_sort;3936444121;104515150;0.068123700000
croissant;5000;12;bubble_sort;3936444121;104515150;0.000010300000
croissant;5000;12;insertion_sort;3936444121;104515150;0.000020200000
croissant;5000;12;quick_sort_input_order;3936444121;104515150;0.000395500000
croissant;5000;12;merge_sort;3936444121;104515150;0.000209000000
croissant;5000;12;heap_sort;3936444121;104515150;0.000577300000
croissant;5000;13;selection_sort;3538536833;1047679254;0.068008600000
croissant;5000;13;bubble_sort;3538536833;1047679254;0.000010300000
croissant;5000;13;insertion_sort;3538536833;1047679254;0.000030000000
croissant;5000;13;quick_sort_input_order;3538536833;1047679254;0.000529300000
croissant;5000;13;merge_sort;3538536833;1047679254;0.000215000000
croissant;5000;13;heap_sort;3538536833;1047679254;0.000572600000
croissant;5000;14;selection_sort;3695786616;819110639;0.068147900000
croissant;5000;14;bubble_sort;3695786616;819110639;0.000010300000
croissant;5000;14;insertion_sort;3695786616;819110639;0.000020200000
croissant;5000;14;quick_sort_input_order;3695786616;819110639;0.000423300000
croissant;5000;14;merge_sort;3695786616;819110639;0.000247800000
croissant;5000;14;heap_sort;3695786616;819110639;0.000579400000
croissant;5000;15;selection_sort;3754874852;861228915;0.067735000000
croissant;5000;15;bubble_sort;3754874852;861228915;0.000010200000
croissant;5000;15;insertion_sort;3754874852;861228915;0.000020200000
croissant;5000;15;quick_sort_input_order;3754874852;861228915;0.000402300000
croissant;5000;15;merge_sort;3754874852;861228915;0.000208000000
croissant;5000;15;heap_sort;3754874852;861228915;0.000574500000
croissant;5000;16;selection_sort;4112661922;431596853;0.068491500000
croissant;5000;16;bubble_sort;4112661922;431596853;0.000010300000
croissant;5000;16;insertion_sort;4112661922;431596853;0.000020200000
croissant;5000;16;quick_sort_input_order;4112661922;431596853;0.000408600000
croissant;5000;16;merge_sort;4112661922;431596853;0.000207700000
croissant;5000;16;heap_sort;4112661922;431596853;0.000601700000
croissant;5000;17;selection_sort;3359058753;615298006;0.067534900000
croissant;5000;17;bubble_sort;3359058753;615298006;0.000010300000
croissant;5000;17;insertion_sort;3359058753;615298006;0.000020300000
croissant;5000;17;quick_sort_input_order;3359058753;615298006;0.000391100000
croissant;5000;17;merge_sort;3359058753;615298006;0.000207600000
croissant;5000;17;heap_sort;3359058753;615298006;0.000579600000
croissant;5000;18;selection_sort;838491771;3714172652;0.067584400000
croissant;5000;18;bubble_sort;838491771;3714172652;0.000010300000
croissant;5000;18;insertion_sort;838491771;3714172652;0.000020300000
croissant;5000;18;quick_sort_input_order;838491771;3714172652;0.000402000000
croissant;5000;18;merge_sort;838491771;3714172652;0.000207300000
croissant;5000;18;heap_sort;838491771;3714172652;0.000575700000
croissant;5000;19;selection_sort;2607133634;2013145941;0.068577600000
croissant;5000;19;bubble_sort;2607133634;2013145941;0.000018300000
croissant;5000;19;insertion_sort;2607133634;2013145941;0.000029500000
croissant;5000;19;quick_sort_input_order;2607133634;2013145941;0.000516600000
croissant;5000;19;merge_sort;2607133634;2013145941;0.000273700000
croissant;5000;19;heap_sort;2607133634;2013145941;0.000573200000
croissant;5000;20;selection_sort;572737486;3468222297;0.067939100000
croissant;5000;20;bubble_sort;572737486;3468222297;0.000010200000
croissant;5000;20;insertion_sort;572737486;3468222297;0.000020200000
croissant;5000;20;quick_sort_input_order;572737486;3468222297;0.000409800000
croissant;5000;20;merge_sort;572737486;3468222297;0.000208000000
croissant;5000;20;heap_sort;572737486;3468222297;0.000575200000
croissant;10000;1;selection_sort;1607167614;3008427753;0.276913700000
croissant;10000;1;bubble_sort;1607167614;3008427753;0.000041000000
croissant;10000;1;insertion_sort;1607167614;3008427753;0.000064800000
croissant;10000;1;quick_sort_input_order;1607167614;3008427753;0.001086300000
croissant;10000;1;merge_sort;1607167614;3008427753;0.000553900000
croissant;10000;1;heap_sort;1607167614;3008427753;0.001500800000
croissant;10000;2;selection_sort;3588158159;960850520;0.276891800000
croissant;10000;2;bubble_sort;3588158159;960850520;0.000020300000
croissant;10000;2;insertion_sort;3588158159;960850520;0.000040300000
croissant;10000;2;quick_sort_input_order;3588158159;960850520;0.000835800000
croissant;10000;2;merge_sort;3588158159;960850520;0.000431600000
croissant;10000;2;heap_sort;3588158159;960850520;0.001202500000
croissant;10000;3;selection_sort;1174770539;2862484476;0.271617800000
croissant;10000;3;bubble_sort;1174770539;2862484476;0.000020300000
croissant;10000;3;insertion_sort;1174770539;2862484476;0.000040300000
croissant;10000;3;quick_sort_input_order;1174770539;2862484476;0.000823000000
croissant;10000;3;merge_sort;1174770539;2862484476;0.000438600000
croissant;10000;3;heap_sort;1174770539;2862484476;0.001187400000
croissant;10000;4;selection_sort;3253029805;763286330;0.274905000000
croissant;10000;4;bubble_sort;3253029805;763286330;0.000020300000
croissant;10000;4;insertion_sort;3253029805;763286330;0.000040200000
croissant;10000;4;quick_sort_input_order;3253029805;763286330;0.000923000000
croissant;10000;4;merge_sort;3253029805;763286330;0.000435200000
croissant;10000;4;heap_sort;3253029805;763286330;0.001289600000
croissant;10000;5;selection_sort;1948587318;2562624929;0.275539900000
croissant;10000;5;bubble_sort;1948587318;2562624929;0.000020300000
croissant;10000;5;insertion_sort;1948587318;2562624929;0.000040300000
croissant;10000;5;quick_sort_input_order;1948587318;2562624929;0.000842800000
croissant;10000;5;merge_sort;1948587318;2562624929;0.000432300000
croissant;10000;5;heap_sort;1948587318;2562624929;0.001771700000
croissant;10000;6;selection_sort;3864234180;180883539;0.278276000000
croissant;10000;6;bubble_sort;3864234180;180883539;0.000020300000
croissant;10000;6;insertion_sort;3864234180;180883539;0.000040200000
croissant;10000;6;quick_sort_input_order;3864234180;180883539;0.000892600000
croissant;10000;6;merge_sort;3864234180;180883539;0.000441300000
croissant;10000;6;heap_sort;3864234180;180883539;0.001191800000
croissant;10000;7;selection_sort;2100296324;2444517907;0.277013500000
croissant;10000;7;bubble_sort;2100296324;2444517907;0.000037900000
croissant;10000;7;insertion_sort;2100296324;2444517907;0.000057700000
croissant;10000;7;quick_sort_input_order;2100296324;2444517907;0.001278000000
croissant;10000;7;merge_sort;2100296324;2444517907;0.000767200000
croissant;10000;7;heap_sort;2100296324;2444517907;0.001954200000
croissant;10000;8;selection_sort;3918674281;84517374;0.276043200000
croissant;10000;8;bubble_sort;3918674281;84517374;0.000020400000
croissant;10000;8;insertion_sort;3918674281;84517374;0.000040300000
croissant;10000;8;quick_sort_input_order;3918674281;84517374;0.000806700000
croissant;10000;8;merge_sort;3918674281;84517374;0.000433100000
croissant;10000;8;heap_sort;3918674281;84517374;0.001188700000
croissant;10000;9;selection_sort;2348681365;1734709250;0.274269600000
croissant;10000;9;bubble_sort;2348681365;1734709250;0.000020300000
croissant;10000;9;insertion_sort;2348681365;1734709250;0.000040300000
croissant;10000;9;quick_sort_input_order;2348681365;1734709250;0.000856700000
croissant;10000;9;merge_sort;2348681365;1734709250;0.000520500000
croissant;10000;9;heap_sort;2348681365;1734709250;0.001583600000
croissant;10000;10;selection_sort;2182251615;1854479560;0.272903300000
croissant;10000;10;bubble_sort;2182251615;1854479560;0.000020300000
croissant;10000;10;insertion_sort;2182251615;1854479560;0.000040300000
croissant;10000;10;quick_sort_input_order;2182251615;1854479560;0.000851500000
croissant;10000;10;merge_sort;2182251615;1854479560;0.000440000000
croissant;10000;10;heap_sort;2182251615;1854479560;0.001201400000
croissant;10000;11;selection_sort;2427377124;2083868019;0.277377600000
croissant;10000;11;bubble_sort;2427377124;2083868019;0.000036000000
croissant;10000;11;insertion_sort;2427377124;2083868019;0.000066700000
croissant;10000;11;quick_sort_input_order;2427377124;2083868019;0.001021000000
croissant;10000;11;merge_sort;2427377124;2083868019;0.000431600000
croissant;10000;11;heap_sort;2427377124;2083868019;0.001191100000
croissant;10000;12;selection_sort;2800697242;1249158925;0.273021500000
croissant;10000;12;bubble_sort;2800697242;1249158925;0.000020300000
croissant;10000;12;insertion_sort;2800697242;1249158925;0.000040300000
croissant;10000;12;quick_sort_input_order;2800697242;1249158925;0.001252800000
croissant;10000;12;merge_sort;2800697242;1249158925;0.000435000000
croissant;10000;12;heap_sort;2800697242;1249158925;0.001341700000
croissant;10000;13;selection_sort;2661787842;1916547157;0.273105000000
croissant;10000;13;bubble_sort;2661787842;1916547157;0.000020200000
croissant;10000;13;insertion_sort;2661787842;1916547157;0.000040300000
croissant;10000;13;quick_sort_input_order;2661787842;1916547157;0.000827100000
croissant;10000;13;merge_sort;2661787842;1916547157;0.000579500000
croissant;10000;13;heap_sort;2661787842;1916547157;0.001197500000
croissant;10000;14;selection_sort;2416401211;2090648492;0.275787900000
croissant;10000;14;bubble_sort;2416401211;2090648492;0.000039800000
croissant;10000;14;insertion_sort;2416401211;2090648492;0.000061900000
croissant;10000;14;quick_sort_input_order;2416401211;2090648492;0.001156500000
croissant;10000;14;merge_sort;2416401211;2090648492;0.000810700000
croissant;10000;14;heap_sort;2416401211;2090648492;0.001902800000
croissant;10000;15;selection_sort;2474686119;2132487728;0.271493000000
croissant;10000;15;bubble_sort;2474686119;2132487728;0.000020300000
croissant;10000;15;insertion_sort;2474686119;2132487728;0.000040200000
croissant;10000;15;quick_sort_input_order;2474686119;2132487728;0.000951000000
croissant;10000;15;merge_sort;2474686119;2132487728;0.000840000000
croissant;10000;15;heap_sort;2474686119;2132487728;0.001503700000
croissant;10000;16;selection_sort;3110886625;1442301046;0.272865300000
croissant;10000;16;bubble_sort;3110886625;1442301046;0.000020200000
croissant;10000;16;insertion_sort;3110886625;1442301046;0.000040300000
croissant;10000;16;quick_sort_input_order;3110886625;1442301046;0.000820400000
croissant;10000;16;merge_sort;3110886625;1442301046;0.000437300000
croissant;10000;16;heap_sort;3110886625;1442301046;0.001191400000
croissant;10000;17;selection_sort;2222541314;1759695509;0.272877100000
croissant;10000;17;bubble_sort;2222541314;1759695509;0.000020300000
croissant;10000;17;insertion_sort;2222541314;1759695509;0.000040300000
croissant;10000;17;quick_sort_input_order;2222541314;1759695509;0.000862100000
croissant;10000;17;merge_sort;2222541314;1759695509;0.000431900000
croissant;10000;17;heap_sort;2222541314;1759695509;0.001201800000
croissant;10000;18;selection_sort;2108964664;2435819439;0.274192500000
croissant;10000;18;bubble_sort;2108964664;2435819439;0.000020300000
croissant;10000;18;insertion_sort;2108964664;2435819439;0.000040300000
croissant;10000;18;quick_sort_input_order;2108964664;2435819439;0.000832100000
croissant;10000;18;merge_sort;2108964664;2435819439;0.000438000000
croissant;10000;18;heap_sort;2108964664;2435819439;0.001188700000
croissant;10000;19;selection_sort;3609973377;1001409046;0.271783100000
croissant;10000;19;bubble_sort;3609973377;1001409046;0.000020300000
croissant;10000;19;insertion_sort;3609973377;1001409046;0.000040300000
croissant;10000;19;quick_sort_input_order;3609973377;1001409046;0.000906500000
croissant;10000;19;merge_sort;3609973377;1001409046;0.000434200000
croissant;10000;19;heap_sort;3609973377;1001409046;0.001191900000
croissant;10000;20;selection_sort;1852647053;2197208602;0.280116600000
croissant;10000;20;bubble_sort;1852647053;2197208602;0.000041100000
croissant;10000;20;insertion_sort;1852647053;2197208602;0.000060800000
croissant;10000;20;quick_sort_input_order;1852647053;2197208602;0.001170700000
croissant;10000;20;merge_sort;1852647053;2197208602;0.000512300000
croissant;10000;20;heap_sort;1852647053;2197208602;0.001195800000
croissant;20000;1;selection_sort;3343330552;735884399;1.102768000000
croissant;20000;1;bubble_sort;3343330552;735884399;0.000040400000
croissant;20000;1;insertion_sort;3343330552;735884399;0.000080400000
croissant;20000;1;quick_sort_input_order;3343330552;735884399;0.001701400000
croissant;20000;1;merge_sort;3343330552;735884399;0.001015900000
croissant;20000;1;heap_sort;3343330552;735884399;0.003376000000
croissant;20000;2;selection_sort;1297264713;2714314974;1.097135900000
croissant;20000;2;bubble_sort;1297264713;2714314974;0.000040400000
croissant;20000;2;insertion_sort;1297264713;2714314974;0.000114200000
croissant;20000;2;quick_sort_input_order;1297264713;2714314974;0.002022300000
croissant;20000;2;merge_sort;1297264713;2714314974;0.000909200000
croissant;20000;2;heap_sort;1297264713;2714314974;0.002497300000
croissant;20000;3;selection_sort;3733574125;840059258;1.107350500000
croissant;20000;3;bubble_sort;3733574125;840059258;0.000064700000
croissant;20000;3;insertion_sort;3733574125;840059258;0.000080400000
croissant;20000;3;quick_sort_input_order;3733574125;840059258;0.002398300000
croissant;20000;3;merge_sort;3733574125;840059258;0.000793200000
croissant;20000;3;heap_sort;3733574125;840059258;0.002381000000
croissant;20000;4;selection_sort;1500055851;3052573116;1.099509100000
croissant;20000;4;bubble_sort;1500055851;3052573116;0.000040300000
croissant;20000;4;insertion_sort;1500055851;3052573116;0.000080400000
croissant;20000;4;quick_sort_input_order;1500055851;3052573116;0.001699000000
croissant;20000;4;merge_sort;1500055851;3052573116;0.000947800000
croissant;20000;4;heap_sort;1500055851;3052573116;0.002651600000
croissant;20000;5;selection_sort;3970521008;3329831;1.108300400000
croissant;20000;5;bubble_sort;3970521008;3329831;0.000044200000
croissant;20000;5;insertion_sort;3970521008;3329831;0.000063500000
croissant;20000;5;quick_sort_input_order;3970521008;3329831;0.001536700000
croissant;20000;5;merge_sort;3970521008;3329831;0.000904400000
croissant;20000;5;heap_sort;3970521008;3329831;0.002510600000
croissant;20000;6;selection_sort;2128595522;2453951189;1.371052300000
croissant;20000;6;bubble_sort;2128595522;2453951189;0.000040300000
croissant;20000;6;insertion_sort;2128595522;2453951189;0.000085900000
croissant;20000;6;quick_sort_input_order;2128595522;2453951189;0.001656000000
croissant;20000;6;merge_sort;2128595522;2453951189;0.001247200000
croissant;20000;6;heap_sort;2128595522;2453951189;0.003012000000
croissant;20000;7;selection_sort;3852711938;154673301;1.255474800000
croissant;20000;7;bubble_sort;3852711938;154673301;0.000040300000
croissant;20000;7;insertion_sort;3852711938;154673301;0.000080400000
croissant;20000;7;quick_sort_input_order;3852711938;154673301;0.001711500000
croissant;20000;7;merge_sort;3852711938;154673301;0.000904800000
croissant;20000;7;heap_sort;3852711938;154673301;0.002523800000
croissant;20000;8;selection_sort;1897823215;2642797432;1.093997100000
croissant;20000;8;bubble_sort;1897823215;2642797432;0.000073900000
croissant;20000;8;insertion_sort;1897823215;2642797432;0.000080700000
croissant;20000;8;quick_sort_input_order;1897823215;2642797432;0.002185800000
croissant;20000;8;merge_sort;1897823215;2642797432;0.000900400000
croissant;20000;8;heap_sort;1897823215;2642797432;0.002487300000
croissant;20000;9;selection_sort;326257171;4293513860;1.095097900000
croissant;20000;9;bubble_sort;326257171;4293513860;0.000040400000
croissant;20000;9;insertion_sort;326257171;4293513860;0.000080400000
croissant;20000;9;quick_sort_input_order;326257171;4293513860;0.001763400000
croissant;20000;9;merge_sort;326257171;4293513860;0.000911000000
croissant;20000;9;heap_sort;326257171;4293513860;0.002647900000
croissant;20000;10;selection_sort;446613209;4127546958;1.110903500000
croissant;20000;10;bubble_sort;446613209;4127546958;0.000040300000
croissant;20000;10;insertion_sort;446613209;4127546958;0.000080400000
croissant;20000;10;quick_sort_input_order;446613209;4127546958;0.001729500000
croissant;20000;10;merge_sort;446613209;4127546958;0.000904900000
croissant;20000;10;heap_sort;446613209;4127546958;0.003328000000
croissant;20000;11;selection_sort;136484706;3837333493;1.096670300000
croissant;20000;11;bubble_sort;136484706;3837333493;0.000040300000
croissant;20000;11;insertion_sort;136484706;3837333493;0.000080400000
croissant;20000;11;quick_sort_input_order;136484706;3837333493;0.002104200000
croissant;20000;11;merge_sort;136484706;3837333493;0.001030200000
croissant;20000;11;heap_sort;136484706;3837333493;0.002776800000
croissant;20000;12;selection_sort;1046707484;3539527051;0.855168700000
croissant;20000;12;bubble_sort;1046707484;3539527051;0.000027500000
croissant;20000;12;insertion_sort;1046707484;3539527051;0.000054800000
croissant;20000;12;quick_sort_input_order;1046707484;3539527051;0.001167600000
croissant;20000;12;merge_sort;1046707484;3539527051;0.000625700000
croissant;20000;12;heap_sort;1046707484;3539527051;0.001692400000
croissant;20000;13;selection_sort;103541316;3937432275;1.151776500000
croissant;20000;13;bubble_sort;103541316;3937432275;0.000049800000
croissant;20000;13;insertion_sort;103541316;3937432275;0.000079400000
croissant;20000;13;quick_sort_input_order;103541316;3937432275;0.001732300000
croissant;20000;13;merge_sort;103541316;3937432275;0.001334600000
croissant;20000;13;heap_sort;103541316;3937432275;0.005579600000
croissant;20000;14;selection_sort;143333821;3826286890;0.940551800000
croissant;20000;14;bubble_sort;143333821;3826286890;0.000049500000
croissant;20000;14;insertion_sort;143333821;3826286890;0.000074500000
croissant;20000;14;quick_sort_input_order;143333821;3826286890;0.001910600000
croissant;20000;14;merge_sort;143333821;3826286890;0.001052800000
croissant;20000;14;heap_sort;143333821;3826286890;0.002469300000
croissant;20000;15;selection_sort;185398305;3885460662;0.991124000000
croissant;20000;15;bubble_sort;185398305;3885460662;0.000078500000
croissant;20000;15;insertion_sort;185398305;3885460662;0.000077700000
croissant;20000;15;quick_sort_input_order;185398305;3885460662;0.002637400000
croissant;20000;15;merge_sort;185398305;3885460662;0.001294600000
croissant;20000;15;heap_sort;185398305;3885460662;0.003480300000
croissant;20000;16;selection_sort;568335975;3447424752;1.251088300000
croissant;20000;16;bubble_sort;568335975;3447424752;0.000061500000
croissant;20000;16;insertion_sort;568335975;3447424752;0.000086600000
croissant;20000;16;quick_sort_input_order;568335975;3447424752;0.002289100000
croissant;20000;16;merge_sort;568335975;3447424752;0.001080700000
croissant;20000;16;heap_sort;568335975;3447424752;0.002205800000
croissant;20000;17;selection_sort;485820548;4033777683;1.102453600000
croissant;20000;17;bubble_sort;485820548;4033777683;0.000076500000
croissant;20000;17;insertion_sort;485820548;4033777683;0.000116900000
croissant;20000;17;quick_sort_input_order;485820548;4033777683;0.001941900000
croissant;20000;17;merge_sort;485820548;4033777683;0.001026500000
croissant;20000;17;heap_sort;485820548;4033777683;0.002485000000
croissant;20000;18;selection_sort;3845684670;161735977;1.281275000000
croissant;20000;18;bubble_sort;3845684670;161735977;0.000088600000
croissant;20000;18;insertion_sort;3845684670;161735977;0.000125500000
croissant;20000;18;quick_sort_input_order;3845684670;161735977;0.002567500000
croissant;20000;18;merge_sort;3845684670;161735977;0.001650700000
croissant;20000;18;heap_sort;3845684670;161735977;0.003972300000
croissant;20000;19;selection_sort;1336381447;2738620560;1.175092700000
croissant;20000;19;bubble_sort;1336381447;2738620560;0.000088700000
croissant;20000;19;insertion_sort;1336381447;2738620560;0.000134700000
croissant;20000;19;quick_sort_input_order;1336381447;2738620560;0.001825800000
croissant;20000;19;merge_sort;1336381447;2738620560;0.000905200000
croissant;20000;19;heap_sort;1336381447;2738620560;0.002523200000
croissant;20000;20;selection_sort;4141966347;444267676;1.167507300000
croissant;20000;20;bubble_sort;4141966347;444267676;0.000076900000
croissant;20000;20;insertion_sort;4141966347;444267676;0.000156200000
croissant;20000;20;quick_sort_input_order;4141966347;444267676;0.003163300000
croissant;20000;20;merge_sort;4141966347;444267676;0.001728200000
croissant;20000;20;heap_sort;4141966347;444267676;0.003878200000
croissant;50000;1;quick_sort_input_order;3912416452;94970963;0.006539100000
croissant;50000;1;merge_sort;3912416452;94970963;0.005607500000
croissant;50000;1;heap_sort;3912416452;94970963;0.011241900000
croissant;50000;2;quick_sort_input_order;1663508597;2411509986;0.005145000000
croissant;50000;2;merge_sort;1663508597;2411509986;0.003209000000
croissant;50000;2;heap_sort;1663508597;2411509986;0.008945700000
croissant;50000;3;quick_sort_input_order;4043063761;476567878;0.006068800000
croissant;50000;3;merge_sort;4043063761;476567878;0.004272300000
croissant;50000;3;heap_sort;4043063761;476567878;0.011058700000
croissant;50000;4;quick_sort_input_order;1998362903;2609316224;0.006865400000
croissant;50000;4;merge_sort;1998362903;2609316224;0.004333100000
croissant;50000;4;heap_sort;1998362903;2609316224;0.010550500000
croissant;50000;5;quick_sort_input_order;3269248908;776429339;0.011078400000
croissant;50000;5;merge_sort;3269248908;776429339;0.006891600000
croissant;50000;5;heap_sort;3269248908;776429339;0.009381100000
croissant;50000;6;quick_sort_input_order;1353341566;3157377769;0.007002200000
croissant;50000;6;merge_sort;1353341566;3157377769;0.004361500000
croissant;50000;6;heap_sort;1353341566;3157377769;0.011980800000
croissant;50000;7;quick_sort_input_order;3419809854;659402921;0.005387300000
croissant;50000;7;merge_sort;3419809854;659402921;0.004820400000
croissant;50000;7;heap_sort;3419809854;659402921;0.007865600000
croissant;50000;8;quick_sort_input_order;1600908243;3018879812;0.004580700000
croissant;50000;8;merge_sort;1600908243;3018879812;0.002484100000
croissant;50000;8;heap_sort;1600908243;3018879812;0.009385900000
croissant;50000;9;quick_sort_input_order;1023924783;3516678840;0.007138000000
croissant;50000;9;merge_sort;1023924783;3516678840;0.004034100000
croissant;50000;9;heap_sort;1023924783;3516678840;0.009901300000
croissant;50000;10;quick_sort_input_order;887838437;3631271538;0.008116400000
croissant;50000;10;merge_sort;887838437;3631271538;0.002359300000
croissant;50000;10;heap_sort;887838437;3631271538;0.014169900000
croissant;50000;11;quick_sort_input_order;643237726;3402407881;0.005374200000
croissant;50000;11;merge_sort;643237726;3402407881;0.002744600000
croissant;50000;11;heap_sort;643237726;3402407881;0.008802800000
croissant;50000;12;quick_sort_input_order;269937952;4237129143;0.006857700000
croissant;50000;12;merge_sort;269937952;4237129143;0.002432700000
croissant;50000;12;heap_sort;269937952;4237129143;0.010483500000
croissant;50000;13;quick_sort_input_order;677280376;3301303023;0.006514100000
croissant;50000;13;merge_sort;677280376;3301303023;0.004720800000
croissant;50000;13;heap_sort;677280376;3301303023;0.006967300000
croissant;50000;14;quick_sort_input_order;654215553;3395621142;0.003959100000
croissant;50000;14;merge_sort;654215553;3395621142;0.003754600000
croissant;50000;14;heap_sort;654215553;3395621142;0.007067100000
croissant;50000;15;quick_sort_input_order;628712477;3387096202;0.004864900000
croissant;50000;15;merge_sort;628712477;3387096202;0.007754000000
croissant;50000;15;heap_sort;628712477;3387096202;0.008947900000
croissant;50000;16;quick_sort_input_order;261459547;3809351372;0.009182300000
croissant;50000;16;merge_sort;261459547;3809351372;0.004640000000
croissant;50000;16;heap_sort;261459547;3809351372;0.009283300000
croissant;50000;17;quick_sort_input_order;847288504;3726311471;0.005392000000
croissant;50000;17;merge_sort;847288504;3726311471;0.004103000000
croissant;50000;17;heap_sort;847288504;3726311471;0.012860600000
croissant;50000;18;quick_sort_input_order;3410881922;668366101;0.005290600000
croissant;50000;18;merge_sort;3410881922;668366101;0.003271600000
croissant;50000;18;heap_sort;3410881922;668366101;0.008851900000
croissant;50000;19;quick_sort_input_order;1641152571;2370410668;0.006081200000
croissant;50000;19;merge_sort;1641152571;2370410668;0.004269200000
croissant;50000;19;heap_sort;1641152571;2370410668;0.011643100000
croissant;50000;20;quick_sort_input_order;3633640503;873426080;0.006321500000
croissant;50000;20;merge_sort;3633640503;873426080;0.006178400000
croissant;50000;20;heap_sort;3633640503;873426080;0.009869100000
croissant;100000;1;quick_sort_input_order;2862877068;1178571035;0.014261900000
croissant;100000;1;merge_sort;2862877068;1178571035;0.007247200000
croissant;100000;1;heap_sort;2862877068;1178571035;0.018572800000
croissant;100000;2;quick_sort_input_order;548508989;3425308074;0.022972700000
croissant;100000;2;merge_sort;548508989;3425308074;0.011479000000
croissant;100000;2;heap_sort;548508989;3425308074;0.018381000000
croissant;100000;3;quick_sort_input_order;3010131097;1609657358;0.011046000000
croissant;100000;3;merge_sort;3010131097;1609657358;0.008339400000
croissant;100000;3;heap_sort;3010131097;1609657358;0.017641700000
croissant;100000;4;quick_sort_input_order;881470559;3625039048;0.015205300000
croissant;100000;4;merge_sort;881470559;3625039048;0.017786600000
croissant;100000;4;heap_sort;881470559;3625039048;0.023190100000
croissant;100000;5;quick_sort_input_order;2169139908;1842473555;0.015082000000
croissant;100000;5;merge_sort;2169139908;1842473555;0.008132000000
croissant;100000;5;heap_sort;2169139908;1842473555;0.016185300000
croissant;100000;6;quick_sort_input_order;322760502;4289165217;0.016361600000
croissant;100000;6;merge_sort;322760502;4289165217;0.010371300000
croissant;100000;6;heap_sort;322760502;4289165217;0.021585400000
croissant;100000;7;quick_sort_input_order;2285935990;1692075489;0.015413600000
croissant;100000;7;merge_sort;2285935990;1692075489;0.005484300000
croissant;100000;7;heap_sort;2285935990;1692075489;0.021854500000
croissant;100000;8;quick_sort_input_order;486366875;4033267212;0.013465300000
croissant;100000;8;merge_sort;486366875;4033267212;0.007032700000
croissant;100000;8;heap_sort;486366875;4033267212;0.014752900000
croissant;100000;9;quick_sort_input_order;2123460455;2450192368;0.015646900000
croissant;100000;9;merge_sort;2123460455;2450192368;0.008943600000
croissant;100000;9;heap_sort;2123460455;2450192368;0.025122200000
croissant;100000;10;quick_sort_input_order;2004738989;2615573306;0.019463300000
croissant;100000;10;merge_sort;2004738989;2615573306;0.005553800000
croissant;100000;10;heap_sort;2004738989;2615573306;0.022726800000
croissant;100000;11;quick_sort_input_order;1707192854;2304387713;0.013774100000
croissant;100000;11;merge_sort;1707192854;2304387713;0.006491100000
croissant;100000;11;heap_sort;1707192854;2304387713;0.018593000000
croissant;100000;12;quick_sort_input_order;1400920168;3206267135;0.016389700000
croissant;100000;12;merge_sort;1400920168;3206267135;0.006189100000
croissant;100000;12;heap_sort;1400920168;3206267135;0.014237100000
croissant;100000;13;quick_sort_input_order;1808322352;2270386087;0.012171000000
croissant;100000;13;merge_sort;1808322352;2270386087;0.007485200000
croissant;100000;13;heap_sort;1808322352;2270386087;0.018354200000
croissant;100000;14;quick_sort_input_order;1701330121;2314445918;0.009620900000
croissant;100000;14;merge_sort;1701330121;2314445918;0.007846700000
croissant;100000;14;heap_sort;1701330121;2314445918;0.017100500000
croissant;100000;15;quick_sort_input_order;1726992725;2322876866;0.014109600000
croissant;100000;15;merge_sort;1726992725;2322876866;0.005522200000
croissant;100000;15;heap_sort;1726992725;2322876866;0.018532100000
croissant;100000;16;quick_sort_input_order;1275280147;2694357892;0.014377100000
croissant;100000;16;merge_sort;1275280147;2694357892;0.007916000000
croissant;100000;16;heap_sort;1275280147;2694357892;0.017885400000
croissant;100000;17;quick_sort_input_order;1897278960;2643309927;0.009738500000
croissant;100000;17;merge_sort;1897278960;2643309927;0.007770900000
croissant;100000;17;heap_sort;1897278960;2643309927;0.016288000000
croissant;100000;18;quick_sort_input_order;2296076490;1681965149;0.013249500000
croissant;100000;18;merge_sort;2296076490;1681965149;0.009107500000
croissant;100000;18;heap_sort;2296076490;1681965149;0.013290700000
croissant;100000;19;quick_sort_input_order;574928243;3470732772;0.014286600000
croissant;100000;19;merge_sort;574928243;3470732772;0.011916900000
croissant;100000;19;heap_sort;574928243;3470732772;0.018468000000
croissant;100000;20;quick_sort_input_order;2600616319;2006571496;0.013560800000
croissant;100000;20;merge_sort;2600616319;2006571496;0.010405500000
croissant;100000;20;heap_sort;2600616319;2006571496;0.027108900000
croissant;500000;1;quick_sort_input_order;1139962275;2942953780;0.063170500000
croissant;500000;1;merge_sort;1139962275;2942953780;0.088187400000
croissant;500000;1;heap_sort;1139962275;2942953780;0.205982700000
croissant;500000;2;quick_sort_input_order;3387419922;628913541;0.090389200000
croissant;500000;2;merge_sort;3387419922;628913541;0.030006900000
croissant;500000;2;heap_sort;3387419922;628913541;0.077576900000
croissant;500000;3;quick_sort_input_order;1513917622;3064402977;0.070331400000
croissant;500000;3;merge_sort;1513917622;3064402977;0.037426800000
croissant;500000;3;heap_sort;1513917622;3064402977;0.097778700000
croissant;500000;4;quick_sort_input_order;3722204272;826789095;0.066048000000
croissant;500000;4;merge_sort;3722204272;826789095;0.038286800000
croissant;500000;4;heap_sort;3722204272;826789095;0.083935000000
croissant;500000;5;quick_sort_input_order;1746668267;2223477372;0.055409100000
croissant;500000;5;merge_sort;1746668267;2223477372;0.032057400000
croissant;500000;5;heap_sort;1746668267;2223477372;0.078162200000
croissant;500000;6;quick_sort_input_order;4201289497;384896910;0.053204900000
croissant;500000;6;merge_sort;4201289497;384896910;0.030164800000
croissant;500000;6;heap_sort;4201289497;384896910;0.078146200000
croissant;500000;7;quick_sort_input_order;1628890457;2374860238;0.055519100000
croissant;500000;7;merge_sort;1628890457;2374860238;0.031171900000
croissant;500000;7;heap_sort;1628890457;2374860238;0.077933900000
croissant;500000;8;quick_sort_input_order;4121634484;422624803;0.057428800000
croissant;500000;8;merge_sort;4121634484;422624803;0.029200200000
croissant;500000;8;heap_sort;4121634484;422624803;0.079618900000
croissant;500000;9;quick_sort_input_order;2546407240;2069663711;0.054089900000
croissant;500000;9;merge_sort;2546407240;2069663711;0.028631700000
croissant;500000;9;heap_sort;2546407240;2069663711;0.079176100000
croissant;500000;10;quick_sort_input_order;2653657986;1924137749;0.078654600000
croissant;500000;10;merge_sort;2653657986;1924137749;0.036218500000
croissant;500000;10;heap_sort;2653657986;1924137749;0.091817400000
croissant;500000;11;quick_sort_input_order;2358757945;1611420334;0.067319900000
croissant;500000;11;merge_sort;2358757945;1611420334;0.040379700000
croissant;500000;11;heap_sort;2358757945;1611420334;0.104778500000
croissant;500000;12;quick_sort_input_order;3134595143;1447934160;0.075582800000
croissant;500000;12;merge_sort;3134595143;1447934160;0.047753400000
croissant;500000;12;heap_sort;3134595143;1447934160;0.098426800000
croissant;500000;13;quick_sort_input_order;2191439647;1845833608;0.081174000000
croissant;500000;13;merge_sort;2191439647;1845833608;0.035822000000
croissant;500000;13;heap_sort;2191439647;1845833608;0.097741600000
croissant;500000;14;quick_sort_input_order;2352891110;1621482609;0.069476000000
croissant;500000;14;merge_sort;2352891110;1621482609;0.045873200000
croissant;500000;14;heap_sort;2352891110;1621482609;0.105250200000
croissant;500000;15;quick_sort_input_order;2411309434;1663185389;0.068781600000
croissant;500000;15;merge_sort;2411309434;1663185389;0.041159900000
croissant;500000;15;heap_sort;2411309434;1663185389;0.096351800000
croissant;500000;16;quick_sort_input_order;2773828412;1238293419;0.074690100000
croissant;500000;16;merge_sort;2773828412;1238293419;0.053997000000
croissant;500000;16;heap_sort;2773828412;1238293419;0.127050200000
croissant;500000;17;quick_sort_input_order;2554353119;1960561992;0.070019600000
croissant;500000;17;merge_sort;2554353119;1960561992;0.037144300000
croissant;500000;17;heap_sort;2554353119;1960561992;0.091107500000
croissant;500000;18;quick_sort_input_order;1636638949;2367076466;0.067522900000
croissant;500000;18;merge_sort;1636638949;2367076466;0.044453400000
croissant;500000;18;heap_sort;1636638949;2367076466;0.087631300000
croissant;500000;19;quick_sort_input_order;3407007068;663311819;0.070610000000
croissant;500000;19;merge_sort;3407007068;663311819;0.036878100000
croissant;500000;19;heap_sort;3407007068;663311819;0.099282200000
croissant;500000;20;quick_sort_input_order;1918122320;2664407495;0.066469400000
croissant;500000;20;merge_sort;1918122320;2664407495;0.044636500000
croissant;500000;20;heap_sort;1918122320;2664407495;0.153657000000
croissant;1000000;1;quick_sort_input_order;4280652643;331222004;0.202995400000
croissant;1000000;1;merge_sort;4280652643;331222004;0.102977800000
croissant;1000000;1;heap_sort;4280652643;331222004;0.218310800000
croissant;1000000;2;quick_sort_input_order;1966084050;2578159429;0.151598100000
croissant;1000000;2;merge_sort;1966084050;2578159429;0.090127500000
croissant;1000000;2;heap_sort;1966084050;2578159429;0.233549600000
croissant;1000000;3;quick_sort_input_order;3874188918;175175393;0.153481600000
croissant;1000000;3;merge_sort;3874188918;175175393;0.092334700000
croissant;1000000;3;heap_sort;3874188918;175175393;0.233637900000
croissant;1000000;4;quick_sort_input_order;1628157616;2375036455;0.153083000000
croissant;1000000;4;merge_sort;1628157616;2375036455;0.078237000000
croissant;1000000;4;heap_sort;1628157616;2375036455;0.215045500000
croissant;1000000;5;quick_sort_input_order;3570133035;944795836;0.165615300000
croissant;1000000;5;merge_sort;3570133035;944795836;0.094722900000
croissant;1000000;5;heap_sort;3570133035;944795836;0.215997300000
croissant;1000000;6;quick_sort_input_order;1186821593;2854677838;0.165477500000
croissant;1000000;6;merge_sort;1186821593;2854677838;0.093520100000
croissant;1000000;6;heap_sort;1186821593;2854677838;0.240924500000
croissant;1000000;7;quick_sort_input_order;3720415129;828022542;0.153419800000
croissant;1000000;7;merge_sort;3720415129;828022542;0.099052400000
croissant;1000000;7;heap_sort;3720415129;828022542;0.244813400000
croissant;1000000;8;quick_sort_input_order;1232913524;2783403235;0.148617200000
croissant;1000000;8;merge_sort;1232913524;2783403235;0.106466600000
croissant;1000000;8;heap_sort;1232913524;2783403235;0.244423800000
croissant;1000000;9;quick_sort_input_order;722531720;3347803423;0.171090900000
croissant;1000000;9;merge_sort;722531720;3347803423;0.107212100000
croissant;1000000;9;heap_sort;722531720;3347803423;0.247736100000
croissant;1000000;10;quick_sort_input_order;586971458;3462914517;0.220815900000
croissant;1000000;10;merge_sort;586971458;3462914517;0.155040700000
croissant;1000000;10;heap_sort;586971458;3462914517;0.252958700000
croissant;1000000;11;quick_sort_input_order;809511161;3705385070;0.208389700000
croissant;1000000;11;merge_sort;809511161;3705385070;0.120156700000
croissant;1000000;11;heap_sort;809511161;3705385070;0.235872900000
croissant;1000000;12;quick_sort_input_order;100778631;3935984144;0.159839400000
croissant;1000000;12;merge_sort;100778631;3935984144;0.097277300000
croissant;1000000;12;heap_sort;100778631;3935984144;0.241605400000
croissant;1000000;13;quick_sort_input_order;1044993503;3537030472;0.162568500000
croissant;1000000;13;merge_sort;1044993503;3537030472;0.097063400000
croissant;1000000;13;heap_sort;1044993503;3537030472;0.224254000000
croissant;1000000;14;quick_sort_input_order;820618790;3698474673;0.169714100000
croissant;1000000;14;merge_sort;820618790;3698474673;0.086722500000
croissant;1000000;14;heap_sort;820618790;3698474673;0.222941500000
croissant;1000000;15;quick_sort_input_order;862866362;3757429549;0.154833100000
croissant;1000000;15;merge_sort;862866362;3757429549;0.085881200000
croissant;1000000;15;heap_sort;862866362;3757429549;0.212019700000
croissant;1000000;16;quick_sort_input_order;427991548;4112071019;0.147027000000
croissant;1000000;16;merge_sort;427991548;4112071019;0.091004100000
croissant;1000000;16;heap_sort;427991548;4112071019;0.222377900000
croissant;1000000;17;quick_sort_input_order;613922591;3356241800;0.141000100000
croissant;1000000;17;merge_sort;613922591;3356241800;0.081549000000
croissant;1000000;17;heap_sort;613922591;3356241800;0.194318100000
croissant;1000000;18;quick_sort_input_order;3713712677;834755250;0.112104100000
croissant;1000000;18;merge_sort;3713712677;834755250;0.067134100000
croissant;1000000;18;heap_sort;3713712677;834755250;0.157725500000
croissant;1000000;19;quick_sort_input_order;2009411484;2606675723;0.143449400000
croissant;1000000;19;merge_sort;2009411484;2606675723;0.080280800000
croissant;1000000;19;heap_sort;2009411484;2606675723;0.172690400000
croissant;1000000;20;quick_sort_input_order;3464747920;572015367;0.119244100000
croissant;1000000;20;merge_sort;3464747920;572015367;0.062359800000
croissant;1000000;20;heap_sort;3464747920;572015367;0.171305200000
decroissant;100;1;selection_sort;4105724761;405011406;0.000021900000
decroissant;100;1;bubble_sort;4105724761;405011406;0.000014600000
decroissant;100;1;insertion_sort;4105724761;405011406;0.000012000000
decroissant;100;1;quick_sort_input_order;4105724761;405011406;0.000008600000
decroissant;100;1;merge_sort;4105724761;405011406;0.000005100000
decroissant;100;1;heap_sort;4105724761;405011406;0.000008500000
decroissant;100;2;selection_sort;2125332456;2453038975;0.000021900000
decroissant;100;2;bubble_sort;2125332456;2453038975;0.000014400000
decroissant;100;2;insertion_sort;2125332456;2453038975;0.000011900000
decroissant;100;2;quick_sort_input_order;2125332456;2453038975;0.000008400000
decroissant;100;2;merge_sort;2125332456;2453038975;0.000003500000
decroissant;100;2;heap_sort;2125332456;2453038975;0.000006500000
decroissant;100;3;selection_sort;3983973964;32311003;0.000021600000
decroissant;100;3;bubble_sort;3983973964;32311003;0.000014100000
decroissant;100;3;insertion_sort;3983973964;32311003;0.000011800000
decroissant;100;3;quick_sort_input_order;3983973964;32311003;0.000007700000
decroissant;100;3;merge_sort;3983973964;32311003;0.000003200000
decroissant;100;3;heap_sort;3983973964;32311003;0.000004900000
decroissant;100;4;selection_sort;1788233354;2249055773;0.000021800000
decroissant;100;4;bubble_sort;1788233354;2249055773;0.000013800000
decroissant;100;4;insertion_sort;1788233354;2249055773;0.000011700000
decroissant;100;4;quick_sort_input_order;1788233354;2249055773;0.000007700000
decroissant;100;4;merge_sort;1788233354;2249055773;0.000003200000
decroissant;100;4;heap_sort;1788233354;2249055773;0.000004400000
decroissant;100;5;selection_sort;3746961425;869105798;0.000021300000
decroissant;100;5;bubble_sort;3746961425;869105798;0.000014000000
decroissant;100;5;insertion_sort;3746961425;869105798;0.000011600000
decroissant;100;5;quick_sort_input_order;3746961425;869105798;0.000008000000
decroissant;100;5;merge_sort;3746961425;869105798;0.000003200000
decroissant;100;5;heap_sort;3746961425;869105798;0.000004100000
decroissant;100;6;selection_sort;1293977059;2713394548;0.000021500000
decroissant;100;6;bubble_sort;1293977059;2713394548;0.000013800000
decroissant;100;6;insertion_sort;1293977059;2713394548;0.000011600000
decroissant;100;6;quick_sort_input_order;1293977059;2713394548;0.000007800000
decroissant;100;6;merge_sort;1293977059;2713394548;0.000003100000
decroissant;100;6;heap_sort;1293977059;2713394548;0.000004100000
decroissant;100;7;selection_sort;3596416931;986148660;0.000021900000
decroissant;100;7;bubble_sort;3596416931;986148660;0.000013800000
decroissant;100;7;insertion_sort;3596416931;986148660;0.000011600000
decroissant;100;7;quick_sort_input_order;3596416931;986148660;0.000007700000
decroissant;100;7;merge_sort;3596416931;986148660;0.000003200000
decroissant;100;7;heap_sort;3596416931;986148660;0.000003900000
decroissant;100;8;selection_sort;1122055246;2927275225;0.000021700000
decroissant;100;8;bubble_sort;1122055246;2927275225;0.000013700000
decroissant;100;8;insertion_sort;1122055246;2927275225;0.000011600000
decroissant;100;8;quick_sort_input_order;1122055246;2927275225;0.000007800000
decroissant;100;8;merge_sort;1122055246;2927275225;0.000003100000
decroissant;100;8;heap_sort;1122055246;2927275225;0.000003700000
decroissant;100;9;selection_sort;546112946;3424034085;0.000021500000
decroissant;100;9;bubble_sort;546112946;3424034085;0.000013900000
decroissant;100;9;insertion_sort;546112946;3424034085;0.000011500000
decroissant;100;9;quick_sort_input_order;546112946;3424034085;0.000007200000
decroissant;100;9;merge_sort;546112946;3424034085;0.000003200000
decroissant;100;9;heap_sort;546112946;3424034085;0.000003500000
decroissant;100;10;selection_sort;694258040;3321500143;0.000021700000
decroissant;100;10;bubble_sort;694258040;3321500143;0.000013900000
decroissant;100;10;insertion_sort;694258040;3321500143;0.000011600000
decroissant;100;10;quick_sort_input_order;694258040;3321500143;0.000006600000
decroissant;100;10;merge_sort;694258040;3321500143;0.000003300000
decroissant;100;10;heap_sort;694258040;3321500143;0.000003500000
decroissant;100;11;selection_sort;1004394691;3611705428;0.000021700000
decroissant;100;11;bubble_sort;1004394691;3611705428;0.000014000000
decroissant;100;11;insertion_sort;1004394691;3611705428;0.000011700000
decroissant;100;11;quick_sort_input_order;1004394691;3611705428;0.000007300000
decroissant;100;11;merge_sort;1004394691;3611705428;0.000003500000
decroissant;100;11;heap_sort;1004394691;3611705428;0.000003300000
decroissant;100;12;selection_sort;228340413;3775375914;0.000021700000
decroissant;100;12;bubble_sort;228340413;3775375914;0.000013900000
decroissant;100;12;insertion_sort;228340413;3775375914;0.000011600000
decroissant;100;12;quick_sort_input_order;228340413;3775375914;0.000007400000
decroissant;100;12;merge_sort;228340413;3775375914;0.000003200000
decroissant;100;12;heap_sort;228340413;3775375914;0.000003300000
decroissant;100;13;selection_sort;903128549;3645848946;0.000021500000
decroissant;100;13;bubble_sort;903128549;3645848946;0.000013900000
decroissant;100;13;insertion_sort;903128549;3645848946;0.000011600000
decroissant;100;13;quick_sort_input_order;903128549;3645848946;0.000007000000
decroissant;100;13;merge_sort;903128549;3645848946;0.000003100000
decroissant;100;13;heap_sort;903128549;3645848946;0.000003100000
decroissant;100;14;selection_sort;997479964;3622817419;0.000021500000
decroissant;100;14;bubble_sort;997479964;3622817419;0.000013800000
decroissant;100;14;insertion_sort;997479964;3622817419;0.000011600000
decroissant;100;14;quick_sort_input_order;997479964;3622817419;0.000007100000
decroissant;100;14;merge_sort;997479964;3622817419;0.000003200000
decroissant;100;14;heap_sort;997479964;3622817419;0.000003200000
decroissant;100;15;selection_sort;955497344;3563594519;0.000021400000
decroissant;100;15;bubble_sort;955497344;3563594519;0.000013800000
decroissant;100;15;insertion_sort;955497344;3563594519;0.000011500000
decroissant;100;15;quick_sort_input_order;955497344;3563594519;0.000007400000
decroissant;100;15;merge_sort;955497344;3563594519;0.000003100000
decroissant;100;15;heap_sort;955497344;3563594519;0.000003200000
decroissant;100;16;selection_sort;304042438;4270115153;0.000021500000
decroissant;100;16;bubble_sort;304042438;4270115153;0.000013900000
decroissant;100;16;insertion_sort;304042438;4270115153;0.000011500000
decroissant;100;16;quick_sort_input_order;304042438;4270115153;0.000006700000
decroissant;100;16;merge_sort;304042438;4270115153;0.000003200000
decroissant;100;16;heap_sort;304042438;4270115153;0.000003300000
decroissant;100;17;selection_sort;789202725;3281117106;0.000021400000
decroissant;100;17;bubble_sort;789202725;3281117106;0.000014000000
decroissant;100;17;insertion_sort;789202725;3281117106;0.000105400000
decroissant;100;17;quick_sort_input_order;789202725;3281117106;0.000007300000
decroissant;100;17;merge_sort;789202725;3281117106;0.000003600000
decroissant;100;17;heap_sort;789202725;3281117106;0.000004000000
decroissant;100;18;selection_sort;3603378719;979151496;0.000021300000
decroissant;100;18;bubble_sort;3603378719;979151496;0.000014100000
decroissant;100;18;insertion_sort;3603378719;979151496;0.000011600000
decroissant;100;18;quick_sort_input_order;3603378719;979151496;0.000007600000
decroissant;100;18;merge_sort;3603378719;979151496;0.000003300000
decroissant;100;18;heap_sort;3603378719;979151496;0.000003600000
decroissant;100;19;selection_sort;2086199206;2428716849;0.000021600000
decroissant;100;19;bubble_sort;2086199206;2428716849;0.000014100000
decroissant;100;19;insertion_sort;2086199206;2428716849;0.000011600000
decroissant;100;19;quick_sort_input_order;2086199206;2428716849;0.000007300000
decroissant;100;19;merge_sort;2086199206;2428716849;0.000003100000
decroissant;100;19;heap_sort;2086199206;2428716849;0.000003500000
decroissant;100;20;selection_sort;3307088810;696628029;0.000021500000
decroissant;100;20;bubble_sort;3307088810;696628029;0.000014000000
decroissant;100;20;insertion_sort;3307088810;696628029;0.000011600000
decroissant;100;20;quick_sort_input_order;3307088810;696628029;0.000007300000
decroissant;100;20;merge_sort;3307088810;696628029;0.000003100000
decroissant;100;20;heap_sort;3307088810;696628029;0.000003300000
decroissant;500;1;selection_sort;2320478996;1725180803;0.000629900000
decroissant;500;1;bubble_sort;2320478996;1725180803;0.000432100000
decroissant;500;1;insertion_sort;2320478996;1725180803;0.000260300000
decroissant;500;1;quick_sort_input_order;2320478996;1725180803;0.000055200000
decroissant;500;1;merge_sort;2320478996;1725180803;0.000039600000
decroissant;500;1;heap_sort;2320478996;1725180803;0.000066900000
decroissant;500;2;selection_sort;5910437;3972118322;0.000644300000
decroissant;500;2;bubble_sort;5910437;3972118322;0.000363500000
decroissant;500;2;insertion_sort;5910437;3972118322;0.000286100000
decroissant;500;2;quick_sort_input_order;5910437;3972118322;0.000068100000
decroissant;500;2;merge_sort;5910437;3972118322;0.000032600000
decroissant;500;2;heap_sort;5910437;3972118322;0.000069000000
decroissant;500;3;selection_sort;2474724865;2132465302;0.000774700000
decroissant;500;3;bubble_sort;2474724865;2132465302;0.000369500000
decroissant;500;3;insertion_sort;2474724865;2132465302;0.000282600000
decroissant;500;3;quick_sort_input_order;2474724865;2132465302;0.000042600000
decroissant;500;3;merge_sort;2474724865;2132465302;0.000020500000
decroissant;500;3;heap_sort;2474724865;2132465302;0.000051700000
decroissant;500;4;selection_sort;341939911;4177137232;0.000734700000
decroissant;500;4;bubble_sort;341939911;4177137232;0.000369700000
decroissant;500;4;insertion_sort;341939911;4177137232;0.000259600000
decroissant;500;4;quick_sort_input_order;341939911;4177137232;0.000043200000
decroissant;500;4;merge_sort;341939911;4177137232;0.000023700000
decroissant;500;4;heap_sort;341939911;4177137232;0.000051700000
decroissant;500;5;selection_sort;2711734364;1295667403;0.000635300000
decroissant;500;5;bubble_sort;2711734364;1295667403;0.000360900000
decroissant;500;5;insertion_sort;2711734364;1295667403;0.000259300000
decroissant;500;5;quick_sort_input_order;2711734364;1295667403;0.000045200000
decroissant;500;5;merge_sort;2711734364;1295667403;0.000022000000
decroissant;500;5;heap_sort;2711734364;1295667403;0.000052700000
decroissant;500;6;selection_sort;869750190;3746352441;0.000630000000
decroissant;500;6;bubble_sort;869750190;3746352441;0.000365900000
decroissant;500;6;insertion_sort;869750190;3746352441;0.000259300000
decroissant;500;6;quick_sort_input_order;869750190;3746352441;0.000038800000
decroissant;500;6;merge_sort;869750190;3746352441;0.000022100000
decroissant;500;6;heap_sort;869750190;3746352441;0.000052700000
decroissant;500;7;selection_sort;2829789166;1144045433;0.000635100000
decroissant;500;7;bubble_sort;2829789166;1144045433;0.000366600000
decroissant;500;7;insertion_sort;2829789166;1144045433;0.000259300000
decroissant;500;7;quick_sort_input_order;2829789166;1144045433;0.000043900000
decroissant;500;7;merge_sort;2829789166;1144045433;0.000021800000
decroissant;500;7;heap_sort;2829789166;1144045433;0.000052100000
decroissant;500;8;selection_sort;1008133123;3498933396;0.000630300000
decroissant;500;8;bubble_sort;1008133123;3498933396;0.000366500000
decroissant;500;8;insertion_sort;1008133123;3498933396;0.000259300000
decroissant;500;8;quick_sort_input_order;1008133123;3498933396;0.000041600000
decroissant;500;8;merge_sort;1008133123;3498933396;0.000022000000
decroissant;500;8;heap_sort;1008133123;3498933396;0.000051200000
decroissant;500;9;selection_sort;1585108479;3001109864;0.000642700000
decroissant;500;9;bubble_sort;1585108479;3001109864;0.000409900000
decroissant;500;9;insertion_sort;1585108479;3001109864;0.000264100000
decroissant;500;9;quick_sort_input_order;1585108479;3001109864;0.000039800000
decroissant;500;9;merge_sort;1585108479;3001109864;0.000019300000
decroissant;500;9;heap_sort;1585108479;3001109864;0.000052300000
decroissant;500;10;selection_sort;1469471029;3138240930;0.000630100000
decroissant;500;10;bubble_sort;1469471029;3138240930;0.000363900000
decroissant;500;10;insertion_sort;1469471029;3138240930;0.000259200000
decroissant;500;10;quick_sort_input_order;1469471029;3138240930;0.000039300000
decroissant;500;10;merge_sort;1469471029;3138240930;0.000018500000
decroissant;500;10;heap_sort;1469471029;3138240930;0.000049400000
decroissant;500;11;selection_sort;1160382606;2846986265;0.000637400000
decroissant;500;11;bubble_sort;1160382606;2846986265;0.000469000000
decroissant;500;11;insertion_sort;1160382606;2846986265;0.000389300000
decroissant;500;11;quick_sort_input_order;1160382606;2846986265;0.000056100000
decroissant;500;11;merge_sort;1160382606;2846986265;0.000031800000
decroissant;500;11;heap_sort;1160382606;2846986265;0.000070900000
decroissant;500;12;selection_sort;1936450288;2683337319;0.000682400000
decroissant;500;12;bubble_sort;1936450288;2683337319;0.000401100000
decroissant;500;12;insertion_sort;1936450288;2683337319;0.000274200000
decroissant;500;12;quick_sort_input_order;1936450288;2683337319;0.000043500000
decroissant;500;12;merge_sort;1936450288;2683337319;0.000020400000
decroissant;500;12;heap_sort;1936450288;2683337319;0.000052100000
decroissant;500;13;selection_sort;1260615080;2813914431;0.000691800000
decroissant;500;13;bubble_sort;1260615080;2813914431;0.000479300000
decroissant;500;13;insertion_sort;1260615080;2813914431;0.000370600000
decroissant;500;13;quick_sort_input_order;1260615080;2813914431;0.000085300000
decroissant;500;13;merge_sort;1260615080;2813914431;0.000023300000
decroissant;500;13;heap_sort;1260615080;2813914431;0.000057400000
decroissant;500;14;selection_sort;1166247505;2836930246;0.000709300000
decroissant;500;14;bubble_sort;1166247505;2836930246;0.000463300000
decroissant;500;14;insertion_sort;1166247505;2836930246;0.000266700000
decroissant;500;14;quick_sort_input_order;1166247505;2836930246;0.000043700000
decroissant;500;14;merge_sort;1166247505;2836930246;0.000023100000
decroissant;500;14;heap_sort;1166247505;2836930246;0.000052600000
decroissant;500;15;selection_sort;1174694861;2862609242;0.000629600000
decroissant;500;15;bubble_sort;1174694861;2862609242;0.000359100000
decroissant;500;15;insertion_sort;1174694861;2862609242;0.000259400000
decroissant;500;15;quick_sort_input_order;1174694861;2862609242;0.000039200000
decroissant;500;15;merge_sort;1174694861;2862609242;0.000022000000
decroissant;500;15;heap_sort;1174694861;2862609242;0.000053500000
decroissant;500;16;selection_sort;1827176843;2155026716;0.000634700000
decroissant;500;16;bubble_sort;1827176843;2155026716;0.000362700000
decroissant;500;16;insertion_sort;1827176843;2155026716;0.000267200000
decroissant;500;16;quick_sort_input_order;1827176843;2155026716;0.000039500000
decroissant;500;16;merge_sort;1827176843;2155026716;0.000021700000
decroissant;500;16;heap_sort;1827176843;2155026716;0.000051900000
decroissant;500;17;selection_sort;1375573864;3177582591;0.000630200000
decroissant;500;17;bubble_sort;1375573864;3177582591;0.000359200000
decroissant;500;17;insertion_sort;1375573864;3177582591;0.000259400000
decroissant;500;17;quick_sort_input_order;1375573864;3177582591;0.000039400000
decroissant;500;17;merge_sort;1375573864;3177582591;0.000022000000
decroissant;500;17;heap_sort;1375573864;3177582591;0.000051500000
decroissant;500;18;selection_sort;2821775954;1152088773;0.000669600000
decroissant;500;18;bubble_sort;2821775954;1152088773;0.000359300000
decroissant;500;18;insertion_sort;2821775954;1152088773;0.000304500000
decroissant;500;18;quick_sort_input_order;2821775954;1152088773;0.000041900000
decroissant;500;18;merge_sort;2821775954;1152088773;0.000019200000
decroissant;500;18;heap_sort;2821775954;1152088773;0.000052000000
decroissant;500;19;selection_sort;45027307;3996424060;0.000636500000
decroissant;500;19;bubble_sort;45027307;3996424060;0.000360200000
decroissant;500;19;insertion_sort;45027307;3996424060;0.000259300000
decroissant;500;19;quick_sort_input_order;45027307;3996424060;0.000080200000
decroissant;500;19;merge_sort;45027307;3996424060;0.000018700000
decroissant;500;19;heap_sort;45027307;3996424060;0.000049600000
decroissant;500;20;selection_sort;3152673767;1467114352;0.000634400000
decroissant;500;20;bubble_sort;3152673767;1467114352;0.000362800000
decroissant;500;20;insertion_sort;3152673767;1467114352;0.000259300000
decroissant;500;20;quick_sort_input_order;3152673767;1467114352;0.000040100000
decroissant;500;20;merge_sort;3152673767;1467114352;0.000018900000
decroissant;500;20;heap_sort;3152673767;1467114352;0.000046600000
decroissant;1000;1;selection_sort;2479060548;2136534739;0.002727700000
decroissant;1000;1;bubble_sort;2479060548;2136534739;0.001554300000
decroissant;1000;1;insertion_sort;2479060548;2136534739;0.001024400000
decroissant;1000;1;quick_sort_input_order;2479060548;2136534739;0.000088200000
decroissant;1000;1;merge_sort;2479060548;2136534739;0.000047300000
decroissant;1000;1;heap_sort;2479060548;2136534739;0.000114500000
decroissant;1000;2;selection_sort;433515253;4115493474;0.002725300000
decroissant;1000;2;bubble_sort;433515253;4115493474;0.001488100000
decroissant;1000;2;insertion_sort;433515253;4115493474;0.001025200000
decroissant;1000;2;quick_sort_input_order;433515253;4115493474;0.000088300000
decroissant;1000;2;merge_sort;433515253;4115493474;0.000040000000
decroissant;1000;2;heap_sort;433515253;4115493474;0.000108900000
decroissant;1000;3;selection_sort;2316143441;1721111494;0.002781000000
decroissant;1000;3;bubble_sort;2316143441;1721111494;0.001675000000
decroissant;1000;3;insertion_sort;2316143441;1721111494;0.001333600000
decroissant;1000;3;quick_sort_input_order;2316143441;1721111494;0.000096100000
decroissant;1000;3;merge_sort;2316143441;1721111494;0.000047500000
decroissant;1000;3;heap_sort;2316143441;1721111494;0.000109100000
decroissant;1000;4;selection_sort;233657239;3782658816;0.002635200000
decroissant;1000;4;bubble_sort;233657239;3782658816;0.001679800000
decroissant;1000;4;insertion_sort;233657239;3782658816;0.001388700000
decroissant;1000;4;quick_sort_input_order;233657239;3782658816;0.000100100000
decroissant;1000;4;merge_sort;233657239;3782658816;0.000040000000
decroissant;1000;4;heap_sort;233657239;3782658816;0.000109700000
decroissant;1000;5;selection_sort;3089960204;1421251995;0.002648700000
decroissant;1000;5;bubble_sort;3089960204;1421251995;0.001450700000
decroissant;1000;5;insertion_sort;3089960204;1421251995;0.001472600000
decroissant;1000;5;quick_sort_input_order;3089960204;1421251995;0.000129700000
decroissant;1000;5;merge_sort;3089960204;1421251995;0.000060100000
decroissant;1000;5;heap_sort;3089960204;1421251995;0.000145500000
decroissant;1000;6;selection_sort;710643966;3334473833;0.003577500000
decroissant;1000;6;bubble_sort;710643966;3334473833;0.001526900000
decroissant;1000;6;insertion_sort;710643966;3334473833;0.001019800000
decroissant;1000;6;quick_sort_input_order;710643966;3334473833;0.000088500000
decroissant;1000;6;merge_sort;710643966;3334473833;0.000040400000
decroissant;1000;6;heap_sort;710643966;3334473833;0.000111700000
decroissant;1000;7;selection_sort;2972181182;1572633129;0.002605800000
decroissant;1000;7;bubble_sort;2972181182;1572633129;0.001440300000
decroissant;1000;7;insertion_sort;2972181182;1572633129;0.001024700000
decroissant;1000;7;quick_sort_input_order;2972181182;1572633129;0.000086900000
decroissant;1000;7;merge_sort;2972181182;1572633129;0.000039400000
decroissant;1000;7;heap_sort;2972181182;1572633129;0.000110100000
decroissant;1000;8;selection_sort;630858067;3372333508;0.002639300000
decroissant;1000;8;bubble_sort;630858067;3372333508;0.001654800000
decroissant;1000;8;insertion_sort;630858067;3372333508;0.001078800000
decroissant;1000;8;quick_sort_input_order;630858067;3372333508;0.000087000000
decroissant;1000;8;merge_sort;630858067;3372333508;0.000039900000
decroissant;1000;8;heap_sort;630858067;3372333508;0.000205300000
decroissant;1000;9;selection_sort;1207308463;2876082232;0.002661700000
decroissant;1000;9;bubble_sort;1207308463;2876082232;0.001473000000
decroissant;1000;9;insertion_sort;1207308463;2876082232;0.001072500000
decroissant;1000;9;quick_sort_input_order;1207308463;2876082232;0.000088400000
decroissant;1000;9;merge_sort;1207308463;2876082232;0.000039700000
decroissant;1000;9;heap_sort;1207308463;2876082232;0.000108900000
decroissant;1000;10;selection_sort;1310366821;2726364402;0.002773000000
decroissant;1000;10;bubble_sort;1310366821;2726364402;0.001470900000
decroissant;1000;10;insertion_sort;1310366821;2726364402;0.001025700000
decroissant;1000;10;quick_sort_input_order;1310366821;2726364402;0.000093100000
decroissant;1000;10;merge_sort;1310366821;2726364402;0.000040300000
decroissant;1000;10;heap_sort;1310366821;2726364402;0.000110800000
decroissant;1000;11;selection_sort;1554435550;2956809545;0.002752800000
decroissant;1000;11;bubble_sort;1554435550;2956809545;0.001750100000
decroissant;1000;11;insertion_sort;1554435550;2956809545;0.001253800000
decroissant;1000;11;quick_sort_input_order;1554435550;2956809545;0.000112700000
decroissant;1000;11;merge_sort;1554435550;2956809545;0.000066100000
decroissant;1000;11;heap_sort;1554435550;2956809545;0.000161700000
decroissant;1000;12;selection_sort;1793533856;2256322359;0.002771300000
decroissant;1000;12;bubble_sort;1793533856;2256322359;0.001454500000
decroissant;1000;12;insertion_sort;1793533856;2256322359;0.001025400000
decroissant;1000;12;quick_sort_input_order;1793533856;2256322359;0.000087400000
decroissant;1000;12;merge_sort;1793533856;2256322359;0.000040300000
decroissant;1000;12;heap_sort;1793533856;2256322359;0.000110200000
decroissant;1000;13;selection_sort;1387245816;3191089263;0.002610100000
decroissant;1000;13;bubble_sort;1387245816;3191089263;0.001499100000
decroissant;1000;13;insertion_sort;1387245816;3191089263;0.001024300000
decroissant;1000;13;quick_sort_input_order;1387245816;3191089263;0.000083000000
decroissant;1000;13;merge_sort;1387245816;3191089263;0.000039300000
decroissant;1000;13;heap_sort;1387245816;3191089263;0.000111800000
decroissant;1000;14;selection_sort;1544504065;2962545558;0.002752300000
decroissant;1000;14;bubble_sort;1544504065;2962545558;0.001819700000
decroissant;1000;14;insertion_sort;1544504065;2962545558;0.001334400000
decroissant;1000;14;quick_sort_input_order;1544504065;2962545558;0.000087000000
decroissant;1000;14;merge_sort;1544504065;2962545558;0.000040000000
decroissant;1000;14;heap_sort;1544504065;2962545558;0.000123900000
decroissant;1000;15;selection_sort;1602793117;3004380682;0.002603400000
decroissant;1000;15;bubble_sort;1602793117;3004380682;0.001457200000
decroissant;1000;15;insertion_sort;1602793117;3004380682;0.001023600000
decroissant;1000;15;quick_sort_input_order;1602793117;3004380682;0.000083700000
decroissant;1000;15;merge_sort;1602793117;3004380682;0.000039800000
decroissant;1000;15;heap_sort;1602793117;3004380682;0.000108600000
decroissant;1000;16;selection_sort;1969505499;2583682124;0.002610400000
decroissant;1000;16;bubble_sort;1969505499;2583682124;0.001513100000
decroissant;1000;16;insertion_sort;1969505499;2583682124;0.001023600000
decroissant;1000;16;quick_sort_input_order;1969505499;2583682124;0.000081300000
decroissant;1000;16;merge_sort;1969505499;2583682124;0.000039300000
decroissant;1000;16;heap_sort;1969505499;2583682124;0.000114700000
decroissant;1000;17;selection_sort;1215386168;2766850735;0.002697800000
decroissant;1000;17;bubble_sort;1215386168;2766850735;0.001503700000
decroissant;1000;17;insertion_sort;1215386168;2766850735;0.001026100000
decroissant;1000;17;quick_sort_input_order;1215386168;2766850735;0.000086200000
decroissant;1000;17;merge_sort;1215386168;2766850735;0.000039700000
decroissant;1000;17;heap_sort;1215386168;2766850735;0.000109400000
decroissant;1000;18;selection_sort;2981897986;1562886037;0.002629100000
decroissant;1000;18;bubble_sort;2981897986;1562886037;0.001675200000
decroissant;1000;18;insertion_sort;2981897986;1562886037;0.001027300000
decroissant;1000;18;quick_sort_input_order;2981897986;1562886037;0.000086400000
decroissant;1000;18;merge_sort;2981897986;1562886037;0.000039500000
decroissant;1000;18;heap_sort;2981897986;1562886037;0.000109000000
decroissant;1000;19;selection_sort;455330491;4156052012;0.002607100000
decroissant;1000;19;bubble_sort;455330491;4156052012;0.001480400000
decroissant;1000;19;insertion_sort;455330491;4156052012;0.001024500000
decroissant;1000;19;quick_sort_input_order;455330491;4156052012;0.000079900000
decroissant;1000;19;merge_sort;455330491;4156052012;0.000039000000
decroissant;1000;19;heap_sort;455330491;4156052012;0.000113700000
decroissant;1000;20;selection_sort;2724544183;1325311520;0.002831700000
decroissant;1000;20;bubble_sort;2724544183;1325311520;0.001769200000
decroissant;1000;20;insertion_sort;2724544183;1325311520;0.001166100000
decroissant;1000;20;quick_sort_input_order;2724544183;1325311520;0.000087700000
decroissant;1000;20;merge_sort;2724544183;1325311520;0.000039900000
decroissant;1000;20;heap_sort;2724544183;1325311520;0.000110400000
decroissant;5000;1;selection_sort;1191071973;2858797170;0.068379600000
decroissant;5000;1;bubble_sort;1191071973;2858797170;0.038326100000
decroissant;5000;1;insertion_sort;1191071973;2858797170;0.027847800000
decroissant;5000;1;quick_sort_input_order;1191071973;2858797170;0.000441000000
decroissant;5000;1;merge_sort;1191071973;2858797170;0.000245100000
decroissant;5000;1;heap_sort;1191071973;2858797170;0.000608100000
decroissant;5000;2;selection_sort;3438005332;544232643;0.069281900000
decroissant;5000;2;bubble_sort;3438005332;544232643;0.039333100000
decroissant;5000;2;insertion_sort;3438005332;544232643;0.028681900000
decroissant;5000;2;quick_sort_input_order;3438005332;544232643;0.000454900000
decroissant;5000;2;merge_sort;3438005332;544232643;0.000214800000
decroissant;5000;2;heap_sort;3438005332;544232643;0.000604500000
decroissant;5000;3;selection_sort;1597025776;3014341991;0.074467900000
decroissant;5000;3;bubble_sort;1597025776;3014341991;0.041735800000
decroissant;5000;3;insertion_sort;1597025776;3014341991;0.027157500000
decroissant;5000;3;quick_sort_input_order;1597025776;3014341991;0.000458000000
decroissant;5000;3;merge_sort;1597025776;3014341991;0.000215400000
decroissant;5000;3;heap_sort;1597025776;3014341991;0.000604500000
decroissant;5000;4;selection_sort;3637540150;877391265;0.069178500000
decroissant;5000;4;bubble_sort;3637540150;877391265;0.039463700000
decroissant;5000;4;insertion_sort;3637540150;877391265;0.025755100000
decroissant;5000;4;quick_sort_input_order;3637540150;877391265;0.000444700000
decroissant;5000;4;merge_sort;3637540150;877391265;0.000221800000
decroissant;5000;4;heap_sort;3637540150;877391265;0.000602900000
decroissant;5000;5;selection_sort;1829776301;2173416250;0.068930400000
decroissant;5000;5;bubble_sort;1829776301;2173416250;0.039586700000
decroissant;5000;5;insertion_sort;1829776301;2173416250;0.025540300000
decroissant;5000;5;quick_sort_input_order;1829776301;2173416250;0.000540400000
decroissant;5000;5;merge_sort;1829776301;2173416250;0.000214400000
decroissant;5000;5;heap_sort;1829776301;2173416250;0.000610300000
decroissant;5000;6;selection_sort;4284921439;335359688;0.068013800000
decroissant;5000;6;bubble_sort;4284921439;335359688;0.038947900000
decroissant;5000;6;insertion_sort;4284921439;335359688;0.025652400000
decroissant;5000;6;quick_sort_input_order;4284921439;335359688;0.000450700000
decroissant;5000;6;merge_sort;4284921439;335359688;0.000399800000
decroissant;5000;6;heap_sort;4284921439;335359688;0.000840000000
decroissant;5000;7;selection_sort;1679475743;2290179208;0.067944200000
decroissant;5000;7;bubble_sort;1679475743;2290179208;0.038547300000
decroissant;5000;7;insertion_sort;1679475743;2290179208;0.026061900000
decroissant;5000;7;quick_sort_input_order;1679475743;2290179208;0.000634700000
decroissant;5000;7;merge_sort;1679475743;2290179208;0.000368300000
decroissant;5000;7;heap_sort;1679475743;2290179208;0.000829600000
decroissant;5000;8;selection_sort;4037478386;473735013;0.067929300000
decroissant;5000;8;bubble_sort;4037478386;473735013;0.038925000000
decroissant;5000;8;insertion_sort;4037478386;473735013;0.025821100000
decroissant;5000;8;quick_sort_input_order;4037478386;473735013;0.000483800000
decroissant;5000;8;merge_sort;4037478386;473735013;0.000271100000
decroissant;5000;8;heap_sort;4037478386;473735013;0.000599600000
decroissant;5000;9;selection_sort;2462791182;2119216793;0.068210500000
decroissant;5000;9;bubble_sort;2462791182;2119216793;0.038681700000
decroissant;5000;9;insertion_sort;2462791182;2119216793;0.026355000000
decroissant;5000;9;quick_sort_input_order;2462791182;2119216793;0.000579200000
decroissant;5000;9;merge_sort;2462791182;2119216793;0.000245000000
decroissant;5000;9;heap_sort;2462791182;2119216793;0.000651200000
decroissant;5000;10;selection_sort;2603072196;2008818259;0.067936100000
decroissant;5000;10;bubble_sort;2603072196;2008818259;0.038745100000
decroissant;5000;10;insertion_sort;2603072196;2008818259;0.026556600000
decroissant;5000;10;quick_sort_input_order;2603072196;2008818259;0.000496800000
decroissant;5000;10;merge_sort;2603072196;2008818259;0.000244300000
decroissant;5000;10;heap_sort;2603072196;2008818259;0.000601200000
decroissant;5000;11;selection_sort;2308696959;1694528488;0.067809600000
decroissant;5000;11;bubble_sort;2308696959;1694528488;0.038259800000
decroissant;5000;11;insertion_sort;2308696959;1694528488;0.027938300000
decroissant;5000;11;quick_sort_input_order;2308696959;1694528488;0.000445300000
decroissant;5000;11;merge_sort;2308696959;1694528488;0.000215200000
decroissant;5000;11;heap_sort;2308696959;1694528488;0.000602400000
decroissant;5000;12;selection_sort;3218735361;1396808086;0.068136200000
decroissant;5000;12;bubble_sort;3218735361;1396808086;0.038357100000
decroissant;5000;12;insertion_sort;3218735361;1396808086;0.026135700000
decroissant;5000;12;quick_sort_input_order;3218735361;1396808086;0.000446600000
decroissant;5000;12;merge_sort;3218735361;1396808086;0.000214700000
decroissant;5000;12;heap_sort;3218735361;1396808086;0.000605200000
decroissant;5000;13;selection_sort;2274530905;1795755726;0.068361300000
decroissant;5000;13;bubble_sort;2274530905;1795755726;0.038573000000
decroissant;5000;13;insertion_sort;2274530905;1795755726;0.026878900000
decroissant;5000;13;quick_sort_input_order;2274530905;1795755726;0.000444800000
decroissant;5000;13;merge_sort;2274530905;1795755726;0.000214400000
decroissant;5000;13;heap_sort;2274530905;1795755726;0.000644500000
decroissant;5000;14;selection_sort;2301781408;1705639223;0.068670000000
decroissant;5000;14;bubble_sort;2301781408;1705639223;0.039041600000
decroissant;5000;14;insertion_sort;2301781408;1705639223;0.026484800000
decroissant;5000;14;quick_sort_input_order;2301781408;1705639223;0.000446600000
decroissant;5000;14;merge_sort;2301781408;1705639223;0.000214800000
decroissant;5000;14;heap_sort;2301781408;1705639223;0.000596100000
decroissant;5000;15;selection_sort;2327152700;1714294955;0.067511300000
decroissant;5000;15;bubble_sort;2327152700;1714294955;0.038261800000
decroissant;5000;15;insertion_sort;2327152700;1714294955;0.026830400000
decroissant;5000;15;quick_sort_input_order;2327152700;1714294955;0.000444600000
decroissant;5000;15;merge_sort;2327152700;1714294955;0.000215400000
decroissant;5000;15;heap_sort;2327152700;1714294955;0.000603500000
decroissant;5000;16;selection_sort;2690212474;1287846637;0.068617100000
decroissant;5000;16;bubble_sort;2690212474;1287846637;0.040040900000
decroissant;5000;16;insertion_sort;2690212474;1287846637;0.026819900000
decroissant;5000;16;quick_sort_input_order;2690212474;1287846637;0.000445400000
decroissant;5000;16;merge_sort;2690212474;1287846637;0.000246200000
decroissant;5000;16;heap_sort;2690212474;1287846637;0.000604600000
decroissant;5000;17;selection_sort;2639033497;1909976078;0.067848600000
decroissant;5000;17;bubble_sort;2639033497;1909976078;0.038736700000
decroissant;5000;17;insertion_sort;2639033497;1909976078;0.026696300000
decroissant;5000;17;quick_sort_input_order;2639033497;1909976078;0.000452400000
decroissant;5000;17;merge_sort;2639033497;1909976078;0.000220700000
decroissant;5000;17;heap_sort;2639033497;1909976078;0.000597700000
decroissant;5000;18;selection_sort;1686176163;2283444532;0.068212300000
decroissant;5000;18;bubble_sort;1686176163;2283444532;0.038229800000
decroissant;5000;18;insertion_sort;1686176163;2283444532;0.025455800000
decroissant;5000;18;quick_sort_input_order;1686176163;2283444532;0.000461600000
decroissant;5000;18;merge_sort;1686176163;2283444532;0.000220600000
decroissant;5000;18;heap_sort;1686176163;2283444532;0.000596300000
decroissant;5000;19;selection_sort;3458133018;579171469;0.067415900000
decroissant;5000;19;bubble_sort;3458133018;579171469;0.039058400000
decroissant;5000;19;insertion_sort;3458133018;579171469;0.027102100000
decroissant;5000;19;quick_sort_input_order;3458133018;579171469;0.000456000000
decroissant;5000;19;merge_sort;3458133018;579171469;0.000222200000
decroissant;5000;19;heap_sort;3458133018;579171469;0.000597400000
decroissant;5000;20;selection_sort;2002262038;2613280897;0.067799600000
decroissant;5000;20;bubble_sort;2002262038;2613280897;0.038357400000
decroissant;5000;20;insertion_sort;2002262038;2613280897;0.026496100000
decroissant;5000;20;quick_sort_input_order;2002262038;2613280897;0.000443300000
decroissant;5000;20;merge_sort;2002262038;2613280897;0.000222600000
decroissant;5000;20;heap_sort;2002262038;2613280897;0.000599000000
decroissant;10000;1;selection_sort;179319206;3861621041;0.271980800000
decroissant;10000;1;bubble_sort;179319206;3861621041;0.154563300000
decroissant;10000;1;insertion_sort;179319206;3861621041;0.115770200000
decroissant;10000;1;quick_sort_input_order;179319206;3861621041;0.001006600000
decroissant;10000;1;merge_sort;179319206;3861621041;0.000496700000
decroissant;10000;1;heap_sort;179319206;3861621041;0.001247600000
decroissant;10000;2;selection_sort;2158341399;1816016256;0.276877000000
decroissant;10000;2;bubble_sort;2158341399;1816016256;0.160309600000
decroissant;10000;2;insertion_sort;2158341399;1816016256;0.110195100000
decroissant;10000;2;quick_sort_input_order;2158341399;1816016256;0.000915900000
decroissant;10000;2;merge_sort;2158341399;1816016256;0.000450300000
decroissant;10000;2;heap_sort;2158341399;1816016256;0.001254500000
decroissant;10000;3;selection_sort;327077043;4293219364;0.277983000000
decroissant;10000;3;bubble_sort;327077043;4293219364;0.158124200000
decroissant;10000;3;insertion_sort;327077043;4293219364;0.105764200000
decroissant;10000;3;quick_sort_input_order;327077043;4293219364;0.000871900000
decroissant;10000;3;merge_sort;327077043;4293219364;0.000450500000
decroissant;10000;3;heap_sort;327077043;4293219364;0.001245800000
decroissant;10000;4;selection_sort;2493387893;2013629666;0.271619800000
decroissant;10000;4;bubble_sort;2493387893;2013629666;0.159435100000
decroissant;10000;4;insertion_sort;2493387893;2013629666;0.104404900000
decroissant;10000;4;quick_sort_input_order;2493387893;2013629666;0.001056700000
decroissant;10000;4;merge_sort;2493387893;2013629666;0.000448900000
decroissant;10000;4;heap_sort;2493387893;2013629666;0.001286000000
decroissant;10000;5;selection_sort;559827694;3452293753;0.272914200000
decroissant;10000;5;bubble_sort;559827694;3452293753;0.157460300000
decroissant;10000;5;insertion_sort;559827694;3452293753;0.106694500000
decroissant;10000;5;quick_sort_input_order;559827694;3452293753;0.000984600000
decroissant;10000;5;merge_sort;559827694;3452293753;0.000449600000
decroissant;10000;5;heap_sort;559827694;3452293753;0.001248800000
decroissant;10000;6;selection_sort;3005798172;1605586827;0.271791400000
decroissant;10000;6;bubble_sort;3005798172;1605586827;0.157930500000
decroissant;10000;6;insertion_sort;3005798172;1605586827;0.109097600000
decroissant;10000;6;quick_sort_input_order;3005798172;1605586827;0.000921300000
decroissant;10000;6;merge_sort;3005798172;1605586827;0.000450400000
decroissant;10000;6;heap_sort;3005798172;1605586827;0.001252300000
decroissant;10000;7;selection_sort;676635996;3301916107;0.269582300000
decroissant;10000;7;bubble_sort;676635996;3301916107;0.158739600000
decroissant;10000;7;insertion_sort;676635996;3301916107;0.104525800000
decroissant;10000;7;quick_sort_input_order;676635996;3301916107;0.000923800000
decroissant;10000;7;merge_sort;676635996;3301916107;0.000449400000
decroissant;10000;7;heap_sort;676635996;3301916107;0.001247900000
decroissant;10000;8;selection_sort;3169412785;1349713446;0.274253500000
decroissant;10000;8;bubble_sort;3169412785;1349713446;0.156811000000
decroissant;10000;8;insertion_sort;3169412785;1349713446;0.104289200000
decroissant;10000;8;quick_sort_input_order;3169412785;1349713446;0.001167500000
decroissant;10000;8;merge_sort;3169412785;1349713446;0.000615900000
decroissant;10000;8;heap_sort;3169412785;1349713446;0.001674400000
decroissant;10000;9;selection_sort;3733280589;840880090;0.276210000000
decroissant;10000;9;bubble_sort;3733280589;840880090;0.162388300000
decroissant;10000;9;insertion_sort;3733280589;840880090;0.105386200000
decroissant;10000;9;quick_sort_input_order;3733280589;840880090;0.000901600000
decroissant;10000;9;merge_sort;3733280589;840880090;0.000572000000
decroissant;10000;9;heap_sort;3733280589;840880090;0.001705200000
decroissant;10000;10;selection_sort;3614038919;1005732624;0.275942700000
decroissant;10000;10;bubble_sort;3614038919;1005732624;0.159289000000
decroissant;10000;10;insertion_sort;3614038919;1005732624;0.106529900000
decroissant;10000;10;quick_sort_input_order;3614038919;1005732624;0.000920200000
decroissant;10000;10;merge_sort;3614038919;1005732624;0.000450200000
decroissant;10000;10;heap_sort;3614038919;1005732624;0.001252500000
decroissant;10000;11;selection_sort;3319106108;692982443;0.280074100000
decroissant;10000;11;bubble_sort;3319106108;692982443;0.156024500000
decroissant;10000;11;insertion_sort;3319106108;692982443;0.116179000000
decroissant;10000;11;quick_sort_input_order;3319106108;692982443;0.001036300000
decroissant;10000;11;merge_sort;3319106108;692982443;0.000460600000
decroissant;10000;11;heap_sort;3319106108;692982443;0.001239900000
decroissant;10000;12;selection_sort;4086587458;521140437;0.272530400000
decroissant;10000;12;bubble_sort;4086587458;521140437;0.156451700000
decroissant;10000;12;insertion_sort;4086587458;521140437;0.103939800000
decroissant;10000;12;quick_sort_input_order;4086587458;521140437;0.000905400000
decroissant;10000;12;merge_sort;4086587458;521140437;0.000451600000
decroissant;10000;12;heap_sort;4086587458;521140437;0.001484300000
decroissant;10000;13;selection_sort;3420256026;658993037;0.272532100000
decroissant;10000;13;bubble_sort;3420256026;658993037;0.161262000000
decroissant;10000;13;insertion_sort;3420256026;658993037;0.109272300000
decroissant;10000;13;quick_sort_input_order;3420256026;658993037;0.001041000000
decroissant;10000;13;merge_sort;3420256026;658993037;0.000840400000
decroissant;10000;13;heap_sort;3420256026;658993037;0.001554800000
decroissant;10000;14;selection_sort;3313239267;703044724;0.271746800000
decroissant;10000;14;bubble_sort;3313239267;703044724;0.156136600000
decroissant;10000;14;insertion_sort;3313239267;703044724;0.105356500000
decroissant;10000;14;quick_sort_input_order;3313239267;703044724;0.001090900000
decroissant;10000;14;merge_sort;3313239267;703044724;0.000456100000
decroissant;10000;14;heap_sort;3313239267;703044724;0.001249000000
decroissant;10000;15;selection_sort;3338398079;710963688;0.273630100000
decroissant;10000;15;bubble_sort;3338398079;710963688;0.160173600000
decroissant;10000;15;insertion_sort;3338398079;710963688;0.104129800000
decroissant;10000;15;quick_sort_input_order;3338398079;710963688;0.000934400000
decroissant;10000;15;merge_sort;3338398079;710963688;0.000455200000
decroissant;10000;15;heap_sort;3338398079;710963688;0.001242300000
decroissant;10000;16;selection_sort;3960931129;9214894;0.275127900000
decroissant;10000;16;bubble_sort;3960931129;9214894;0.158790300000
decroissant;10000;16;insertion_sort;3960931129;9214894;0.107667400000
decroissant;10000;16;quick_sort_input_order;3960931129;9214894;0.001039700000
decroissant;10000;16;merge_sort;3960931129;9214894;0.000449700000
decroissant;10000;16;heap_sort;3960931129;9214894;0.001249100000
decroissant;10000;17;selection_sort;3506574810;1033473357;0.277430600000
decroissant;10000;17;bubble_sort;3506574810;1033473357;0.160957300000
decroissant;10000;17;insertion_sort;3506574810;1033473357;0.107923500000
decroissant;10000;17;quick_sort_input_order;3506574810;1033473357;0.000918300000
decroissant;10000;17;merge_sort;3506574810;1033473357;0.000455600000
decroissant;10000;17;heap_sort;3506574810;1033473357;0.001249000000
decroissant;10000;18;selection_sort;684679392;3293902967;0.271963600000
decroissant;10000;18;bubble_sort;684679392;3293902967;0.156561400000
decroissant;10000;18;insertion_sort;684679392;3293902967;0.105197600000
decroissant;10000;18;quick_sort_input_order;684679392;3293902967;0.000916000000
decroissant;10000;18;merge_sort;684679392;3293902967;0.000450500000
decroissant;10000;18;heap_sort;684679392;3293902967;0.001283200000
decroissant;10000;19;selection_sort;2186317145;1858803150;0.271781600000
decroissant;10000;19;bubble_sort;2186317145;1858803150;0.154673100000
decroissant;10000;19;insertion_sort;2186317145;1858803150;0.104593700000
decroissant;10000;19;quick_sort_input_order;2186317145;1858803150;0.000959600000
decroissant;10000;19;merge_sort;2186317145;1858803150;0.000455700000
decroissant;10000;19;heap_sort;2186317145;1858803150;0.001290200000
decroissant;10000;20;selection_sort;991328597;3616399810;0.271016400000
decroissant;10000;20;bubble_sort;991328597;3616399810;0.155782900000
decroissant;10000;20;insertion_sort;991328597;3616399810;0.106681400000
decroissant;10000;20;quick_sort_input_order;991328597;3616399810;0.000913800000
decroissant;10000;20;merge_sort;991328597;3616399810;0.000449800000
decroissant;10000;20;heap_sort;991328597;3616399810;0.001343900000
decroissant;20000;1;selection_sort;2453435168;2124934071;1.096944000000
decroissant;20000;1;bubble_sort;2453435168;2124934071;0.644434500000
decroissant;20000;1;insertion_sort;2453435168;2124934071;0.466872700000
decroissant;20000;1;quick_sort_input_order;2453435168;2124934071;0.001954600000
decroissant;20000;1;merge_sort;2453435168;2124934071;0.001975600000
decroissant;20000;1;heap_sort;2453435168;2124934071;0.002622000000
decroissant;20000;2;selection_sort;405401489;4105336582;1.263766700000
decroissant;20000;2;bubble_sort;405401489;4105336582;0.845433600000
decroissant;20000;2;insertion_sort;405401489;4105336582;0.584287300000
decroissant;20000;2;quick_sort_input_order;405401489;4105336582;0.002057700000
decroissant;20000;2;merge_sort;405401489;4105336582;0.000950200000
decroissant;20000;2;heap_sort;405401489;4105336582;0.002604100000
decroissant;20000;3;selection_sort;2347929141;1734940322;1.138917500000
decroissant;20000;3;bubble_sort;2347929141;1734940322;0.725329000000
decroissant;20000;3;insertion_sort;2347929141;1734940322;0.543345700000
decroissant;20000;3;quick_sort_input_order;2347929141;1734940322;0.001880500000
decroissant;20000;3;merge_sort;2347929141;1734940322;0.000954100000
decroissant;20000;3;heap_sort;2347929141;1734940322;0.002861100000
decroissant;20000;4;selection_sort;202528499;3767127652;1.146342800000
decroissant;20000;4;bubble_sort;202528499;3767127652;0.734887000000
decroissant;20000;4;insertion_sort;202528499;3767127652;0.586583800000
decroissant;20000;4;quick_sort_input_order;202528499;3767127652;0.002889700000
decroissant;20000;4;merge_sort;202528499;3767127652;0.000903800000
decroissant;20000;4;heap_sort;202528499;3767127652;0.002595300000
decroissant;20000;5;selection_sort;3117549672;1430884607;1.160316600000
decroissant;20000;5;bubble_sort;3117549672;1430884607;0.706371100000
decroissant;20000;5;insertion_sort;3117549672;1430884607;0.536662700000
decroissant;20000;5;quick_sort_input_order;3117549672;1430884607;0.002547700000
decroissant;20000;5;merge_sort;3117549672;1430884607;0.001352700000
decroissant;20000;5;heap_sort;3117549672;1430884607;0.003825000000
decroissant;20000;6;selection_sort;732206490;3342798093;1.318787400000
decroissant;20000;6;bubble_sort;732206490;3342798093;0.760951000000
decroissant;20000;6;insertion_sort;732206490;3342798093;0.576376100000
decroissant;20000;6;quick_sort_input_order;732206490;3342798093;0.002086400000
decroissant;20000;6;merge_sort;732206490;3342798093;0.001450300000
decroissant;20000;6;heap_sort;732206490;3342798093;0.003312400000
decroissant;20000;7;selection_sort;2967005146;1547927373;1.170831500000
decroissant;20000;7;bubble_sort;2967005146;1547927373;0.711327800000
decroissant;20000;7;insertion_sort;2967005146;1547927373;0.530804700000
decroissant;20000;7;quick_sort_input_order;2967005146;1547927373;0.001892100000
decroissant;20000;7;merge_sort;2967005146;1547927373;0.000943100000
decroissant;20000;7;heap_sort;2967005146;1547927373;0.002611800000
decroissant;20000;8;selection_sort;610608183;3372137632;1.102981000000
decroissant;20000;8;bubble_sort;610608183;3372137632;0.630877200000
decroissant;20000;8;insertion_sort;610608183;3372137632;0.431000000000
decroissant;20000;8;quick_sort_input_order;610608183;3372137632;0.001862700000
decroissant;20000;8;merge_sort;610608183;3372137632;0.000949300000
decroissant;20000;8;heap_sort;610608183;3372137632;0.002592000000
decroissant;20000;9;selection_sort;1175000523;2861731164;1.094764400000
decroissant;20000;9;bubble_sort;1175000523;2861731164;0.645721800000
decroissant;20000;9;insertion_sort;1175000523;2861731164;0.437179600000
decroissant;20000;9;quick_sort_input_order;1175000523;2861731164;0.001912600000
decroissant;20000;9;merge_sort;1175000523;2861731164;0.000947700000
decroissant;20000;9;heap_sort;1175000523;2861731164;0.002615400000
decroissant;20000;10;selection_sort;1340446977;2742944150;1.095777200000
decroissant;20000;10;bubble_sort;1340446977;2742944150;0.634054600000
decroissant;20000;10;insertion_sort;1340446977;2742944150;0.424649600000
decroissant;20000;10;quick_sort_input_order;1340446977;2742944150;0.001953700000
decroissant;20000;10;merge_sort;1340446977;2742944150;0.000939500000
decroissant;20000;10;heap_sort;1340446977;2742944150;0.002582800000
decroissant;20000;11;selection_sort;1566165178;2982301741;1.091787200000
decroissant;20000;11;bubble_sort;1566165178;2982301741;0.641961300000
decroissant;20000;11;insertion_sort;1566165178;2982301741;0.443326000000
decroissant;20000;11;quick_sort_input_order;1566165178;2982301741;0.002036400000
decroissant;20000;11;merge_sort;1566165178;2982301741;0.001063100000
decroissant;20000;11;heap_sort;1566165178;2982301741;0.002620600000
decroissant;20000;12;selection_sort;1796743876;2273557075;1.094633600000
decroissant;20000;12;bubble_sort;1796743876;2273557075;0.631144600000
decroissant;20000;12;insertion_sort;1796743876;2273557075;0.424350700000
decroissant;20000;12;quick_sort_input_order;1796743876;2273557075;0.001927000000
decroissant;20000;12;merge_sort;1796743876;2273557075;0.000954400000
decroissant;20000;12;heap_sort;1796743876;2273557075;0.002704600000
decroissant;20000;13;selection_sort;1397798300;3217763595;1.096791700000
decroissant;20000;13;bubble_sort;1397798300;3217763595;0.647080200000
decroissant;20000;13;insertion_sort;1397798300;3217763595;0.441577500000
decroissant;20000;13;quick_sort_input_order;1397798300;3217763595;0.002339100000
decroissant;20000;13;merge_sort;1397798300;3217763595;0.000949900000
decroissant;20000;13;heap_sort;1397798300;3217763595;0.002757500000
decroissant;20000;14;selection_sort;1576027749;2976636658;1.095233100000
decroissant;20000;14;bubble_sort;1576027749;2976636658;0.731835800000
decroissant;20000;14;insertion_sort;1576027749;2976636658;0.540422200000
decroissant;20000;14;quick_sort_input_order;1576027749;2976636658;0.002267000000
decroissant;20000;14;merge_sort;1576027749;2976636658;0.001782500000
decroissant;20000;14;heap_sort;1576027749;2976636658;0.002993100000
decroissant;20000;15;selection_sort;1584901113;3001824110;1.135586400000
decroissant;20000;15;bubble_sort;1584901113;3001824110;0.709313900000
decroissant;20000;15;insertion_sort;1584901113;3001824110;0.518378100000
decroissant;20000;15;quick_sort_input_order;1584901113;3001824110;0.002895100000
decroissant;20000;15;merge_sort;1584901113;3001824110;0.001780800000
decroissant;20000;15;heap_sort;1584901113;3001824110;0.003882200000
decroissant;20000;16;selection_sort;1956331967;2550192424;1.115635000000
decroissant;20000;16;bubble_sort;1956331967;2550192424;0.720416800000
decroissant;20000;16;insertion_sort;1956331967;2550192424;0.530666200000
decroissant;20000;16;quick_sort_input_order;1956331967;2550192424;0.001908700000
decroissant;20000;16;merge_sort;1956331967;2550192424;0.000942400000
decroissant;20000;16;heap_sort;1956331967;2550192424;0.003091600000
decroissant;20000;17;selection_sort;1234065244;2769670091;1.140748800000
decroissant;20000;17;bubble_sort;1234065244;2769670091;0.663904200000
decroissant;20000;17;insertion_sort;1234065244;2769670091;0.426334500000
decroissant;20000;17;quick_sort_input_order;1234065244;2769670091;0.002547700000
decroissant;20000;17;merge_sort;1234065244;2769670091;0.001006800000
decroissant;20000;17;heap_sort;1234065244;2769670091;0.003049900000
decroissant;20000;18;selection_sort;2957189734;1557707505;1.094625300000
decroissant;20000;18;bubble_sort;2957189734;1557707505;0.633608700000
decroissant;20000;18;insertion_sort;2957189734;1557707505;0.432372600000
decroissant;20000;18;quick_sort_input_order;2957189734;1557707505;0.002317700000
decroissant;20000;18;merge_sort;2957189734;1557707505;0.001479100000
decroissant;20000;18;heap_sort;2957189734;1557707505;0.002758900000
decroissant;20000;19;selection_sort;450678751;4131870536;1.097137400000
decroissant;20000;19;bubble_sort;450678751;4131870536;0.627229400000
decroissant;20000;19;insertion_sort;450678751;4131870536;0.422430100000
decroissant;20000;19;quick_sort_input_order;450678751;4131870536;0.001889500000
decroissant;20000;19;merge_sort;450678751;4131870536;0.000949600000
decroissant;20000;19;heap_sort;450678751;4131870536;0.002583400000
decroissant;20000;20;selection_sort;2744794067;1325507396;1.185068700000
decroissant;20000;20;bubble_sort;2744794067;1325507396;0.796338600000
decroissant;20000;20;insertion_sort;2744794067;1325507396;0.426973900000
decroissant;20000;20;quick_sort_input_order;2744794067;1325507396;0.001888900000
decroissant;20000;20;merge_sort;2744794067;1325507396;0.000941400000
decroissant;20000;20;heap_sort;2744794067;1325507396;0.002628000000
decroissant;50000;1;quick_sort_input_order;3158958876;1355971467;0.004925000000
decroissant;50000;1;merge_sort;3158958876;1355971467;0.002782700000
decroissant;50000;1;heap_sort;3158958876;1355971467;0.006930500000
decroissant;50000;2;quick_sort_input_order;912031661;3670533946;0.005183200000
decroissant;50000;2;merge_sort;912031661;3670533946;0.002557100000
decroissant;50000;2;heap_sort;912031661;3670533946;0.007958400000
decroissant;50000;3;quick_sort_input_order;2777095689;1226606238;0.004950600000
decroissant;50000;3;merge_sort;2777095689;1226606238;0.002571600000
decroissant;50000;3;heap_sort;2777095689;1226606238;0.007145700000
decroissant;50000;4;quick_sort_input_order;577226447;3472645720;0.005122000000
decroissant;50000;4;merge_sort;577226447;3472645720;0.002592500000
decroissant;50000;4;heap_sort;577226447;3472645720;0.007912700000
decroissant;50000;5;quick_sort_input_order;2544343124;2067529923;0.004812600000
decroissant;50000;5;merge_sort;2544343124;2067529923;0.002625900000
decroissant;50000;5;heap_sort;2544343124;2067529923;0.007221300000
decroissant;50000;6;quick_sort_input_order;97584550;3913981233;0.004983900000
decroissant;50000;6;merge_sort;97584550;3913981233;0.002562400000
decroissant;50000;6;heap_sort;97584550;3913981233;0.007352700000
decroissant;50000;7;quick_sort_input_order;2662168550;1916202865;0.005342000000
decroissant;50000;7;merge_sort;2662168550;1916202865;0.002550900000
decroissant;50000;7;heap_sort;2662168550;1916202865;0.007102900000
decroissant;50000;8;quick_sort_input_order;168866827;3867880604;0.004869800000
decroissant;50000;8;merge_sort;168866827;3867880604;0.002565700000
decroissant;50000;8;heap_sort;168866827;3867880604;0.006860900000
decroissant;50000;9;quick_sort_input_order;1752991223;2229738848;0.006297900000
decroissant;50000;9;merge_sort;1752991223;2229738848;0.002569600000
decroissant;50000;9;heap_sort;1752991223;2229738848;0.006866800000
decroissant;50000;10;quick_sort_input_order;1636829501;2366345642;0.005165300000
decroissant;50000;10;merge_sort;1636829501;2366345642;0.002562700000
decroissant;50000;10;heap_sort;1636829501;2366345642;0.006877900000
decroissant;50000;11;quick_sort_input_order;1932286086;2679619601;0.006029800000
decroissant;50000;11;merge_sort;1932286086;2679619601;0.002706300000
decroissant;50000;11;heap_sort;1932286086;2679619601;0.007006800000
decroissant;50000;12;quick_sort_input_order;1164817144;2851482223;0.005291200000
decroissant;50000;12;merge_sort;1164817144;2851482223;0.002610400000
decroissant;50000;12;heap_sort;1164817144;2851482223;0.006933300000
decroissant;50000;13;quick_sort_input_order;2099586464;2445196599;0.005428100000
decroissant;50000;13;merge_sort;2099586464;2445196599;0.003226200000
decroissant;50000;13;heap_sort;2099586464;2445196599;0.006872500000
decroissant;50000;14;quick_sort_input_order;1938151001;2669563598;0.005298600000
decroissant;50000;14;merge_sort;1938151001;2669563598;0.002611400000
decroissant;50000;14;heap_sort;1938151001;2669563598;0.006912800000
decroissant;50000;15;quick_sort_input_order;1879194565;2627314514;0.005094400000
decroissant;50000;15;merge_sort;1879194565;2627314514;0.003584000000
decroissant;50000;15;heap_sort;1879194565;2627314514;0.006992000000
decroissant;50000;16;quick_sort_input_order;1525600643;3061139732;0.004927100000
decroissant;50000;16;merge_sort;1525600643;3061139732;0.002809100000
decroissant;50000;16;heap_sort;1525600643;3061139732;0.006897500000
decroissant;50000;17;quick_sort_input_order;1744553824;2338349047;0.005011100000
decroissant;50000;17;merge_sort;1744553824;2338349047;0.002565500000
decroissant;50000;17;heap_sort;1744553824;2338349047;0.007718200000
decroissant;50000;18;quick_sort_input_order;2654384730;1923951309;0.004992600000
decroissant;50000;18;merge_sort;2654384730;1923951309;0.002603800000
decroissant;50000;18;heap_sort;2654384730;1923951309;0.007189800000
decroissant;50000;19;quick_sort_input_order;883515363;3627206516;0.005076600000
decroissant;50000;19;merge_sort;883515363;3627206516;0.002558000000
decroissant;50000;19;heap_sort;883515363;3627206516;0.007505900000
decroissant;50000;20;quick_sort_input_order;2381294575;1635005304;0.005040900000
decroissant;50000;20;merge_sort;2381294575;1635005304;0.002604100000
decroissant;50000;20;heap_sort;2381294575;1635005304;0.007058600000
decroissant;100000;1;quick_sort_input_order;4292826708;323276483;0.010089200000
decroissant;100000;1;merge_sort;4292826708;323276483;0.005563600000
decroissant;100000;1;heap_sort;4292826708;323276483;0.015702300000
decroissant;100000;2;quick_sort_input_order;1976224485;2572243570;0.010764500000
decroissant;100000;2;merge_sort;1976224485;2572243570;0.007301100000
decroissant;100000;2;heap_sort;1976224485;2572243570;0.014480800000
decroissant;100000;3;quick_sort_input_order;3859917633;176829398;0.010402600000
decroissant;100000;3;merge_sort;3859917633;176829398;0.006565700000
decroissant;100000;3;heap_sort;3859917633;176829398;0.014477600000
decroissant;100000;4;quick_sort_input_order;1643213703;2372594448;0.010245100000
decroissant;100000;4;merge_sort;1643213703;2372594448;0.006483400000
decroissant;100000;4;heap_sort;1643213703;2372594448;0.016319500000
decroissant;100000;5;quick_sort_input_order;3559992604;950711691;0.015253300000
decroissant;100000;5;merge_sort;3559992604;950711691;0.008586300000
decroissant;100000;5;heap_sort;3559992604;950711691;0.016289900000
decroissant;100000;6;quick_sort_input_order;1179103470;2866555001;0.011204200000
decroissant;100000;6;merge_sort;1179103470;2866555001;0.005995900000
decroissant;100000;6;heap_sort;1179103470;2866555001;0.014756900000
decroissant;100000;7;quick_sort_input_order;3711681198;832592441;0.011635200000
decroissant;100000;7;merge_sort;3711681198;832592441;0.005414300000
decroissant;100000;7;heap_sort;3711681198;832592441;0.014503300000
decroissant;100000;8;quick_sort_input_order;1233518915;2770180564;0.010999300000
decroissant;100000;8;merge_sort;1233518915;2770180564;0.005395400000
decroissant;100000;8;heap_sort;1233518915;2770180564;0.014505600000
decroissant;100000;9;quick_sort_input_order;736768191;3346114600;0.011528300000
decroissant;100000;9;merge_sort;736768191;3346114600;0.005400300000
decroissant;100000;9;heap_sort;736768191;3346114600;0.014433200000
decroissant;100000;10;quick_sort_input_order;570866805;3466405090;0.011256000000
decroissant;100000;10;merge_sort;570866805;3466405090;0.005612200000
decroissant;100000;10;heap_sort;570866805;3466405090;0.014483800000
decroissant;100000;11;quick_sort_input_order;817556942;3693180249;0.011399400000
decroissant;100000;11;merge_sort;817556942;3693180249;0.005888000000
decroissant;100000;11;heap_sort;817556942;3693180249;0.014463500000
decroissant;100000;12;quick_sort_input_order;117114800;3932200743;0.010939100000
decroissant;100000;12;merge_sort;117114800;3932200743;0.005346600000
decroissant;100000;12;heap_sort;117114800;3932200743;0.014460800000
decroissant;100000;13;quick_sort_input_order;1051955432;3525838975;0.010388000000
decroissant;100000;13;merge_sort;1051955432;3525838975;0.006438000000
decroissant;100000;13;heap_sort;1051955432;3525838975;0.014521000000
decroissant;100000;14;quick_sort_input_order;806576913;3699964806;0.010761300000
decroissant;100000;14;merge_sort;806576913;3699964806;0.006491400000
decroissant;100000;14;heap_sort;806576913;3699964806;0.014500200000
decroissant;100000;15;quick_sort_input_order;865373837;3742307866;0.010489600000
decroissant;100000;15;merge_sort;865373837;3742307866;0.006334400000
decroissant;100000;15;heap_sort;865373837;3742307866;0.014432900000
decroissant;100000;16;quick_sort_input_order;427320523;4125359196;0.010498400000
decroissant;100000;16;merge_sort;427320523;4125359196;0.006355600000
decroissant;100000;16;heap_sort;427320523;4125359196;0.014966000000
decroissant;100000;17;quick_sort_input_order;611152424;3371625151;0.011254300000
decroissant;100000;17;merge_sort;611152424;3371625151;0.005853400000
decroissant;100000;17;heap_sort;611152424;3371625151;0.014872600000
decroissant;100000;18;quick_sort_input_order;3718252306;825991045;0.010456900000
decroissant;100000;18;merge_sort;3718252306;825991045;0.005946800000
decroissant;100000;18;heap_sort;3718252306;825991045;0.014831100000
decroissant;100000;19;quick_sort_input_order;2000677547;2611245628;0.010297500000
decroissant;100000;19;merge_sort;2000677547;2611245628;0.005692600000
decroissant;100000;19;heap_sort;2000677547;2611245628;0.014867500000
decroissant;100000;20;quick_sort_input_order;3464044199;585270832;0.011013900000
decroissant;100000;20;merge_sort;3464044199;585270832;0.005430900000
decroissant;100000;20;heap_sort;3464044199;585270832;0.015587800000
decroissant;500000;1;quick_sort_input_order;378089083;4195530476;0.058795200000
decroissant;500000;1;merge_sort;378089083;4195530476;0.032242700000
decroissant;500000;1;heap_sort;378089083;4195530476;0.079456500000
decroissant;500000;2;quick_sort_input_order;2627515082;1879517789;0.058348900000
decroissant;500000;2;merge_sort;2627515082;1879517789;0.031491900000
decroissant;500000;2;heap_sort;2627515082;1879517789;0.084027100000
decroissant;500000;3;quick_sort_input_order;256365422;3822865401;0.059767100000
decroissant;500000;3;merge_sort;256365422;3822865401;0.033330600000
decroissant;500000;3;heap_sort;256365422;3822865401;0.080955200000
decroissant;500000;4;quick_sort_input_order;2292648872;1681691455;0.057457300000
decroissant;500000;4;merge_sort;2292648872;1681691455;0.031884000000
decroissant;500000;4;heap_sort;2292648872;1681691455;0.080803600000
decroissant;500000;5;quick_sort_input_order;1030182195;3523005860;0.062739200000
decroissant;500000;5;merge_sort;1030182195;3523005860;0.031562400000
decroissant;500000;5;heap_sort;1030182195;3523005860;0.081054000000
decroissant;500000;6;quick_sort_input_order;2937178305;1133138006;0.058298700000
decroissant;500000;6;merge_sort;2937178305;1133138006;0.031976500000
decroissant;500000;6;heap_sort;2937178305;1133138006;0.080323600000
decroissant;500000;7;quick_sort_input_order;879606401;3640009238;0.058825900000
decroissant;500000;7;merge_sort;879606401;3640009238;0.031238800000
decroissant;500000;7;heap_sort;879606401;3640009238;0.081129900000
decroissant;500000;8;quick_sort_input_order;2698017132;1280041467;0.058028600000
decroissant;500000;8;merge_sort;2698017132;1280041467;0.042879100000
decroissant;500000;8;heap_sort;2698017132;1280041467;0.090807700000
decroissant;500000;9;quick_sort_input_order;3267119248;774361095;0.082631000000
decroissant;500000;9;merge_sort;3267119248;774361095;0.048312200000
decroissant;500000;9;heap_sort;3267119248;774361095;0.104534100000
decroissant;500000;10;quick_sort_input_order;3411067994;667638989;0.088211100000
decroissant;500000;10;merge_sort;3411067994;667638989;0.056266700000
decroissant;500000;10;heap_sort;3411067994;667638989;0.116615300000
decroissant;500000;11;quick_sort_input_order;3656160737;896994678;0.080183600000
decroissant;500000;11;merge_sort;3656160737;896994678;0.041504600000
decroissant;500000;11;heap_sort;3656160737;896994678;0.114221800000
decroissant;500000;12;quick_sort_input_order;4021125023;53929736;0.084610600000
decroissant;500000;12;merge_sort;4021125023;53929736;0.037976100000
decroissant;500000;12;heap_sort;4021125023;53929736;0.126526000000
decroissant;500000;13;quick_sort_input_order;3622168775;998142032;0.077840300000
decroissant;500000;13;merge_sort;3622168775;998142032;0.035986200000
decroissant;500000;13;heap_sort;3622168775;998142032;0.108077600000
decroissant;500000;14;quick_sort_input_order;3645184830;903775145;0.088252500000
decroissant;500000;14;merge_sort;3645184830;903775145;0.046647900000
decroissant;500000;14;heap_sort;3645184830;903775145;0.123899800000
decroissant;500000;15;quick_sort_input_order;3670210210;911830581;0.062075200000
decroissant;500000;15;merge_sort;3670210210;911830581;0.035186500000
decroissant;500000;15;heap_sort;3670210210;911830581;0.084004000000
decroissant;500000;16;quick_sort_input_order;4029553892;481657971;0.062286800000
decroissant;500000;16;merge_sort;4029553892;481657971;0.030414000000
decroissant;500000;16;heap_sort;4029553892;481657971;0.086295500000
decroissant;500000;17;quick_sort_input_order;3443198471;564171408;0.060351900000
decroissant;500000;17;merge_sort;3443198471;564171408;0.036382200000
decroissant;500000;17;heap_sort;3443198471;564171408;0.081686700000
decroissant;500000;18;quick_sort_input_order;888569661;3631081386;0.059438800000
decroissant;500000;18;merge_sort;888569661;3631081386;0.032731000000
decroissant;500000;18;heap_sort;888569661;3631081386;0.080491100000
decroissant;500000;19;quick_sort_input_order;2657718916;1928464915;0.059463100000
decroissant;500000;19;merge_sort;2657718916;1928464915;0.032516200000
decroissant;500000;19;heap_sort;2657718916;1928464915;0.081196300000
decroissant;500000;20;quick_sort_input_order;657417864;3417636383;0.057998900000
decroissant;500000;20;merge_sort;657417864;3417636383;0.033255600000
decroissant;500000;20;heap_sort;657417864;3417636383;0.081636600000
decroissant;1000000;1;quick_sort_input_order;2858339515;1187337260;0.121202900000
decroissant;1000000;1;merge_sort;2858339515;1187337260;0.077586700000
decroissant;1000000;1;heap_sort;2858339515;1187337260;0.169741500000
decroissant;1000000;2;quick_sort_input_order;541806602;3436234909;0.122425000000
decroissant;1000000;2;merge_sort;541806602;3436234909;0.067657300000
decroissant;1000000;2;heap_sort;541806602;3436234909;0.169909800000
decroissant;1000000;3;quick_sort_input_order;3012571566;1594599737;0.124321000000
decroissant;1000000;3;merge_sort;3012571566;1594599737;0.071151100000
decroissant;1000000;3;heap_sort;3012571566;1594599737;0.169919500000
decroissant;1000000;4;quick_sort_input_order;879815016;3639308799;0.125405000000
decroissant;1000000;4;merge_sort;879815016;3639308799;0.065679500000
decroissant;1000000;4;heap_sort;879815016;3639308799;0.169415000000
decroissant;1000000;5;quick_sort_input_order;2175842291;1831546724;0.120597900000
decroissant;1000000;5;merge_sort;2175842291;1831546724;0.069243700000
decroissant;1000000;5;heap_sort;2175842291;1831546724;0.177021000000
decroissant;1000000;6;quick_sort_input_order;331753985;4284330646;0.133328700000
decroissant;1000000;6;merge_sort;331753985;4284330646;0.076305700000
decroissant;1000000;6;heap_sort;331753985;4284330646;0.175129600000
decroissant;1000000;7;quick_sort_input_order;2293913665;1679933654;0.122908500000
decroissant;1000000;7;merge_sort;2293913665;1679933654;0.069004600000
decroissant;1000000;7;heap_sort;2293913665;1679933654;0.174937100000
decroissant;1000000;8;quick_sort_input_order;470260652;4036756283;0.125931200000
decroissant;1000000;8;merge_sort;470260652;4036756283;0.084579900000
decroissant;1000000;8;heap_sort;470260652;4036756283;0.170869900000
decroissant;1000000;9;quick_sort_input_order;2120985168;2465215175;0.125223400000
decroissant;1000000;9;merge_sort;2120985168;2465215175;0.069544900000
decroissant;1000000;9;heap_sort;2120985168;2465215175;0.168662100000
decroissant;1000000;10;quick_sort_input_order;2005345946;2602352141;0.126195000000
decroissant;1000000;10;merge_sort;2005345946;2602352141;0.067574000000
decroissant;1000000;10;heap_sort;2005345946;2602352141;0.172553100000
decroissant;1000000;11;quick_sort_input_order;1698395937;2309025718;0.123468100000
decroissant;1000000;11;merge_sort;1698395937;2309025718;0.072242600000
decroissant;1000000;11;heap_sort;1698395937;2309025718;0.170101900000
decroissant;1000000;12;quick_sort_input_order;1400544607;3219195336;0.118035900000
decroissant;1000000;12;merge_sort;1400544607;3219195336;0.068853600000
decroissant;1000000;12;heap_sort;1400544607;3219195336;0.170257400000
decroissant;1000000;13;quick_sort_input_order;1798441479;2276037264;0.121143500000
decroissant;1000000;13;merge_sort;1798441479;2276037264;0.066869100000
decroissant;1000000;13;heap_sort;1798441479;2276037264;0.170704900000
decroissant;1000000;14;quick_sort_input_order;1704131070;2299093353;0.130445900000
decroissant;1000000;14;merge_sort;1704131070;2299093353;0.066761900000
decroissant;1000000;14;heap_sort;1704131070;2299093353;0.166242100000
decroissant;1000000;15;quick_sort_input_order;1712657506;2324598005;0.122755800000
decroissant;1000000;15;merge_sort;1712657506;2324598005;0.066206700000
decroissant;1000000;15;heap_sort;1712657506;2324598005;0.167569700000
decroissant;1000000;16;quick_sort_input_order;1291451940;2690803379;0.122335700000
decroissant;1000000;16;merge_sort;1291451940;2690803379;0.066708600000
decroissant;1000000;16;heap_sort;1291451940;2690803379;0.183314000000
decroissant;1000000;17;quick_sort_input_order;1911351495;2641850448;0.125035000000
decroissant;1000000;17;merge_sort;1911351495;2641850448;0.070027500000
decroissant;1000000;17;heap_sort;1911351495;2641850448;0.170797800000
decroissant;1000000;18;quick_sort_input_order;2283904509;1689912682;0.126856600000
decroissant;1000000;18;merge_sort;2283904509;1689912682;0.070372600000
decroissant;1000000;18;heap_sort;2283904509;1689912682;0.174672600000
decroissant;1000000;19;quick_sort_input_order;582905924;3458590931;0.125493900000
decroissant;1000000;19;merge_sort;582905924;3458590931;0.077615600000
decroissant;1000000;19;heap_sort;582905924;3458590931;0.174123100000
decroissant;1000000;20;quick_sort_input_order;2616755272;2002984159;0.121149400000
decroissant;1000000;20;merge_sort;2616755272;2002984159;0.067173000000
decroissant;1000000;20;heap_sort;2616755272;2002984159;0.169749700000
presque_trie;100;1;selection_sort;1207576791;2875306048;0.000024100000
presque_trie;100;1;bubble_sort;1207576791;2875306048;0.000010900000
presque_trie;100;1;insertion_sort;1207576791;2875306048;0.000001300000
presque_trie;100;1;quick_sort_input_order;1207576791;2875306048;0.000010900000
presque_trie;100;1;merge_sort;1207576791;2875306048;0.000008800000
presque_trie;100;1;heap_sort;1207576791;2875306048;0.000013000000
presque_trie;100;2;selection_sort;3455038566;561261809;0.000024500000
presque_trie;100;2;bubble_sort;3455038566;561261809;0.000008800000
presque_trie;100;2;insertion_sort;3455038566;561261809;0.000001100000
presque_trie;100;2;quick_sort_input_order;3455038566;561261809;0.000008900000
presque_trie;100;2;merge_sort;3455038566;561261809;0.000007400000
presque_trie;100;2;heap_sort;3455038566;561261809;0.000021000000
presque_trie;100;3;selection_sort;1580520898;2997833045;0.000024300000
presque_trie;100;3;bubble_sort;1580520898;2997833045;0.000017400000
presque_trie;100;3;insertion_sort;1580520898;2997833045;0.000001300000
presque_trie;100;3;quick_sort_input_order;1580520898;2997833045;0.000009900000
presque_trie;100;3;merge_sort;1580520898;2997833045;0.000007300000
presque_trie;100;3;heap_sort;1580520898;2997833045;0.000012700000
presque_trie;100;4;selection_sort;3654552836;894408083;0.000020700000
presque_trie;100;4;bubble_sort;3654552836;894408083;0.000006700000
presque_trie;100;4;insertion_sort;3654552836;894408083;0.000000800000
presque_trie;100;4;quick_sort_input_order;3654552836;894408083;0.000006500000
presque_trie;100;4;merge_sort;3654552836;894408083;0.000004500000
presque_trie;100;4;heap_sort;3654552836;894408083;0.000009100000
presque_trie;100;5;selection_sort;1813271455;2156907272;0.000020300000
presque_trie;100;5;bubble_sort;1813271455;2156907272;0.000008600000
presque_trie;100;5;insertion_sort;1813271455;2156907272;0.000000800000
presque_trie;100;5;quick_sort_input_order;1813271455;2156907272;0.000007100000
presque_trie;100;5;merge_sort;1813271455;2156907272;0.000004500000
presque_trie;100;5;heap_sort;1813271455;2156907272;0.000008700000
presque_trie;100;6;selection_sort;4267888237;318330618;0.000020100000
presque_trie;100;6;bubble_sort;4267888237;318330618;0.000010800000
presque_trie;100;6;insertion_sort;4267888237;318330618;0.000000800000
presque_trie;100;6;quick_sort_input_order;4267888237;318330618;0.000007100000
presque_trie;100;6;merge_sort;4267888237;318330618;0.000004300000
presque_trie;100;6;heap_sort;4267888237;318330618;0.000007500000
presque_trie;100;7;selection_sort;1696513069;2307204282;0.000020200000
presque_trie;100;7;bubble_sort;1696513069;2307204282;0.000010400000
presque_trie;100;7;insertion_sort;1696513069;2307204282;0.000000800000
presque_trie;100;7;quick_sort_input_order;1696513069;2307204282;0.000006500000
presque_trie;100;7;merge_sort;1696513069;2307204282;0.000004500000
presque_trie;100;7;heap_sort;1696513069;2307204282;0.000007400000
presque_trie;100;8;selection_sort;4054024128;490268503;0.000020100000
presque_trie;100;8;bubble_sort;4054024128;490268503;0.000003300000
presque_trie;100;8;insertion_sort;4054024128;490268503;0.000000600000
presque_trie;100;8;quick_sort_input_order;4054024128;490268503;0.000006700000
presque_trie;100;8;merge_sort;4054024128;490268503;0.000003900000
presque_trie;100;8;heap_sort;4054024128;490268503;0.000007500000
presque_trie;100;9;selection_sort;2479836732;2136266411;0.000020100000
presque_trie;100;9;bubble_sort;2479836732;2136266411;0.000003300000
presque_trie;100;9;insertion_sort;2479836732;2136266411;0.000000600000
presque_trie;100;9;quick_sort_input_order;2479836732;2136266411;0.000006700000
presque_trie;100;9;merge_sort;2479836732;2136266411;0.000003500000
presque_trie;100;9;heap_sort;2479836732;2136266411;0.000007500000
presque_trie;100;10;selection_sort;2586034934;1991793249;0.000020100000
presque_trie;100;10;bubble_sort;2586034934;1991793249;0.000010900000
presque_trie;100;10;insertion_sort;2586034934;1991793249;0.000000800000
presque_trie;100;10;quick_sort_input_order;2586034934;1991793249;0.000006700000
presque_trie;100;10;merge_sort;2586034934;1991793249;0.000004000000
presque_trie;100;10;heap_sort;2586034934;1991793249;0.000007300000
presque_trie;100;11;selection_sort;2292159309;1677986778;0.000020300000
presque_trie;100;11;bubble_sort;2292159309;1677986778;0.000005600000
presque_trie;100;11;insertion_sort;2292159309;1677986778;0.000000600000
presque_trie;100;11;quick_sort_input_order;2292159309;1677986778;0.000007300000
presque_trie;100;11;merge_sort;2292159309;1677986778;0.000004300000
presque_trie;100;11;heap_sort;2292159309;1677986778;0.000007300000
presque_trie;100;12;selection_sort;3202251059;1380311460;0.000020100000
presque_trie;100;12;bubble_sort;3202251059;1380311460;0.000000600000
presque_trie;100;12;insertion_sort;3202251059;1380311460;0.000000500000
presque_trie;100;12;quick_sort_input_order;3202251059;1380311460;0.000006400000
presque_trie;100;12;merge_sort;3202251059;1380311460;0.000003300000
presque_trie;100;12;heap_sort;3202251059;1380311460;0.000006000000
presque_trie;100;13;selection_sort;2258038379;1779267324;0.000020200000
presque_trie;100;13;bubble_sort;2258038379;1779267324;0.000003700000
presque_trie;100;13;insertion_sort;2258038379;1779267324;0.000000600000
presque_trie;100;13;quick_sort_input_order;2258038379;1779267324;0.000006300000
presque_trie;100;13;merge_sort;2258038379;1779267324;0.000003800000
presque_trie;100;13;heap_sort;2258038379;1779267324;0.000006400000
presque_trie;100;14;selection_sort;2285247890;1689093381;0.000020100000
presque_trie;100;14;bubble_sort;2285247890;1689093381;0.000011800000
presque_trie;100;14;insertion_sort;2285247890;1689093381;0.000000900000
presque_trie;100;14;quick_sort_input_order;2285247890;1689093381;0.000006300000
presque_trie;100;14;merge_sort;2285247890;1689093381;0.000004500000
presque_trie;100;14;heap_sort;2285247890;1689093381;0.000006200000
presque_trie;100;15;selection_sort;2343694350;1730832537;0.000020100000
presque_trie;100;15;bubble_sort;2343694350;1730832537;0.000004500000
presque_trie;100;15;insertion_sort;2343694350;1730832537;0.000000700000
presque_trie;100;15;quick_sort_input_order;2343694350;1730832537;0.000006500000
presque_trie;100;15;merge_sort;2343694350;1730832537;0.000004000000
presque_trie;100;15;heap_sort;2343694350;1730832537;0.000006800000
presque_trie;100;16;selection_sort;2707233352;1304855263;0.000020100000
presque_trie;100;16;bubble_sort;2707233352;1304855263;0.000011900000
presque_trie;100;16;insertion_sort;2707233352;1304855263;0.000000800000
presque_trie;100;16;quick_sort_input_order;2707233352;1304855263;0.000006100000
presque_trie;100;16;merge_sort;2707233352;1304855263;0.000004300000
presque_trie;100;16;heap_sort;2707233352;1304855263;0.000005900000
presque_trie;100;17;selection_sort;2621967531;1892914236;0.000020100000
presque_trie;100;17;bubble_sort;2621967531;1892914236;0.000010400000
presque_trie;100;17;insertion_sort;2621967531;1892914236;0.000000800000
presque_trie;100;17;quick_sort_input_order;2621967531;1892914236;0.000006200000
presque_trie;100;17;merge_sort;2621967531;1892914236;0.000004100000
presque_trie;100;17;heap_sort;2621967531;1892914236;0.000007000000
presque_trie;100;18;selection_sort;1703246225;2300502278;0.000020100000
presque_trie;100;18;bubble_sort;1703246225;2300502278;0.000005800000
presque_trie;100;18;insertion_sort;1703246225;2300502278;0.000000700000
presque_trie;100;18;quick_sort_input_order;1703246225;2300502278;0.000006100000
presque_trie;100;18;merge_sort;1703246225;2300502278;0.000004100000
presque_trie;100;18;heap_sort;1703246225;2300502278;0.000006000000
presque_trie;100;19;selection_sort;3474625576;595659967;0.000020100000
presque_trie;100;19;bubble_sort;3474625576;595659967;0.000006500000
presque_trie;100;19;insertion_sort;3474625576;595659967;0.000000700000
presque_trie;100;19;quick_sort_input_order;3474625576;595659967;0.000006500000
presque_trie;100;19;merge_sort;3474625576;595659967;0.000004000000
presque_trie;100;19;heap_sort;3474625576;595659967;0.000006200000
presque_trie;100;20;selection_sort;1985765412;2596796595;0.000020200000
presque_trie;100;20;bubble_sort;1985765412;2596796595;0.000012200000
presque_trie;100;20;insertion_sort;1985765412;2596796595;0.000000900000
presque_trie;100;20;quick_sort_input_order;1985765412;2596796595;0.000006300000
presque_trie;100;20;merge_sort;1985765412;2596796595;0.000004700000
presque_trie;100;20;heap_sort;1985765412;2596796595;0.000006000000
presque_trie;500;1;selection_sort;957216922;3583401997;0.000638400000
presque_trie;500;1;bubble_sort;957216922;3583401997;0.000128100000
presque_trie;500;1;insertion_sort;957216922;3583401997;0.000004100000
presque_trie;500;1;quick_sort_input_order;957216922;3583401997;0.000036600000
presque_trie;500;1;merge_sort;957216922;3583401997;0.000023300000
presque_trie;500;1;heap_sort;957216922;3583401997;0.000054800000
presque_trie;500;2;selection_sort;3004720171;1602485436;0.000633900000
presque_trie;500;2;bubble_sort;3004720171;1602485436;0.000254200000
presque_trie;500;2;insertion_sort;3004720171;1602485436;0.000005800000
presque_trie;500;2;quick_sort_input_order;3004720171;1602485436;0.000036700000
presque_trie;500;2;merge_sort;3004720171;1602485436;0.000022900000
presque_trie;500;2;heap_sort;3004720171;1602485436;0.000054100000
presque_trie;500;3;selection_sort;549651855;3428359448;0.000628400000
presque_trie;500;3;bubble_sort;549651855;3428359448;0.000280400000
presque_trie;500;3;insertion_sort;549651855;3428359448;0.000007600000
presque_trie;500;3;quick_sort_input_order;549651855;3428359448;0.000038400000
presque_trie;500;3;merge_sort;549651855;3428359448;0.000093800000
presque_trie;500;3;heap_sort;549651855;3428359448;0.000079900000
presque_trie;500;4;selection_sort;2804145481;1270367710;0.000641800000
presque_trie;500;4;bubble_sort;2804145481;1270367710;0.000274900000
presque_trie;500;4;insertion_sort;2804145481;1270367710;0.000006700000
presque_trie;500;4;quick_sort_input_order;2804145481;1270367710;0.000036800000
presque_trie;500;4;merge_sort;2804145481;1270367710;0.000022800000
presque_trie;500;4;heap_sort;2804145481;1270367710;0.000055400000
presque_trie;500;5;selection_sort;316900306;4269284165;0.000673500000
presque_trie;500;5;bubble_sort;316900306;4269284165;0.000269100000
presque_trie;500;5;insertion_sort;316900306;4269284165;0.000005200000
presque_trie;500;5;quick_sort_input_order;316900306;4269284165;0.000034500000
presque_trie;500;5;merge_sort;316900306;4269284165;0.000023000000
presque_trie;500;5;heap_sort;316900306;4269284165;0.000055700000
presque_trie;500;6;selection_sort;2157256224;1812891319;0.000628400000
presque_trie;500;6;bubble_sort;2157256224;1812891319;0.000239400000
presque_trie;500;6;insertion_sort;2157256224;1812891319;0.000006600000
presque_trie;500;6;quick_sort_input_order;2157256224;1812891319;0.000033300000
presque_trie;500;6;merge_sort;2157256224;1812891319;0.000023300000
presque_trie;500;6;heap_sort;2157256224;1812891319;0.000054800000
presque_trie;500;7;selection_sort;468282464;4151506167;0.000633600000
presque_trie;500;7;bubble_sort;468282464;4151506167;0.000270100000
presque_trie;500;7;insertion_sort;468282464;4151506167;0.000006300000
presque_trie;500;7;quick_sort_input_order;468282464;4151506167;0.000035700000
presque_trie;500;7;merge_sort;468282464;4151506167;0.000023000000
presque_trie;500;7;heap_sort;468282464;4151506167;0.000054700000
presque_trie;500;8;selection_sort;2404691853;1674524442;0.000628600000
presque_trie;500;8;bubble_sort;2404691853;1674524442;0.000333500000
presque_trie;500;8;insertion_sort;2404691853;1674524442;0.000008200000
presque_trie;500;8;quick_sort_input_order;2404691853;1674524442;0.000043500000
presque_trie;500;8;merge_sort;2404691853;1674524442;0.000025000000
presque_trie;500;8;heap_sort;2404691853;1674524442;0.000053400000
presque_trie;500;9;selection_sort;3979910769;27461350;0.000628700000
presque_trie;500;9;bubble_sort;3979910769;27461350;0.000245100000
presque_trie;500;9;insertion_sort;3979910769;27461350;0.000005900000
presque_trie;500;9;quick_sort_input_order;3979910769;27461350;0.000038900000
presque_trie;500;9;merge_sort;3979910769;27461350;0.000022900000
presque_trie;500;9;heap_sort;3979910769;27461350;0.000054500000
presque_trie;500;10;selection_sort;3839103675;139430444;0.000635900000
presque_trie;500;10;bubble_sort;3839103675;139430444;0.000252700000
presque_trie;500;10;insertion_sort;3839103675;139430444;0.000006200000
presque_trie;500;10;quick_sort_input_order;3839103675;139430444;0.000039600000
presque_trie;500;10;merge_sort;3839103675;139430444;0.000023000000
presque_trie;500;10;heap_sort;3839103675;139430444;0.000054400000
presque_trie;500;11;selection_sort;4134028032;452189079;0.000630100000
presque_trie;500;11;bubble_sort;4134028032;452189079;0.000229000000
presque_trie;500;11;insertion_sort;4134028032;452189079;0.000006100000
presque_trie;500;11;quick_sort_input_order;4134028032;452189079;0.000036900000
presque_trie;500;11;merge_sort;4134028032;452189079;0.000029900000
presque_trie;500;11;heap_sort;4134028032;452189079;0.000053400000
presque_trie;500;12;selection_sort;3223955838;749875689;0.000630100000
presque_trie;500;12;bubble_sort;3223955838;749875689;0.000268500000
presque_trie;500;12;insertion_sort;3223955838;749875689;0.000008600000
presque_trie;500;12;quick_sort_input_order;3223955838;749875689;0.000040700000
presque_trie;500;12;merge_sort;3223955838;749875689;0.000023700000
presque_trie;500;12;heap_sort;3223955838;749875689;0.000053800000
presque_trie;500;13;selection_sort;4167122470;351970993;0.000630000000
presque_trie;500;13;bubble_sort;4167122470;351970993;0.000261400000
presque_trie;500;13;insertion_sort;4167122470;351970993;0.000005100000
presque_trie;500;13;quick_sort_input_order;4167122470;351970993;0.000036200000
presque_trie;500;13;merge_sort;4167122470;351970993;0.000022000000
presque_trie;500;13;heap_sort;4167122470;351970993;0.000053100000
presque_trie;500;14;selection_sort;4139896287;442127688;0.000629700000
presque_trie;500;14;bubble_sort;4139896287;442127688;0.000272100000
presque_trie;500;14;insertion_sort;4139896287;442127688;0.000007900000
presque_trie;500;14;quick_sort_input_order;4139896287;442127688;0.000034500000
presque_trie;500;14;merge_sort;4139896287;442127688;0.000022700000
presque_trie;500;14;heap_sort;4139896287;442127688;0.000054500000
presque_trie;500;15;selection_sort;4115013699;433961172;0.000637200000
presque_trie;500;15;bubble_sort;4115013699;433961172;0.000270900000
presque_trie;500;15;insertion_sort;4115013699;433961172;0.000008100000
presque_trie;500;15;quick_sort_input_order;4115013699;433961172;0.000037400000
presque_trie;500;15;merge_sort;4115013699;433961172;0.000023100000
presque_trie;500;15;heap_sort;4115013699;433961172;0.000053600000
presque_trie;500;16;selection_sort;3752512005;858870418;0.000628400000
presque_trie;500;16;bubble_sort;3752512005;858870418;0.000238500000
presque_trie;500;16;insertion_sort;3752512005;858870418;0.000005500000
presque_trie;500;16;quick_sort_input_order;3752512005;858870418;0.000037100000
presque_trie;500;16;merge_sort;3752512005;858870418;0.000021600000
presque_trie;500;16;heap_sort;3752512005;858870418;0.000052800000
presque_trie;500;17;selection_sort;3804224742;237257841;0.000633900000
presque_trie;500;17;bubble_sort;3804224742;237257841;0.000255300000
presque_trie;500;17;insertion_sort;3804224742;237257841;0.000006300000
presque_trie;500;17;quick_sort_input_order;3804224742;237257841;0.000035700000
presque_trie;500;17;merge_sort;3804224742;237257841;0.000022300000
presque_trie;500;17;heap_sort;3804224742;237257841;0.000052200000
presque_trie;500;18;selection_sort;460499420;4159254859;0.000673700000
presque_trie;500;18;bubble_sort;460499420;4159254859;0.000483400000
presque_trie;500;18;insertion_sort;460499420;4159254859;0.000009600000
presque_trie;500;18;quick_sort_input_order;460499420;4159254859;0.000050300000
presque_trie;500;18;merge_sort;460499420;4159254859;0.000042500000
presque_trie;500;18;heap_sort;460499420;4159254859;0.000052700000
presque_trie;500;19;selection_sort;2985116773;1568070898;0.000639500000
presque_trie;500;19;bubble_sort;2985116773;1568070898;0.000477700000
presque_trie;500;19;insertion_sort;2985116773;1568070898;0.000010000000
presque_trie;500;19;quick_sort_input_order;2985116773;1568070898;0.000051500000
presque_trie;500;19;merge_sort;2985116773;1568070898;0.000044200000
presque_trie;500;19;heap_sort;2985116773;1568070898;0.000071100000
presque_trie;500;20;selection_sort;145469545;3828361470;0.000637800000
presque_trie;500;20;bubble_sort;145469545;3828361470;0.000421200000
presque_trie;500;20;insertion_sort;145469545;3828361470;0.000008800000
presque_trie;500;20;quick_sort_input_order;145469545;3828361470;0.000050600000
presque_trie;500;20;merge_sort;145469545;3828361470;0.000036000000
presque_trie;500;20;heap_sort;145469545;3828361470;0.000072700000
presque_trie;1000;1;selection_sort;545340874;3424298333;0.002687100000
presque_trie;1000;1;bubble_sort;545340874;3424298333;0.000920900000
presque_trie;1000;1;insertion_sort;545340874;3424298333;0.000015500000
presque_trie;1000;1;quick_sort_input_order;545340874;3424298333;0.000079000000
presque_trie;1000;1;merge_sort;545340874;3424298333;0.000049800000
presque_trie;1000;1;heap_sort;545340874;3424298333;0.000125400000
presque_trie;1000;2;selection_sort;2861867387;1175402988;0.002775500000
presque_trie;1000;2;bubble_sort;2861867387;1175402988;0.001032500000
presque_trie;1000;2;insertion_sort;2861867387;1175402988;0.000022200000
presque_trie;1000;2;quick_sort_input_order;2861867387;1175402988;0.000112500000
presque_trie;1000;2;merge_sort;2861867387;1175402988;0.000075000000
presque_trie;1000;2;heap_sort;2861867387;1175402988;0.000145500000
presque_trie;1000;3;selection_sort;961528031;3587463240;0.002615100000
presque_trie;1000;3;bubble_sort;961528031;3587463240;0.001125900000
presque_trie;1000;3;insertion_sort;961528031;3587463240;0.000020200000
presque_trie;1000;3;quick_sort_input_order;961528031;3587463240;0.000079300000
presque_trie;1000;3;merge_sort;961528031;3587463240;0.000049500000
presque_trie;1000;3;heap_sort;961528031;3587463240;0.000117200000
presque_trie;1000;4;selection_sort;3199146009;1379172494;0.002631900000
presque_trie;1000;4;bubble_sort;3199146009;1379172494;0.000940400000
presque_trie;1000;4;insertion_sort;3199146009;1379172494;0.000019700000
presque_trie;1000;4;quick_sort_input_order;3199146009;1379172494;0.000081100000
presque_trie;1000;4;merge_sort;3199146009;1379172494;0.000049600000
presque_trie;1000;4;heap_sort;3199146009;1379172494;0.000113000000
presque_trie;1000;5;selection_sort;191841922;3891584533;0.002612200000
presque_trie;1000;5;bubble_sort;191841922;3891584533;0.000789600000
presque_trie;1000;5;insertion_sort;191841922;3891584533;0.000017100000
presque_trie;1000;5;quick_sort_input_order;191841922;3891584533;0.000079000000
presque_trie;1000;5;merge_sort;191841922;3891584533;0.000054200000
presque_trie;1000;5;heap_sort;191841922;3891584533;0.000111800000
presque_trie;1000;6;selection_sort;2568608624;1971471335;0.002603200000
presque_trie;1000;6;bubble_sort;2568608624;1971471335;0.000977500000
presque_trie;1000;6;insertion_sort;2568608624;1971471335;0.000018000000
presque_trie;1000;6;quick_sort_input_order;2568608624;1971471335;0.000079900000
presque_trie;1000;6;merge_sort;2568608624;1971471335;0.000047800000
presque_trie;1000;6;heap_sort;2568608624;1971471335;0.000114000000
presque_trie;1000;7;selection_sort;40216880;4009636263;0.002729200000
presque_trie;1000;7;bubble_sort;40216880;4009636263;0.001709400000
presque_trie;1000;7;insertion_sort;40216880;4009636263;0.000031400000
presque_trie;1000;7;quick_sort_input_order;40216880;4009636263;0.000199600000
presque_trie;1000;7;merge_sort;40216880;4009636263;0.000075300000
presque_trie;1000;7;heap_sort;40216880;4009636263;0.000112300000
presque_trie;1000;8;selection_sort;2530765533;2051273290;0.002684400000
presque_trie;1000;8;bubble_sort;2530765533;2051273290;0.000835100000
presque_trie;1000;8;insertion_sort;2530765533;2051273290;0.000016200000
presque_trie;1000;8;quick_sort_input_order;2530765533;2051273290;0.000078700000
presque_trie;1000;8;merge_sort;2530765533;2051273290;0.000046200000
presque_trie;1000;8;heap_sort;2530765533;2051273290;0.000112100000
presque_trie;1000;9;selection_sort;4105460513;405783478;0.002596500000
presque_trie;1000;9;bubble_sort;4105460513;405783478;0.000989600000
presque_trie;1000;9;insertion_sort;4105460513;405783478;0.000021200000
presque_trie;1000;9;quick_sort_input_order;4105460513;405783478;0.000082600000
presque_trie;1000;9;merge_sort;4105460513;405783478;0.000048100000
presque_trie;1000;9;heap_sort;4105460513;405783478;0.000113400000
presque_trie;1000;10;selection_sort;4250458091;298012540;0.002643700000
presque_trie;1000;10;bubble_sort;4250458091;298012540;0.001192700000
presque_trie;1000;10;insertion_sort;4250458091;298012540;0.000019000000
presque_trie;1000;10;quick_sort_input_order;4250458091;298012540;0.000088600000
presque_trie;1000;10;merge_sort;4250458091;298012540;0.000048500000
presque_trie;1000;10;heap_sort;4250458091;298012540;0.000115100000
presque_trie;1000;11;selection_sort;4024731216;58662599;0.002664000000
presque_trie;1000;11;bubble_sort;4024731216;58662599;0.001149200000
presque_trie;1000;11;insertion_sort;4024731216;58662599;0.000019200000
presque_trie;1000;11;quick_sort_input_order;4024731216;58662599;0.000077600000
presque_trie;1000;11;merge_sort;4024731216;58662599;0.000045800000
presque_trie;1000;11;heap_sort;4024731216;58662599;0.000111300000
presque_trie;1000;12;selection_sort;3651497006;893318329;0.002596900000
presque_trie;1000;12;bubble_sort;3651497006;893318329;0.001018200000
presque_trie;1000;12;insertion_sort;3651497006;893318329;0.000019400000
presque_trie;1000;12;quick_sort_input_order;3651497006;893318329;0.000076300000
presque_trie;1000;12;merge_sort;3651497006;893318329;0.000049000000
presque_trie;1000;12;heap_sort;3651497006;893318329;0.000110800000
presque_trie;1000;13;selection_sort;3790470006;225862625;0.002596700000
presque_trie;1000;13;bubble_sort;3790470006;225862625;0.000951400000
presque_trie;1000;13;insertion_sort;3790470006;225862625;0.000020200000
presque_trie;1000;13;quick_sort_input_order;3790470006;225862625;0.000078500000
presque_trie;1000;13;merge_sort;3790470006;225862625;0.000047100000
presque_trie;1000;13;heap_sort;3790470006;225862625;0.000113300000
presque_trie;1000;14;selection_sort;4014803087;64393240;0.002643700000
presque_trie;1000;14;bubble_sort;4014803087;64393240;0.001011300000
presque_trie;1000;14;insertion_sort;4014803087;64393240;0.000022200000
presque_trie;1000;14;quick_sort_input_order;4014803087;64393240;0.000111900000
presque_trie;1000;14;merge_sort;4014803087;64393240;0.000048300000
presque_trie;1000;14;heap_sort;4014803087;64393240;0.000110100000
presque_trie;1000;15;selection_sort;3972719891;5340548;0.002881100000
presque_trie;1000;15;bubble_sort;3972719891;5340548;0.001070400000
presque_trie;1000;15;insertion_sort;3972719891;5340548;0.000022400000
presque_trie;1000;15;quick_sort_input_order;3972719891;5340548;0.000087800000
presque_trie;1000;15;merge_sort;3972719891;5340548;0.000056300000
presque_trie;1000;15;heap_sort;3972719891;5340548;0.000112500000
presque_trie;1000;16;selection_sort;3324383061;717068226;0.002600900000
presque_trie;1000;16;bubble_sort;3324383061;717068226;0.000969300000
presque_trie;1000;16;insertion_sort;3324383061;717068226;0.000018000000
presque_trie;1000;16;quick_sort_input_order;3324383061;717068226;0.000079900000
presque_trie;1000;16;merge_sort;3324383061;717068226;0.000051800000
presque_trie;1000;16;heap_sort;3324383061;717068226;0.000112800000
presque_trie;1000;17;selection_sort;4214430134;396919073;0.002600800000
presque_trie;1000;17;bubble_sort;4214430134;396919073;0.001026200000
presque_trie;1000;17;insertion_sort;4214430134;396919073;0.000061700000
presque_trie;1000;17;quick_sort_input_order;4214430134;396919073;0.000082400000
presque_trie;1000;17;merge_sort;4214430134;396919073;0.000047300000
presque_trie;1000;17;heap_sort;4214430134;396919073;0.000111300000
presque_trie;1000;18;selection_sort;50228364;3999659035;0.002640700000
presque_trie;1000;18;bubble_sort;50228364;3999659035;0.000924600000
presque_trie;1000;18;insertion_sort;50228364;3999659035;0.000018500000
presque_trie;1000;18;quick_sort_input_order;50228364;3999659035;0.000211000000
presque_trie;1000;18;merge_sort;50228364;3999659035;0.000049100000
presque_trie;1000;18;heap_sort;50228364;3999659035;0.000113000000
presque_trie;1000;19;selection_sort;2824962357;1157241250;0.002668900000
presque_trie;1000;19;bubble_sort;2824962357;1157241250;0.001101200000
presque_trie;1000;19;insertion_sort;2824962357;1157241250;0.000022600000
presque_trie;1000;19;quick_sort_input_order;2824962357;1157241250;0.000083400000
presque_trie;1000;19;merge_sort;2824962357;1157241250;0.000049300000
presque_trie;1000;19;heap_sort;2824962357;1157241250;0.000116300000
presque_trie;1000;20;selection_sort;287798585;4257017262;0.002596600000
presque_trie;1000;20;bubble_sort;287798585;4257017262;0.001047700000
presque_trie;1000;20;insertion_sort;287798585;4257017262;0.000019100000
presque_trie;1000;20;quick_sort_input_order;287798585;4257017262;0.000078800000
presque_trie;1000;20;merge_sort;287798585;4257017262;0.000047500000
presque_trie;1000;20;heap_sort;287798585;4257017262;0.000113800000
presque_trie;5000;1;selection_sort;4122745707;422020092;0.068429300000
presque_trie;5000;1;bubble_sort;4122745707;422020092;0.027862900000
presque_trie;5000;1;insertion_sort;4122745707;422020092;0.000308000000
presque_trie;5000;1;quick_sort_input_order;4122745707;422020092;0.000448000000
presque_trie;5000;1;merge_sort;4122745707;422020092;0.000391300000
presque_trie;5000;1;heap_sort;4122745707;422020092;0.000596100000
presque_trie;5000;2;selection_sort;2141816794;2469535565;0.067854900000
presque_trie;5000;2;bubble_sort;2141816794;2469535565;0.038270300000
presque_trie;5000;2;insertion_sort;2141816794;2469535565;0.000512000000
presque_trie;5000;2;quick_sort_input_order;2141816794;2469535565;0.000742400000
presque_trie;5000;2;merge_sort;2141816794;2469535565;0.000466900000
presque_trie;5000;2;heap_sort;2141816794;2469535565;0.000897400000
presque_trie;5000;3;selection_sort;3966953086;15302377;0.068586200000
presque_trie;5000;3;bubble_sort;3966953086;15302377;0.028368700000
presque_trie;5000;3;insertion_sort;3966953086;15302377;0.000377400000
presque_trie;5000;3;quick_sort_input_order;3966953086;15302377;0.000445900000
presque_trie;5000;3;merge_sort;3966953086;15302377;0.000266700000
presque_trie;5000;3;heap_sort;3966953086;15302377;0.000605600000
presque_trie;5000;4;selection_sort;1804746424;2265556527;0.068030800000
presque_trie;5000;4;bubble_sort;1804746424;2265556527;0.029010000000
presque_trie;5000;4;insertion_sort;1804746424;2265556527;0.000365200000
presque_trie;5000;4;quick_sort_input_order;1804746424;2265556527;0.000461000000
presque_trie;5000;4;merge_sort;1804746424;2265556527;0.000273700000
presque_trie;5000;4;heap_sort;1804746424;2265556527;0.000592100000
presque_trie;5000;5;selection_sort;3729940515;852097204;0.067763400000
presque_trie;5000;5;bubble_sort;3729940515;852097204;0.029229300000
presque_trie;5000;5;insertion_sort;3729940515;852097204;0.000370700000
presque_trie;5000;5;quick_sort_input_order;3729940515;852097204;0.000458700000
presque_trie;5000;5;merge_sort;3729940515;852097204;0.000274600000
presque_trie;5000;5;heap_sort;3729940515;852097204;0.000593700000
presque_trie;5000;6;selection_sort;1277492689;2696897862;0.067969000000
presque_trie;5000;6;bubble_sort;1277492689;2696897862;0.028297500000
presque_trie;5000;6;insertion_sort;1277492689;2696897862;0.000370300000
presque_trie;5000;6;quick_sort_input_order;1277492689;2696897862;0.000454300000
presque_trie;5000;6;merge_sort;1277492689;2696897862;0.000265200000
presque_trie;5000;6;heap_sort;1277492689;2696897862;0.000600600000
presque_trie;5000;7;selection_sort;3612905361;1002641158;0.067828900000
presque_trie;5000;7;bubble_sort;3612905361;1002641158;0.028743000000
presque_trie;5000;7;insertion_sort;3612905361;1002641158;0.000353100000
presque_trie;5000;7;quick_sort_input_order;3612905361;1002641158;0.000461800000
presque_trie;5000;7;merge_sort;3612905361;1002641158;0.000265900000
presque_trie;5000;7;heap_sort;3612905361;1002641158;0.000598500000
presque_trie;5000;8;selection_sort;1139100796;2944324843;0.067810800000
presque_trie;5000;8;bubble_sort;1139100796;2944324843;0.029591800000
presque_trie;5000;8;insertion_sort;1139100796;2944324843;0.000767000000
presque_trie;5000;8;quick_sort_input_order;1139100796;2944324843;0.000707900000
presque_trie;5000;8;merge_sort;1139100796;2944324843;0.000510500000
presque_trie;5000;8;heap_sort;1139100796;2944324843;0.000676400000
presque_trie;5000;9;selection_sort;562658688;3440567575;0.068255600000
presque_trie;5000;9;bubble_sort;562658688;3440567575;0.028367300000
presque_trie;5000;9;insertion_sort;562658688;3440567575;0.000304200000
presque_trie;5000;9;quick_sort_input_order;562658688;3440567575;0.000440200000
presque_trie;5000;9;merge_sort;562658688;3440567575;0.000266200000
presque_trie;5000;9;heap_sort;562658688;3440567575;0.000610100000
presque_trie;5000;10;selection_sort;677769546;3305007581;0.068060300000
presque_trie;5000;10;bubble_sort;677769546;3305007581;0.027040800000
presque_trie;5000;10;insertion_sort;677769546;3305007581;0.000364800000
presque_trie;5000;10;quick_sort_input_order;677769546;3305007581;0.000547900000
presque_trie;5000;10;merge_sort;677769546;3305007581;0.000270300000
presque_trie;5000;10;heap_sort;677769546;3305007581;0.000596300000
presque_trie;5000;11;selection_sort;987341041;3594664038;0.068784000000
presque_trie;5000;11;bubble_sort;987341041;3594664038;0.028700400000
presque_trie;5000;11;insertion_sort;987341041;3594664038;0.000355500000
presque_trie;5000;11;quick_sort_input_order;987341041;3594664038;0.000539300000
presque_trie;5000;11;merge_sort;987341041;3594664038;0.000330400000
presque_trie;5000;11;heap_sort;987341041;3594664038;0.000598700000
presque_trie;5000;12;selection_sort;211307151;3758346776;0.068047700000
presque_trie;5000;12;bubble_sort;211307151;3758346776;0.038373400000
presque_trie;5000;12;insertion_sort;211307151;3758346776;0.000547700000
presque_trie;5000;12;quick_sort_input_order;211307151;3758346776;0.000615800000
presque_trie;5000;12;merge_sort;211307151;3758346776;0.000580300000
presque_trie;5000;12;heap_sort;211307151;3758346776;0.000627500000
presque_trie;5000;13;selection_sort;886103511;3628811584;0.068284700000
presque_trie;5000;13;bubble_sort;886103511;3628811584;0.028412400000
presque_trie;5000;13;insertion_sort;886103511;3628811584;0.000422300000
presque_trie;5000;13;quick_sort_input_order;886103511;3628811584;0.000470300000
presque_trie;5000;13;merge_sort;886103511;3628811584;0.000268500000
presque_trie;5000;13;heap_sort;886103511;3628811584;0.000597400000
presque_trie;5000;14;selection_sort;980430382;3605771961;0.068146900000
presque_trie;5000;14;bubble_sort;980430382;3605771961;0.028883600000
presque_trie;5000;14;insertion_sort;980430382;3605771961;0.000407400000
presque_trie;5000;14;quick_sort_input_order;980430382;3605771961;0.000444700000
presque_trie;5000;14;merge_sort;980430382;3605771961;0.000266400000
presque_trie;5000;14;heap_sort;980430382;3605771961;0.000619700000
presque_trie;5000;15;selection_sort;972538802;3580648229;0.067621800000
presque_trie;5000;15;bubble_sort;972538802;3580648229;0.028755400000
presque_trie;5000;15;insertion_sort;972538802;3580648229;0.000392600000
presque_trie;5000;15;quick_sort_input_order;972538802;3580648229;0.000452300000
presque_trie;5000;15;merge_sort;972538802;3580648229;0.000265900000
presque_trie;5000;15;heap_sort;972538802;3580648229;0.000603600000
presque_trie;5000;16;selection_sort;320547316;4286624099;0.066533100000
presque_trie;5000;16;bubble_sort;320547316;4286624099;0.029468100000
presque_trie;5000;16;insertion_sort;320547316;4286624099;0.000362000000
presque_trie;5000;16;quick_sort_input_order;320547316;4286624099;0.000459000000
presque_trie;5000;16;merge_sort;320547316;4286624099;0.000266200000
presque_trie;5000;16;heap_sort;320547316;4286624099;0.000605600000
presque_trie;5000;17;selection_sort;772685591;3264587648;0.068579500000
presque_trie;5000;17;bubble_sort;772685591;3264587648;0.028868100000
presque_trie;5000;17;insertion_sort;772685591;3264587648;0.000366700000
presque_trie;5000;17;quick_sort_input_order;772685591;3264587648;0.000469500000
presque_trie;5000;17;merge_sort;772685591;3264587648;0.000266400000
presque_trie;5000;17;heap_sort;772685591;3264587648;0.000673100000
presque_trie;5000;18;selection_sort;3619899949;995676858;0.068070900000
presque_trie;5000;18;bubble_sort;3619899949;995676858;0.028705400000
presque_trie;5000;18;insertion_sort;3619899949;995676858;0.000347400000
presque_trie;5000;18;quick_sort_input_order;3619899949;995676858;0.000462800000
presque_trie;5000;18;merge_sort;3619899949;995676858;0.000263600000
presque_trie;5000;18;heap_sort;3619899949;995676858;0.000617600000
presque_trie;5000;19;selection_sort;2103224212;2445754115;0.067707900000
presque_trie;5000;19;bubble_sort;2103224212;2445754115;0.030067500000
presque_trie;5000;19;insertion_sort;2103224212;2445754115;0.000370700000
presque_trie;5000;19;quick_sort_input_order;2103224212;2445754115;0.000457700000
presque_trie;5000;19;merge_sort;2103224212;2445754115;0.000264100000
presque_trie;5000;19;heap_sort;2103224212;2445754115;0.000653700000
presque_trie;5000;20;selection_sort;3290059672;679594767;0.068209700000
presque_trie;5000;20;bubble_sort;3290059672;679594767;0.029018300000
presque_trie;5000;20;insertion_sort;3290059672;679594767;0.000418300000
presque_trie;5000;20;quick_sort_input_order;3290059672;679594767;0.000477300000
presque_trie;5000;20;merge_sort;3290059672;679594767;0.000265300000
presque_trie;5000;20;heap_sort;3290059672;679594767;0.000605100000
presque_trie;10000;1;selection_sort;3119675944;1433002687;0.276305200000
presque_trie;10000;1;bubble_sort;3119675944;1433002687;0.130837800000
presque_trie;10000;1;insertion_sort;3119675944;1433002687;0.001287700000
presque_trie;10000;1;quick_sort_input_order;3119675944;1433002687;0.000946800000
presque_trie;10000;1;merge_sort;3119675944;1433002687;0.000596000000
presque_trie;10000;1;heap_sort;3119675944;1433002687;0.001243900000
presque_trie;10000;2;selection_sort;870835865;3749477902;0.275556000000
presque_trie;10000;2;bubble_sort;870835865;3749477902;0.136001600000
presque_trie;10000;2;insertion_sort;870835865;3749477902;0.001863800000
presque_trie;10000;2;quick_sort_input_order;870835865;3749477902;0.001416500000
presque_trie;10000;2;merge_sort;870835865;3749477902;0.000998900000
presque_trie;10000;2;heap_sort;870835865;3749477902;0.001873900000
presque_trie;10000;3;selection_sort;2688321341;1286021034;0.274922300000
presque_trie;10000;3;bubble_sort;2688321341;1286021034;0.114322900000
presque_trie;10000;3;insertion_sort;2688321341;1286021034;0.001394400000
presque_trie;10000;3;quick_sort_input_order;2688321341;1286021034;0.000932100000
presque_trie;10000;3;merge_sort;2688321341;1286021034;0.000545000000
presque_trie;10000;3;heap_sort;2688321341;1286021034;0.001242400000
presque_trie;10000;4;selection_sort;668753915;3410478956;0.272761700000
presque_trie;10000;4;bubble_sort;668753915;3410478956;0.114570300000
presque_trie;10000;4;insertion_sort;668753915;3410478956;0.001352700000
presque_trie;10000;4;quick_sort_input_order;668753915;3410478956;0.000944000000
presque_trie;10000;4;merge_sort;668753915;3410478956;0.000597500000
presque_trie;10000;4;heap_sort;668753915;3410478956;0.001449200000
presque_trie;10000;5;selection_sort;2451308896;2122815991;0.273547700000
presque_trie;10000;5;bubble_sort;2451308896;2122815991;0.112881400000
presque_trie;10000;5;insertion_sort;2451308896;2122815991;0.001307700000
presque_trie;10000;5;quick_sort_input_order;2451308896;2122815991;0.000986800000
presque_trie;10000;5;merge_sort;2451308896;2122815991;0.000544800000
presque_trie;10000;5;heap_sort;2451308896;2122815991;0.001241200000
presque_trie;10000;6;selection_sort;6986898;3975218181;0.272358900000
presque_trie;10000;6;bubble_sort;6986898;3975218181;0.113193200000
presque_trie;10000;6;insertion_sort;6986898;3975218181;0.001498900000
presque_trie;10000;6;quick_sort_input_order;6986898;3975218181;0.000948000000
presque_trie;10000;6;merge_sort;6986898;3975218181;0.000568400000
presque_trie;10000;6;heap_sort;6986898;3975218181;0.001239700000
presque_trie;10000;7;selection_sort;2601971410;2005759557;0.274880900000
presque_trie;10000;7;bubble_sort;2601971410;2005759557;0.118188000000
presque_trie;10000;7;insertion_sort;2601971410;2005759557;0.001523100000
presque_trie;10000;7;quick_sort_input_order;2601971410;2005759557;0.000940900000
presque_trie;10000;7;merge_sort;2601971410;2005759557;0.000545900000
presque_trie;10000;7;heap_sort;2601971410;2005759557;0.001298700000
presque_trie;10000;8;selection_sort;262876479;3811620264;0.272115300000
presque_trie;10000;8;bubble_sort;262876479;3811620264;0.113793500000
presque_trie;10000;8;insertion_sort;262876479;3811620264;0.001499800000
presque_trie;10000;8;quick_sort_input_order;262876479;3811620264;0.000970100000
presque_trie;10000;8;merge_sort;262876479;3811620264;0.000591500000
presque_trie;10000;8;heap_sort;262876479;3811620264;0.001237200000
presque_trie;10000;9;selection_sort;1841765571;2170324052;0.272874100000
presque_trie;10000;9;bubble_sort;1841765571;2170324052;0.113860600000
presque_trie;10000;9;insertion_sort;1841765571;2170324052;0.001551300000
presque_trie;10000;9;quick_sort_input_order;1841765571;2170324052;0.000999000000
presque_trie;10000;9;merge_sort;1841765571;2170324052;0.000547800000
presque_trie;10000;9;heap_sort;1841765571;2170324052;0.001251600000
presque_trie;10000;10;selection_sort;1680576521;2293237918;0.273478300000
presque_trie;10000;10;bubble_sort;1680576521;2293237918;0.121782300000
presque_trie;10000;10;insertion_sort;1680576521;2293237918;0.001486100000
presque_trie;10000;10;quick_sort_input_order;1680576521;2293237918;0.001079200000
presque_trie;10000;10;merge_sort;1680576521;2293237918;0.000547500000
presque_trie;10000;10;heap_sort;1680576521;2293237918;0.001243700000
presque_trie;10000;11;selection_sort;1989657010;2584500517;0.277022900000
presque_trie;10000;11;bubble_sort;1989657010;2584500517;0.119830700000
presque_trie;10000;11;insertion_sort;1989657010;2584500517;0.001290700000
presque_trie;10000;11;quick_sort_input_order;1989657010;2584500517;0.000921800000
presque_trie;10000;11;merge_sort;1989657010;2584500517;0.000562800000
presque_trie;10000;11;heap_sort;1989657010;2584500517;0.001242000000
presque_trie;10000;12;selection_sort;1087777740;2890773339;0.274684700000
presque_trie;10000;12;bubble_sort;1087777740;2890773339;0.120816600000
presque_trie;10000;12;insertion_sort;1087777740;2890773339;0.001470500000
presque_trie;10000;12;quick_sort_input_order;1087777740;2890773339;0.000930300000
presque_trie;10000;12;merge_sort;1087777740;2890773339;0.000579500000
presque_trie;10000;12;heap_sort;1087777740;2890773339;0.001244400000
presque_trie;10000;13;selection_sort;2023668884;2483364867;0.273723900000
presque_trie;10000;13;bubble_sort;2023668884;2483364867;0.112667500000
presque_trie;10000;13;insertion_sort;2023668884;2483364867;0.002140200000
presque_trie;10000;13;quick_sort_input_order;2023668884;2483364867;0.001164500000
presque_trie;10000;13;merge_sort;2023668884;2483364867;0.000615500000
presque_trie;10000;13;heap_sort;2023668884;2483364867;0.001287800000
presque_trie;10000;14;selection_sort;1983795053;2594559994;0.271983300000
presque_trie;10000;14;bubble_sort;1983795053;2594559994;0.112276400000
presque_trie;10000;14;insertion_sort;1983795053;2594559994;0.001310000000
presque_trie;10000;14;quick_sort_input_order;1983795053;2594559994;0.000933900000
presque_trie;10000;14;merge_sort;1983795053;2594559994;0.000555500000
presque_trie;10000;14;heap_sort;1983795053;2594559994;0.001241300000
presque_trie;10000;15;selection_sort;1975100145;2569157222;0.276929400000
presque_trie;10000;15;bubble_sort;1975100145;2569157222;0.116939700000
presque_trie;10000;15;insertion_sort;1975100145;2569157222;0.001246500000
presque_trie;10000;15;quick_sort_input_order;1975100145;2569157222;0.000940200000
presque_trie;10000;15;merge_sort;1975100145;2569157222;0.000548100000
presque_trie;10000;15;heap_sort;1975100145;2569157222;0.001289300000
presque_trie;10000;16;selection_sort;1599424695;3016675360;0.273558200000
presque_trie;10000;16;bubble_sort;1599424695;3016675360;0.111218300000
presque_trie;10000;16;insertion_sort;1599424695;3016675360;0.001289600000
presque_trie;10000;16;quick_sort_input_order;1599424695;3016675360;0.000972700000
presque_trie;10000;16;merge_sort;1599424695;3016675360;0.000553600000
presque_trie;10000;16;heap_sort;1599424695;3016675360;0.001240600000
presque_trie;10000;17;selection_sort;1648385620;2396767939;0.272296800000
presque_trie;10000;17;bubble_sort;1648385620;2396767939;0.138136600000
presque_trie;10000;17;insertion_sort;1648385620;2396767939;0.001337400000
presque_trie;10000;17;quick_sort_input_order;1648385620;2396767939;0.001009500000
presque_trie;10000;17;merge_sort;1648385620;2396767939;0.000544600000
presque_trie;10000;17;heap_sort;1648385620;2396767939;0.001251200000
presque_trie;10000;18;selection_sort;2609720174;1997976569;0.277011800000
presque_trie;10000;18;bubble_sort;2609720174;1997976569;0.113639500000
presque_trie;10000;18;insertion_sort;2609720174;1997976569;0.001511900000
presque_trie;10000;18;quick_sort_input_order;2609720174;1997976569;0.000962000000
presque_trie;10000;18;merge_sort;2609720174;1997976569;0.000549400000
presque_trie;10000;18;heap_sort;2609720174;1997976569;0.001244400000
presque_trie;10000;19;selection_sort;823314135;3716767296;0.271717700000
presque_trie;10000;19;bubble_sort;823314135;3716767296;0.114490400000
presque_trie;10000;19;insertion_sort;823314135;3716767296;0.001294100000
presque_trie;10000;19;quick_sort_input_order;823314135;3716767296;0.000984400000
presque_trie;10000;19;merge_sort;823314135;3716767296;0.000542100000
presque_trie;10000;19;heap_sort;823314135;3716767296;0.001636900000
presque_trie;10000;20;selection_sort;2287219419;1691331148;0.273906800000
presque_trie;10000;20;bubble_sort;2287219419;1691331148;0.121933900000
presque_trie;10000;20;insertion_sort;2287219419;1691331148;0.001529600000
presque_trie;10000;20;quick_sort_input_order;2287219419;1691331148;0.001114600000
presque_trie;10000;20;merge_sort;2287219419;1691331148;0.000742800000
presque_trie;10000;20;heap_sort;2287219419;1691331148;0.001727700000
presque_trie;20000;1;selection_sort;561920174;3454378041;1.113042100000
presque_trie;20000;1;bubble_sort;561920174;3454378041;0.459458200000
presque_trie;20000;1;insertion_sort;561920174;3454378041;0.005964400000
presque_trie;20000;1;quick_sort_input_order;561920174;3454378041;0.001983800000
presque_trie;20000;1;merge_sort;561920174;3454378041;0.001271500000
presque_trie;20000;1;heap_sort;561920174;3454378041;0.002607700000
presque_trie;20000;2;selection_sort;2875958303;1206926472;1.094119500000
presque_trie;20000;2;bubble_sort;2875958303;1206926472;0.466758500000
presque_trie;20000;2;insertion_sort;2875958303;1206926472;0.005779500000
presque_trie;20000;2;quick_sort_input_order;2875958303;1206926472;0.002089700000
presque_trie;20000;2;merge_sort;2875958303;1206926472;0.001139300000
presque_trie;20000;2;heap_sort;2875958303;1206926472;0.002751900000
presque_trie;20000;3;selection_sort;951109051;3559611692;1.093209900000
presque_trie;20000;3;bubble_sort;951109051;3559611692;0.583495400000
presque_trie;20000;3;insertion_sort;951109051;3559611692;0.010829800000
presque_trie;20000;3;quick_sort_input_order;951109051;3559611692;0.003084300000
presque_trie;20000;3;merge_sort;951109051;3559611692;0.001767100000
presque_trie;20000;3;heap_sort;951109051;3559611692;0.004057100000
presque_trie;20000;4;selection_sort;3209698685;1405847018;1.111853000000
presque_trie;20000;4;bubble_sort;3209698685;1405847018;0.625386100000
presque_trie;20000;4;insertion_sort;3209698685;1405847018;0.009253600000
presque_trie;20000;4;quick_sort_input_order;3209698685;1405847018;0.003129200000
presque_trie;20000;4;merge_sort;3209698685;1405847018;0.002170000000
presque_trie;20000;4;heap_sort;3209698685;1405847018;0.003985000000
presque_trie;20000;5;selection_sort;177226726;3859536753;1.325378900000
presque_trie;20000;5;bubble_sort;177226726;3859536753;0.541504100000
presque_trie;20000;5;insertion_sort;177226726;3859536753;0.005869800000
presque_trie;20000;5;quick_sort_input_order;177226726;3859536753;0.001962100000
presque_trie;20000;5;merge_sort;177226726;3859536753;0.001143400000
presque_trie;20000;5;heap_sort;177226726;3859536753;0.003556200000
presque_trie;20000;6;selection_sort;2565266964;1954367107;1.128265500000
presque_trie;20000;6;bubble_sort;2565266964;1954367107;0.816485100000
presque_trie;20000;6;insertion_sort;2565266964;1954367107;0.005466300000
presque_trie;20000;6;quick_sort_input_order;2565266964;1954367107;0.003333700000
presque_trie;20000;6;merge_sort;2565266964;1954367107;0.001463200000
presque_trie;20000;6;heap_sort;2565266964;1954367107;0.002939100000
presque_trie;20000;7;selection_sort;60468308;4009833667;1.178474300000
presque_trie;20000;7;bubble_sort;60468308;4009833667;0.454531900000
presque_trie;20000;7;insertion_sort;60468308;4009833667;0.006200100000
presque_trie;20000;7;quick_sort_input_order;60468308;4009833667;0.002329300000
presque_trie;20000;7;merge_sort;60468308;4009833667;0.001347200000
presque_trie;20000;7;heap_sort;60468308;4009833667;0.002584700000
presque_trie;20000;8;selection_sort;2535944121;2075981614;1.100630400000
presque_trie;20000;8;bubble_sort;2535944121;2075981614;0.482638000000
presque_trie;20000;8;insertion_sort;2535944121;2075981614;0.005573600000
presque_trie;20000;8;quick_sort_input_order;2535944121;2075981614;0.001935300000
presque_trie;20000;8;merge_sort;2535944121;2075981614;0.001468700000
presque_trie;20000;8;heap_sort;2535944121;2075981614;0.002613600000
presque_trie;20000;9;selection_sort;4115357253;433112786;1.100916000000
presque_trie;20000;9;bubble_sort;4115357253;433112786;0.454556900000
presque_trie;20000;9;insertion_sort;4115357253;433112786;0.005581900000
presque_trie;20000;9;quick_sort_input_order;4115357253;433112786;0.002061800000
presque_trie;20000;9;merge_sort;4115357253;433112786;0.001141500000
presque_trie;20000;9;heap_sort;4115357253;433112786;0.002577500000
presque_trie;20000;10;selection_sort;4238856847;272386584;1.092159600000
presque_trie;20000;10;bubble_sort;4238856847;272386584;0.476340700000
presque_trie;20000;10;insertion_sort;4238856847;272386584;0.005617500000
presque_trie;20000;10;quick_sort_input_order;4238856847;272386584;0.001921000000
presque_trie;20000;10;merge_sort;4238856847;272386584;0.001333900000
presque_trie;20000;10;heap_sort;4238856847;272386584;0.002985900000
presque_trie;20000;11;selection_sort;3994780468;41950115;1.104392300000
presque_trie;20000;11;bubble_sort;3994780468;41950115;0.481268900000
presque_trie;20000;11;insertion_sort;3994780468;41950115;0.005633900000
presque_trie;20000;11;quick_sort_input_order;3994780468;41950115;0.001909600000
presque_trie;20000;11;merge_sort;3994780468;41950115;0.001155200000
presque_trie;20000;11;heap_sort;3994780468;41950115;0.002876700000
presque_trie;20000;12;selection_sort;3629803850;885125597;1.094162400000
presque_trie;20000;12;bubble_sort;3629803850;885125597;0.545614900000
presque_trie;20000;12;insertion_sort;3629803850;885125597;0.009434600000
presque_trie;20000;12;quick_sort_input_order;3629803850;885125597;0.001909600000
presque_trie;20000;12;merge_sort;3629803850;885125597;0.001146200000
presque_trie;20000;12;heap_sort;3629803850;885125597;0.002621300000
presque_trie;20000;13;selection_sort;3759341074;210331269;1.195283800000
presque_trie;20000;13;bubble_sort;3759341074;210331269;0.700841100000
presque_trie;20000;13;insertion_sort;3759341074;210331269;0.007915100000
presque_trie;20000;13;quick_sort_input_order;3759341074;210331269;0.002923100000
presque_trie;20000;13;merge_sort;3759341074;210331269;0.002310000000
presque_trie;20000;13;heap_sort;3759341074;210331269;0.003398300000
presque_trie;20000;14;selection_sort;4004646379;36279676;1.098682400000
presque_trie;20000;14;bubble_sort;4004646379;36279676;0.705315900000
presque_trie;20000;14;insertion_sort;4004646379;36279676;0.006059000000
presque_trie;20000;14;quick_sort_input_order;4004646379;36279676;0.003030300000
presque_trie;20000;14;merge_sort;4004646379;36279676;0.002279200000
presque_trie;20000;14;heap_sort;4004646379;36279676;0.004437200000
presque_trie;20000;15;selection_sort;3979731063;28211424;1.147445100000
presque_trie;20000;15;bubble_sort;3979731063;28211424;0.853901100000
presque_trie;20000;15;insertion_sort;3979731063;28211424;0.008870900000
presque_trie;20000;15;quick_sort_input_order;3979731063;28211424;0.002785600000
presque_trie;20000;15;merge_sort;3979731063;28211424;0.002019700000
presque_trie;20000;15;heap_sort;3979731063;28211424;0.004029500000
presque_trie;20000;16;selection_sort;3352889905;725783206;1.108411500000
presque_trie;20000;16;bubble_sort;3352889905;725783206;0.924374200000
presque_trie;20000;16;insertion_sort;3352889905;725783206;0.008826800000
presque_trie;20000;16;quick_sort_input_order;3352889905;725783206;0.003006900000
presque_trie;20000;16;merge_sort;3352889905;725783206;0.001944700000
presque_trie;20000;16;heap_sort;3352889905;725783206;0.004018200000
presque_trie;20000;17;selection_sort;4207680722;374834245;1.133330400000
presque_trie;20000;17;bubble_sort;4207680722;374834245;0.667789200000
presque_trie;20000;17;insertion_sort;4207680722;374834245;0.007662100000
presque_trie;20000;17;quick_sort_input_order;4207680722;374834245;0.002943500000
presque_trie;20000;17;merge_sort;4207680722;374834245;0.002034600000
presque_trie;20000;17;heap_sort;4207680722;374834245;0.004054300000
presque_trie;20000;18;selection_sort;50424296;4019908991;1.155685200000
presque_trie;20000;18;bubble_sort;50424296;4019908991;0.540924600000
presque_trie;20000;18;insertion_sort;50424296;4019908991;0.006753500000
presque_trie;20000;18;quick_sort_input_order;50424296;4019908991;0.001900900000
presque_trie;20000;18;merge_sort;50424296;4019908991;0.001138100000
presque_trie;20000;18;heap_sort;50424296;4019908991;0.002569900000
presque_trie;20000;19;selection_sort;2845738065;1157962950;1.123627000000
presque_trie;20000;19;bubble_sort;2845738065;1157962950;0.456220000000
presque_trie;20000;19;insertion_sort;2845738065;1157962950;0.005870700000
presque_trie;20000;19;quick_sort_input_order;2845738065;1157962950;0.002499600000
presque_trie;20000;19;merge_sort;2845738065;1157962950;0.002094500000
presque_trie;20000;19;heap_sort;2845738065;1157962950;0.002806100000
presque_trie;20000;20;selection_sort;282619997;4232308938;1.094473600000
presque_trie;20000;20;bubble_sort;282619997;4232308938;0.470531700000
presque_trie;20000;20;insertion_sort;282619997;4232308938;0.005305600000
presque_trie;20000;20;quick_sort_input_order;282619997;4232308938;0.002038300000
presque_trie;20000;20;merge_sort;282619997;4232308938;0.001191100000
presque_trie;20000;20;heap_sort;282619997;4232308938;0.002583000000
presque_trie;50000;1;quick_sort_input_order;252422290;3817877509;0.006547400000
presque_trie;50000;1;merge_sort;252422290;3817877509;0.003213100000
presque_trie;50000;1;heap_sort;252422290;3817877509;0.006726300000
presque_trie;50000;2;quick_sort_input_order;2233349155;1770368180;0.005664200000
presque_trie;50000;2;merge_sort;2233349155;1770368180;0.003089400000
presque_trie;50000;2;heap_sort;2233349155;1770368180;0.007161000000
presque_trie;50000;3;quick_sort_input_order;382031239;4200516880;0.005432200000
presque_trie;50000;3;merge_sort;382031239;4200516880;0.003574000000
presque_trie;50000;3;heap_sort;382031239;4200516880;0.007279600000
presque_trie;50000;4;quick_sort_input_order;2435157313;2109609430;0.005631600000
presque_trie;50000;4;merge_sort;2435157313;2109609430;0.003663900000
presque_trie;50000;4;heap_sort;2435157313;2109609430;0.007222000000
presque_trie;50000;5;quick_sort_input_order;619041754;3363720013;0.005716200000
presque_trie;50000;5;merge_sort;619041754;3363720013;0.003079900000
presque_trie;50000;5;heap_sort;619041754;3363720013;0.006975300000
presque_trie;50000;6;quick_sort_input_order;3063107112;1510528703;0.006196500000
presque_trie;50000;6;merge_sort;3063107112;1510528703;0.003050100000
presque_trie;50000;6;heap_sort;3063107112;1510528703;0.007033900000
presque_trie;50000;7;quick_sort_input_order;770653288;3245647103;0.005294400000
presque_trie;50000;7;merge_sort;770653288;3245647103;0.003040200000
presque_trie;50000;7;heap_sort;770653288;3245647103;0.006815400000
presque_trie;50000;8;quick_sort_input_order;3109224325;1439262482;0.006689700000
presque_trie;50000;8;merge_sort;3109224325;1439262482;0.003661600000
presque_trie;50000;8;heap_sort;3109224325;1439262482;0.006993500000
presque_trie;50000;9;quick_sort_input_order;3678326393;933582574;0.005526600000
presque_trie;50000;9;merge_sort;3678326393;933582574;0.003083400000
presque_trie;50000;9;heap_sort;3678326393;933582574;0.007205600000
presque_trie;50000;10;quick_sort_input_order;3536994995;1045027364;0.005877700000
presque_trie;50000;10;merge_sort;3536994995;1045027364;0.003062400000
presque_trie;50000;10;heap_sort;3536994995;1045027364;0.007066400000
presque_trie;50000;11;quick_sort_input_order;3228439304;754289567;0.005225900000
presque_trie;50000;11;merge_sort;3228439304;754289567;0.003072400000
presque_trie;50000;11;heap_sort;3228439304;754289567;0.006885600000
presque_trie;50000;12;quick_sort_input_order;4130339190;448029153;0.006077900000
presque_trie;50000;12;merge_sort;4130339190;448029153;0.003058200000
presque_trie;50000;12;heap_sort;4130339190;448029153;0.007003300000
presque_trie;50000;13;quick_sort_input_order;3462884910;587003577;0.005807600000
presque_trie;50000;13;merge_sort;3462884910;587003577;0.003060200000
presque_trie;50000;13;heap_sort;3462884910;587003577;0.006787200000
presque_trie;50000;14;quick_sort_input_order;3234307543;744228160;0.006181400000
presque_trie;50000;14;merge_sort;3234307543;744228160;0.003078400000
presque_trie;50000;14;heap_sort;3234307543;744228160;0.006857500000
presque_trie;50000;15;quick_sort_input_order;3275780171;802941148;0.006795500000
presque_trie;50000;15;merge_sort;3275780171;802941148;0.003086500000
presque_trie;50000;15;heap_sort;3275780171;802941148;0.006925300000
presque_trie;50000;16;quick_sort_input_order;3920402957;87491226;0.006095800000
presque_trie;50000;16;merge_sort;3920402957;87491226;0.003106900000
presque_trie;50000;16;heap_sort;3920402957;87491226;0.006893500000
presque_trie;50000;17;quick_sort_input_order;3568930030;941757561;0.006023000000
presque_trie;50000;17;merge_sort;3568930030;941757561;0.003071600000
presque_trie;50000;17;heap_sort;3568930030;941757561;0.006850400000
presque_trie;50000;18;quick_sort_input_order;762640852;3253690691;0.006165700000
presque_trie;50000;18;merge_sort;762640852;3253690691;0.003072800000
presque_trie;50000;18;heap_sort;762640852;3253690691;0.007211900000
presque_trie;50000;19;quick_sort_input_order;2280330349;1802538234;0.005889500000
presque_trie;50000;19;merge_sort;2280330349;1802538234;0.003077800000
presque_trie;50000;19;heap_sort;2280330349;1802538234;0.006817600000
presque_trie;50000;20;quick_sort_input_order;1051582561;3526785270;0.006447000000
presque_trie;50000;20;merge_sort;1051582561;3526785270;0.003101200000
presque_trie;50000;20;heap_sort;1051582561;3526785270;0.006988000000
presque_trie;100000;1;quick_sort_input_order;1285365210;2684781901;0.010482100000
presque_trie;100000;1;merge_sort;1285365210;2684781901;0.006726800000
presque_trie;100000;1;heap_sort;1285365210;2684781901;0.015117700000
presque_trie;100000;2;quick_sort_input_order;3330834795;705894908;0.010794200000
presque_trie;100000;2;merge_sort;3330834795;705894908;0.007559200000
presque_trie;100000;2;heap_sort;3330834795;705894908;0.014443900000
presque_trie;100000;3;quick_sort_input_order;1431560399;3116922968;0.011263100000
presque_trie;100000;3;merge_sort;1431560399;3116922968;0.007031900000
presque_trie;100000;3;heap_sort;1431560399;3116922968;0.015016000000
presque_trie;100000;4;quick_sort_input_order;3534960649;1042849950;0.010666200000
presque_trie;100000;4;merge_sort;3534960649;1042849950;0.007030800000
presque_trie;100000;4;heap_sort;3534960649;1042849950;0.014349600000
presque_trie;100000;5;quick_sort_input_order;1735616146;2347302405;0.011053400000
presque_trie;100000;5;merge_sort;1735616146;2347302405;0.007137800000
presque_trie;100000;5;heap_sort;1735616146;2347302405;0.014894800000
presque_trie;100000;6;quick_sort_input_order;4110809952;429810679;0.010910000000
presque_trie;100000;6;merge_sort;4110809952;429810679;0.006754400000
presque_trie;100000;6;heap_sort;4110809952;429810679;0.015313900000
presque_trie;100000;7;quick_sort_input_order;1853458720;2195853751;0.011080500000
presque_trie;100000;7;merge_sort;1853458720;2195853751;0.006901700000
presque_trie;100000;7;heap_sort;1853458720;2195853751;0.014467400000
presque_trie;100000;8;quick_sort_input_order;4207168205;375378522;0.011134800000
presque_trie;100000;8;merge_sort;4207168205;375378522;0.006880000000
presque_trie;100000;8;heap_sort;4207168205;375378522;0.014929700000
presque_trie;100000;9;quick_sort_input_order;2561178417;1949557670;0.011163500000
presque_trie;100000;9;merge_sort;2561178417;1949557670;0.006384800000
presque_trie;100000;9;heap_sort;2561178417;1949557670;0.014295000000
presque_trie;100000;10;quick_sort_input_order;2437216251;2111795052;0.011462000000
presque_trie;100000;10;merge_sort;2437216251;2111795052;0.010955400000
presque_trie;100000;10;heap_sort;2437216251;2111795052;0.018683700000
presque_trie;100000;11;quick_sort_input_order;2214110784;1868775127;0.010801000000
presque_trie;100000;11;merge_sort;2214110784;1868775127;0.007440700000
presque_trie;100000;11;heap_sort;2214110784;1868775127;0.014569100000
presque_trie;100000;12;quick_sort_input_order;3048819774;1495454889;0.010861000000
presque_trie;100000;12;merge_sort;3048819774;1495454889;0.008130400000
presque_trie;100000;12;heap_sort;3048819774;1495454889;0.014877800000
presque_trie;100000;13;quick_sort_input_order;2381437798;1634354161;0.010602300000
presque_trie;100000;13;merge_sort;2381437798;1634354161;0.007723600000
presque_trie;100000;13;heap_sort;2381437798;1634354161;0.015159900000
presque_trie;100000;14;quick_sort_input_order;2203134111;1875554312;0.010412000000
presque_trie;100000;14;merge_sort;2203134111;1875554312;0.007288100000
presque_trie;100000;14;heap_sort;2203134111;1875554312;0.014841900000
presque_trie;100000;15;quick_sort_input_order;2161558787;1817009556;0.010660900000
presque_trie;100000;15;merge_sort;2161558787;1817009556;0.006693100000
presque_trie;100000;15;heap_sort;2161558787;1817009556;0.014804600000
presque_trie;100000;16;quick_sort_input_order;2855939909;1185003474;0.010696200000
presque_trie;100000;16;merge_sort;2855939909;1185003474;0.007498500000
presque_trie;100000;16;heap_sort;2855939909;1185003474;0.015713500000
presque_trie;100000;17;quick_sort_input_order;2536454566;2075435313;0.014980100000
presque_trie;100000;17;merge_sort;2536454566;2075435313;0.007109400000
presque_trie;100000;17;heap_sort;2536454566;2075435313;0.015304500000
presque_trie;100000;18;quick_sort_input_order;1860324508;2189022219;0.010558200000
presque_trie;100000;18;merge_sort;1860324508;2189022219;0.006469900000
presque_trie;100000;18;heap_sort;1860324508;2189022219;0.014942200000
presque_trie;100000;19;quick_sort_input_order;3296567589;686176690;0.010576700000
presque_trie;100000;19;merge_sort;3296567589;686176690;0.006548000000
presque_trie;100000;19;heap_sort;3296567589;686176690;0.015182200000
presque_trie;100000;20;quick_sort_input_order;2101040425;2443234750;0.011016900000
presque_trie;100000;20;merge_sort;2101040425;2443234750;0.006451800000
presque_trie;100000;20;heap_sort;2101040425;2443234750;0.014956200000
presque_trie;500000;1;quick_sort_input_order;2781570549;1230044514;0.057950000000
presque_trie;500000;1;merge_sort;2781570549;1230044514;0.037496900000
presque_trie;500000;1;heap_sort;2781570549;1230044514;0.080607700000
presque_trie;500000;2;quick_sort_input_order;803141956;3276104147;0.058635500000
presque_trie;500000;2;merge_sort;803141956;3276104147;0.037961300000
presque_trie;500000;2;heap_sort;803141956;3276104147;0.079365500000
presque_trie;500000;3;quick_sort_input_order;3154483424;1352532087;0.057839000000
presque_trie;500000;3;merge_sort;3154483424;1352532087;0.052412300000
presque_trie;500000;3;heap_sort;3154483424;1352532087;0.079857700000
presque_trie;500000;4;quick_sort_input_order;1004879910;3615414449;0.060625700000
presque_trie;500000;4;merge_sort;1004879910;3615414449;0.036806300000
presque_trie;500000;4;heap_sort;1004879910;3615414449;0.080371200000
presque_trie;500000;5;quick_sort_input_order;2384797373;1656653354;0.058134700000
presque_trie;500000;5;merge_sort;2384797373;1656653354;0.038736100000
presque_trie;500000;5;heap_sort;2384797373;1656653354;0.084588600000
presque_trie;500000;6;quick_sort_input_order;475235151;4039646168;0.060432700000
presque_trie;500000;6;merge_sort;475235151;4039646168;0.037746600000
presque_trie;500000;6;heap_sort;475235151;4039646168;0.080848000000
presque_trie;500000;7;quick_sort_input_order;2268066063;1806985624;0.061929600000
presque_trie;500000;7;merge_sort;2268066063;1806985624;0.038068100000
presque_trie;500000;7;heap_sort;2268066063;1806985624;0.079102900000
presque_trie;500000;8;quick_sort_input_order;328348386;4278823541;0.060310200000
presque_trie;500000;8;merge_sort;328348386;4278823541;0.037630300000
presque_trie;500000;8;heap_sort;328348386;4278823541;0.082299600000
presque_trie;500000;9;quick_sort_input_order;1912472350;2640681865;0.059068400000
presque_trie;500000;9;merge_sort;1912472350;2640681865;0.038362300000
presque_trie;500000;9;heap_sort;1912472350;2640681865;0.083047800000
presque_trie;500000;10;quick_sort_input_order;2014482388;2492012355;0.058442700000
presque_trie;500000;10;merge_sort;2014482388;2492012355;0.039931700000
presque_trie;500000;10;heap_sort;2014482388;2492012355;0.079472200000
presque_trie;500000;11;quick_sort_input_order;1789845103;2251638520;0.059801200000
presque_trie;500000;11;merge_sort;1789845103;2251638520;0.037333500000
presque_trie;500000;11;heap_sort;1789845103;2251638520;0.079459700000
presque_trie;500000;12;quick_sort_input_order;1559180305;2960436358;0.060312200000
presque_trie;500000;12;merge_sort;1559180305;2960436358;0.037947100000
presque_trie;500000;12;heap_sort;1559180305;2960436358;0.080011000000
presque_trie;500000;13;quick_sort_input_order;1688707913;2285648862;0.059781600000
presque_trie;500000;13;merge_sort;1688707913;2285648862;0.038093700000
presque_trie;500000;13;heap_sort;1688707913;2285648862;0.081574100000
presque_trie;500000;14;quick_sort_input_order;1778864304;2258421799;0.064429000000
presque_trie;500000;14;merge_sort;1778864304;2258421799;0.041329500000
presque_trie;500000;14;heap_sort;1778864304;2258421799;0.083628300000
presque_trie;500000;15;quick_sort_input_order;1770044716;2233148859;0.060229600000
presque_trie;500000;15;merge_sort;1770044716;2233148859;0.044441400000
presque_trie;500000;15;heap_sort;1770044716;2233148859;0.082397800000
presque_trie;500000;16;quick_sort_input_order;1131173738;2952253437;0.060340200000
presque_trie;500000;16;merge_sort;1131173738;2952253437;0.040772800000
presque_trie;500000;16;heap_sort;1131173738;2952253437;0.082803700000
presque_trie;500000;17;quick_sort_input_order;2121875849;2464340254;0.060829000000
presque_trie;500000;17;merge_sort;2121875849;2464340254;0.038399100000
presque_trie;500000;17;heap_sort;2121875849;2464340254;0.083730800000
presque_trie;500000;18;quick_sort_input_order;2276734131;1798286372;0.059925500000
presque_trie;500000;18;merge_sort;2276734131;1798286372;0.038684000000
presque_trie;500000;18;heap_sort;2276734131;1798286372;0.088816000000
presque_trie;500000;19;quick_sort_input_order;757848330;3249553821;0.061781200000
presque_trie;500000;19;merge_sort;757848330;3249553821;0.039828200000
presque_trie;500000;19;heap_sort;757848330;3249553821;0.083986300000
presque_trie;500000;20;quick_sort_input_order;2490182918;2029434257;0.060251900000
presque_trie;500000;20;merge_sort;2490182918;2029434257;0.037471600000
presque_trie;500000;20;heap_sort;2490182918;2029434257;0.084239100000
presque_trie;1000000;1;quick_sort_input_order;421300021;4119273378;0.121732200000
presque_trie;1000000;1;merge_sort;421300021;4119273378;0.080193500000
presque_trie;1000000;1;heap_sort;421300021;4119273378;0.167159600000
presque_trie;1000000;2;quick_sort_input_order;2466847620;2140308243;0.124303800000
presque_trie;1000000;2;merge_sort;2466847620;2140308243;0.078934400000
presque_trie;1000000;2;heap_sort;2466847620;2140308243;0.163936000000
presque_trie;1000000;3;quick_sort_input_order;13793824;3964265143;0.121552700000
presque_trie;1000000;3;merge_sort;13793824;3964265143;0.078509900000
presque_trie;1000000;3;heap_sort;13793824;3964265143;0.167486500000
presque_trie;1000000;4;quick_sort_input_order;2268242662;1806252657;0.120889100000
presque_trie;1000000;4;merge_sort;2268242662;1806252657;0.086705900000
presque_trie;1000000;4;heap_sort;2268242662;1806252657;0.166116200000
presque_trie;1000000;5;quick_sort_input_order;854785149;3731449066;0.124823700000
presque_trie;1000000;5;merge_sort;854785149;3731449066;0.078817000000
presque_trie;1000000;5;heap_sort;854785149;3731449066;0.162955900000
presque_trie;1000000;6;quick_sort_input_order;2693030287;1277163800;0.125129500000
presque_trie;1000000;6;merge_sort;2693030287;1277163800;0.078664700000
presque_trie;1000000;6;heap_sort;2693030287;1277163800;0.165453200000
presque_trie;1000000;7;quick_sort_input_order;1006113743;3613625176;0.122445700000
presque_trie;1000000;7;merge_sort;1006113743;3613625176;0.081641200000
presque_trie;1000000;7;heap_sort;1006113743;3613625176;0.179124200000
presque_trie;1000000;8;quick_sort_input_order;2940588066;1138641077;0.126568400000
presque_trie;1000000;8;merge_sort;2940588066;1138641077;0.082297700000
presque_trie;1000000;8;heap_sort;2940588066;1138641077;0.172442300000
presque_trie;1000000;9;quick_sort_input_order;3442074078;565344585;0.133989900000
presque_trie;1000000;9;merge_sort;3442074078;565344585;0.081764700000
presque_trie;1000000;9;heap_sort;3442074078;565344585;0.179672600000
presque_trie;1000000;10;quick_sort_input_order;3301272852;677311875;0.128241100000
presque_trie;1000000;10;merge_sort;3301272852;677311875;0.078704600000
presque_trie;1000000;10;heap_sort;3301272852;677311875;0.163873400000
presque_trie;1000000;11;quick_sort_input_order;3598269615;987931704;0.124072100000
presque_trie;1000000;11;merge_sort;3598269615;987931704;0.077798300000
presque_trie;1000000;11;heap_sort;3598269615;987931704;0.167968400000
presque_trie;1000000;12;quick_sort_input_order;3761821393;212028998;0.120522900000
presque_trie;1000000;12;merge_sort;3761821393;212028998;0.081605500000
presque_trie;1000000;12;heap_sort;3761821393;212028998;0.166023500000
presque_trie;1000000;13;quick_sort_input_order;3631235465;887871774;0.123483800000
presque_trie;1000000;13;merge_sort;3631235465;887871774;0.080828900000
presque_trie;1000000;13;heap_sort;3631235465;887871774;0.164989300000
presque_trie;1000000;14;quick_sort_input_order;3604001392;978004711;0.127116300000
presque_trie;1000000;14;merge_sort;3604001392;978004711;0.079758300000
presque_trie;1000000;14;heap_sort;3604001392;978004711;0.198770800000
presque_trie;1000000;15;quick_sort_input_order;3579273196;969721723;0.247946500000
presque_trie;1000000;15;merge_sort;3579273196;969721723;0.203534000000
presque_trie;1000000;15;heap_sort;3579273196;969721723;0.204500400000
presque_trie;1000000;16;quick_sort_input_order;4290491818;320875837;0.122256400000
presque_trie;1000000;16;merge_sort;4290491818;320875837;0.079679900000
presque_trie;1000000;16;heap_sort;4290491818;320875837;0.166056300000
presque_trie;1000000;17;quick_sort_input_order;3266224969;775240670;0.121405600000
presque_trie;1000000;17;merge_sort;3266224969;775240670;0.090503700000
presque_trie;1000000;17;heap_sort;3266224969;775240670;0.170998400000
presque_trie;1000000;18;quick_sort_input_order;996398707;3623374564;0.125455800000
presque_trie;1000000;18;merge_sort;996398707;3623374564;0.083033000000
presque_trie;1000000;18;heap_sort;996398707;3623374564;0.172307800000
presque_trie;1000000;19;quick_sort_input_order;2449226698;2103944029;0.132554700000
presque_trie;1000000;19;merge_sort;2449226698;2103944029;0.084233900000
presque_trie;1000000;19;heap_sort;2449226698;2103944029;0.172186900000
presque_trie;1000000;20;quick_sort_input_order;683331526;3290519377;0.125005200000
presque_trie;1000000;20;merge_sort;683331526;3290519377;0.081498500000
presque_trie;1000000;20;heap_sort;683331526;3290519377;0.163422400000
valeurs_repetees;100;1;selection_sort;3624832621;882185978;0.000025100000
valeurs_repetees;100;1;bubble_sort;3624832621;882185978;0.000022800000
valeurs_repetees;100;1;insertion_sort;3624832621;882185978;0.000007900000
valeurs_repetees;100;1;quick_sort_input_order;3624832621;882185978;0.000010500000
valeurs_repetees;100;1;merge_sort;3624832621;882185978;0.000013700000
valeurs_repetees;100;1;heap_sort;3624832621;882185978;0.000013600000
valeurs_repetees;100;2;selection_sort;1377506012;3196095051;0.000026400000
valeurs_repetees;100;2;bubble_sort;1377506012;3196095051;0.000033900000
valeurs_repetees;100;2;insertion_sort;1377506012;3196095051;0.000009100000
valeurs_repetees;100;2;quick_sort_input_order;1377506012;3196095051;0.000010900000
valeurs_repetees;100;2;merge_sort;1377506012;3196095051;0.000013800000
valeurs_repetees;100;2;heap_sort;1377506012;3196095051;0.000014000000
valeurs_repetees;100;3;selection_sort;3250615160;760998895;0.000028200000
valeurs_repetees;100;3;bubble_sort;3250615160;760998895;0.000036200000
valeurs_repetees;100;3;insertion_sort;3250615160;760998895;0.000009600000
valeurs_repetees;100;3;quick_sort_input_order;3250615160;760998895;0.000008000000
valeurs_repetees;100;3;merge_sort;3250615160;760998895;0.000012100000
valeurs_repetees;100;3;heap_sort;3250615160;760998895;0.000010900000
valeurs_repetees;100;4;selection_sort;1176546238;2864395049;0.000027400000
valeurs_repetees;100;4;bubble_sort;1176546238;2864395049;0.000032700000
valeurs_repetees;100;4;insertion_sort;1176546238;2864395049;0.000006000000
valeurs_repetees;100;4;quick_sort_input_order;1176546238;2864395049;0.000008000000
valeurs_repetees;100;4;merge_sort;1176546238;2864395049;0.000010900000
valeurs_repetees;100;4;heap_sort;1176546238;2864395049;0.000009500000
valeurs_repetees;100;5;selection_sort;4091606309;528182706;0.000025800000
valeurs_repetees;100;5;bubble_sort;4091606309;528182706;0.000026200000
valeurs_repetees;100;5;insertion_sort;4091606309;528182706;0.000006800000
valeurs_repetees;100;5;quick_sort_input_order;4091606309;528182706;0.000007600000
valeurs_repetees;100;5;merge_sort;4091606309;528182706;0.000010800000
valeurs_repetees;100;5;heap_sort;4091606309;528182706;0.000009700000
valeurs_repetees;100;6;selection_sort;1637247191;2366500928;0.000025900000
valeurs_repetees;100;6;bubble_sort;1637247191;2366500928;0.000031800000
valeurs_repetees;100;6;insertion_sort;1637247191;2366500928;0.000006900000
valeurs_repetees;100;6;quick_sort_input_order;1637247191;2366500928;0.000007500000
valeurs_repetees;100;6;merge_sort;1637247191;2366500928;0.000010900000
valeurs_repetees;100;6;heap_sort;1637247191;2366500928;0.000009900000
valeurs_repetees;100;7;selection_sort;4209646231;376537600;0.000032500000
valeurs_repetees;100;7;bubble_sort;4209646231;376537600;0.000043100000
valeurs_repetees;100;7;insertion_sort;4209646231;376537600;0.000007400000
valeurs_repetees;100;7;quick_sort_input_order;4209646231;376537600;0.000009900000
valeurs_repetees;100;7;merge_sort;4209646231;376537600;0.000013700000
valeurs_repetees;100;7;heap_sort;4209646231;376537600;0.000012500000
valeurs_repetees;100;8;selection_sort;1851251066;2194424301;0.000026400000
valeurs_repetees;100;8;bubble_sort;1851251066;2194424301;0.000035500000
valeurs_repetees;100;8;insertion_sort;1851251066;2194424301;0.000007900000
valeurs_repetees;100;8;quick_sort_input_order;1851251066;2194424301;0.000010400000
valeurs_repetees;100;8;merge_sort;1851251066;2194424301;0.000013400000
valeurs_repetees;100;8;heap_sort;1851251066;2194424301;0.000011900000
valeurs_repetees;100;9;selection_sort;205252742;3768610833;0.000026700000
valeurs_repetees;100;9;bubble_sort;205252742;3768610833;0.000032400000
valeurs_repetees;100;9;insertion_sort;205252742;3768610833;0.000009600000
valeurs_repetees;100;9;quick_sort_input_order;205252742;3768610833;0.000010600000
valeurs_repetees;100;9;merge_sort;205252742;3768610833;0.000014800000
valeurs_repetees;100;9;heap_sort;205252742;3768610833;0.000010400000
valeurs_repetees;100;10;selection_sort;98001996;3914136795;0.000027300000
valeurs_repetees;100;10;bubble_sort;98001996;3914136795;0.000027400000
valeurs_repetees;100;10;insertion_sort;98001996;3914136795;0.000006200000
valeurs_repetees;100;10;quick_sort_input_order;98001996;3914136795;0.000008000000
valeurs_repetees;100;10;merge_sort;98001996;3914136795;0.000011700000
valeurs_repetees;100;10;heap_sort;98001996;3914136795;0.000009900000
valeurs_repetees;100;11;selection_sort;392902135;4226854240;0.000026600000
valeurs_repetees;100;11;bubble_sort;392902135;4226854240;0.000025200000
valeurs_repetees;100;11;insertion_sort;392902135;4226854240;0.000006700000
valeurs_repetees;100;11;quick_sort_input_order;392902135;4226854240;0.000008100000
valeurs_repetees;100;11;merge_sort;392902135;4226854240;0.000010400000
valeurs_repetees;100;11;heap_sort;392902135;4226854240;0.000009700000
valeurs_repetees;100;12;selection_sort;556457865;3450947358;0.000026500000
valeurs_repetees;100;12;bubble_sort;556457865;3450947358;0.000025000000
valeurs_repetees;100;12;insertion_sort;556457865;3450947358;0.000007200000
valeurs_repetees;100;12;quick_sort_input_order;556457865;3450947358;0.000007700000
valeurs_repetees;100;12;merge_sort;556457865;3450947358;0.000091100000
valeurs_repetees;100;12;heap_sort;556457865;3450947358;0.000009500000
valeurs_repetees;100;13;selection_sort;425871569;4126789702;0.000026300000
valeurs_repetees;100;13;bubble_sort;425871569;4126789702;0.000025800000
valeurs_repetees;100;13;insertion_sort;425871569;4126789702;0.000006800000
valeurs_repetees;100;13;quick_sort_input_order;425871569;4126789702;0.000007600000
valeurs_repetees;100;13;merge_sort;425871569;4126789702;0.000010400000
valeurs_repetees;100;13;heap_sort;425871569;4126789702;0.000009400000
valeurs_repetees;100;14;selection_sort;398637864;4216923071;0.000026200000
valeurs_repetees;100;14;bubble_sort;398637864;4216923071;0.000025500000
valeurs_repetees;100;14;insertion_sort;398637864;4216923071;0.000007100000
valeurs_repetees;100;14;quick_sort_input_order;398637864;4216923071;0.000007900000
valeurs_repetees;100;14;merge_sort;398637864;4216923071;0.000011600000
valeurs_repetees;100;14;heap_sort;398637864;4216923071;0.000009400000
valeurs_repetees;100;15;selection_sort;340088500;4175351331;0.000026200000
valeurs_repetees;100;15;bubble_sort;340088500;4175351331;0.000024300000
valeurs_repetees;100;15;insertion_sort;340088500;4175351331;0.000005900000
valeurs_repetees;100;15;quick_sort_input_order;340088500;4175351331;0.000007600000
valeurs_repetees;100;15;merge_sort;340088500;4175351331;0.000010600000
valeurs_repetees;100;15;heap_sort;340088500;4175351331;0.000008900000
valeurs_repetees;100;16;selection_sort;1051311346;3526501477;0.000026800000
valeurs_repetees;100;16;bubble_sort;1051311346;3526501477;0.000024500000
valeurs_repetees;100;16;insertion_sort;1051311346;3526501477;0.000006100000
valeurs_repetees;100;16;quick_sort_input_order;1051311346;3526501477;0.000007600000
valeurs_repetees;100;16;merge_sort;1051311346;3526501477;0.000010400000
valeurs_repetees;100;16;heap_sort;1051311346;3526501477;0.000009800000
valeurs_repetees;100;17;selection_sort;62695953;4012323462;0.000026500000
valeurs_repetees;100;17;bubble_sort;62695953;4012323462;0.000026100000
valeurs_repetees;100;17;insertion_sort;62695953;4012323462;0.000006200000
valeurs_repetees;100;17;quick_sort_input_order;62695953;4012323462;0.000008400000
valeurs_repetees;100;17;merge_sort;62695953;4012323462;0.000010600000
valeurs_repetees;100;17;heap_sort;62695953;4012323462;0.000009500000
valeurs_repetees;100;18;selection_sort;4201766699;384452540;0.000025600000
valeurs_repetees;100;18;bubble_sort;4201766699;384452540;0.000026500000
valeurs_repetees;100;18;insertion_sort;4201766699;384452540;0.000006500000
valeurs_repetees;100;18;quick_sort_input_order;4201766699;384452540;0.000008300000
valeurs_repetees;100;18;merge_sort;4201766699;384452540;0.000009900000
valeurs_repetees;100;18;heap_sort;4201766699;384452540;0.000009600000
valeurs_repetees;100;19;selection_sort;1357787794;3161827845;0.000026000000
valeurs_repetees;100;19;bubble_sort;1357787794;3161827845;0.000025200000
valeurs_repetees;100;19;insertion_sort;1357787794;3161827845;0.000006100000
valeurs_repetees;100;19;quick_sort_input_order;1357787794;3161827845;0.000007600000
valeurs_repetees;100;19;merge_sort;1357787794;3161827845;0.000009800000
valeurs_repetees;100;19;heap_sort;1357787794;3161827845;0.000009600000
valeurs_repetees;100;20;selection_sort;3920152222;87252489;0.000025800000
valeurs_repetees;100;20;bubble_sort;3920152222;87252489;0.000026400000
valeurs_repetees;100;20;insertion_sort;3920152222;87252489;0.000006900000
valeurs_repetees;100;20;quick_sort_input_order;3920152222;87252489;0.000007600000
valeurs_repetees;100;20;merge_sort;3920152222;87252489;0.000010500000
valeurs_repetees;100;20;heap_sort;3920152222;87252489;0.000009500000
valeurs_repetees;500;1;selection_sort;2801360416;1247987383;0.000641300000
valeurs_repetees;500;1;bubble_sort;2801360416;1247987383;0.000386700000
valeurs_repetees;500;1;insertion_sort;2801360416;1247987383;0.000118300000
valeurs_repetees;500;1;quick_sort_input_order;2801360416;1247987383;0.000060400000
valeurs_repetees;500;1;merge_sort;2801360416;1247987383;0.000059700000
valeurs_repetees;500;1;heap_sort;2801360416;1247987383;0.000060300000
valeurs_repetees;500;2;selection_sort;753713809;3229047302;0.000643000000
valeurs_repetees;500;2;bubble_sort;753713809;3229047302;0.000375100000
valeurs_repetees;500;2;insertion_sort;753713809;3229047302;0.000123300000
valeurs_repetees;500;2;quick_sort_input_order;753713809;3229047302;0.000059500000
valeurs_repetees;500;2;merge_sort;753713809;3229047302;0.000059000000
valeurs_repetees;500;2;heap_sort;753713809;3229047302;0.000059100000
valeurs_repetees;500;3;selection_sort;3208094517;1403796386;0.000677600000
valeurs_repetees;500;3;bubble_sort;3208094517;1403796386;0.000380400000
valeurs_repetees;500;3;insertion_sort;3208094517;1403796386;0.000122000000
valeurs_repetees;500;3;quick_sort_input_order;3208094517;1403796386;0.000060800000
valeurs_repetees;500;3;merge_sort;3208094517;1403796386;0.000058200000
valeurs_repetees;500;3;heap_sort;3208094517;1403796386;0.000059400000
valeurs_repetees;500;4;selection_sort;953646067;3561808740;0.000639700000
valeurs_repetees;500;4;bubble_sort;953646067;3561808740;0.000396600000
valeurs_repetees;500;4;insertion_sort;953646067;3561808740;0.000120900000
valeurs_repetees;500;4;quick_sort_input_order;953646067;3561808740;0.000061700000
valeurs_repetees;500;4;merge_sort;953646067;3561808740;0.000057800000
valeurs_repetees;500;4;heap_sort;953646067;3561808740;0.000060100000
valeurs_repetees;500;5;selection_sort;2367104360;1636613631;0.000640800000
valeurs_repetees;500;5;bubble_sort;2367104360;1636613631;0.000383400000
valeurs_repetees;500;5;insertion_sort;2367104360;1636613631;0.000126000000
valeurs_repetees;500;5;quick_sort_input_order;2367104360;1636613631;0.000061200000
valeurs_repetees;500;5;merge_sort;2367104360;1636613631;0.000057400000
valeurs_repetees;500;5;heap_sort;2367104360;1636613631;0.000059600000
valeurs_repetees;500;6;selection_sort;526497946;4093255693;0.000738300000
valeurs_repetees;500;6;bubble_sort;526497946;4093255693;0.000425400000
valeurs_repetees;500;6;insertion_sort;526497946;4093255693;0.000121800000
valeurs_repetees;500;6;quick_sort_input_order;526497946;4093255693;0.000059800000
valeurs_repetees;500;6;merge_sort;526497946;4093255693;0.000058900000
valeurs_repetees;500;6;heap_sort;526497946;4093255693;0.000060300000
valeurs_repetees;500;7;selection_sort;2216544986;1753633357;0.000692700000
valeurs_repetees;500;7;bubble_sort;2216544986;1753633357;0.000859100000
valeurs_repetees;500;7;insertion_sort;2216544986;1753633357;0.000200300000
valeurs_repetees;500;7;quick_sort_input_order;2216544986;1753633357;0.000076800000
valeurs_repetees;500;7;merge_sort;2216544986;1753633357;0.000060100000
valeurs_repetees;500;7;heap_sort;2216544986;1753633357;0.000060700000
valeurs_repetees;500;8;selection_sort;278923575;4231762336;0.000681500000
valeurs_repetees;500;8;bubble_sort;278923575;4231762336;0.000375000000
valeurs_repetees;500;8;insertion_sort;278923575;4231762336;0.000126900000
valeurs_repetees;500;8;quick_sort_input_order;278923575;4231762336;0.000060100000
valeurs_repetees;500;8;merge_sort;278923575;4231762336;0.000060000000
valeurs_repetees;500;8;heap_sort;278923575;4231762336;0.000060700000
valeurs_repetees;500;9;selection_sort;1925986507;2656542812;0.000639800000
valeurs_repetees;500;9;bubble_sort;1925986507;2656542812;0.000395100000
valeurs_repetees;500;9;insertion_sort;1925986507;2656542812;0.000122300000
valeurs_repetees;500;9;quick_sort_input_order;1925986507;2656542812;0.000059500000
valeurs_repetees;500;9;merge_sort;1925986507;2656542812;0.000059800000
valeurs_repetees;500;9;heap_sort;1925986507;2656542812;0.000059600000
valeurs_repetees;500;10;selection_sort;2065740801;2545626262;0.000640800000
valeurs_repetees;500;10;bubble_sort;2065740801;2545626262;0.000388400000
valeurs_repetees;500;10;insertion_sort;2065740801;2545626262;0.000116800000
valeurs_repetees;500;10;quick_sort_input_order;2065740801;2545626262;0.000065100000
valeurs_repetees;500;10;merge_sort;2065740801;2545626262;0.000058500000
valeurs_repetees;500;10;heap_sort;2065740801;2545626262;0.000060400000
valeurs_repetees;500;11;selection_sort;1771890106;2231860525;0.000639800000
valeurs_repetees;500;11;bubble_sort;1771890106;2231860525;0.000390000000
valeurs_repetees;500;11;insertion_sort;1771890106;2231860525;0.000122900000
valeurs_repetees;500;11;quick_sort_input_order;1771890106;2231860525;0.000062100000
valeurs_repetees;500;11;merge_sort;1771890106;2231860525;0.000058300000
valeurs_repetees;500;11;heap_sort;1771890106;2231860525;0.000060200000
valeurs_repetees;500;12;selection_sort;1608323012;3007747923;0.000646800000
valeurs_repetees;500;12;bubble_sort;1608323012;3007747923;0.000382300000
valeurs_repetees;500;12;insertion_sort;1608323012;3007747923;0.000127400000
valeurs_repetees;500;12;quick_sort_input_order;1608323012;3007747923;0.000061800000
valeurs_repetees;500;12;merge_sort;1608323012;3007747923;0.000057900000
valeurs_repetees;500;12;heap_sort;1608323012;3007747923;0.000060100000
valeurs_repetees;500;13;selection_sort;1737857180;2332950539;0.000640800000
valeurs_repetees;500;13;bubble_sort;1737857180;2332950539;0.000390700000
valeurs_repetees;500;13;insertion_sort;1737857180;2332950539;0.000127000000
valeurs_repetees;500;13;quick_sort_input_order;1737857180;2332950539;0.000059200000
valeurs_repetees;500;13;merge_sort;1737857180;2332950539;0.000058600000
valeurs_repetees;500;13;heap_sort;1737857180;2332950539;0.000059800000
valeurs_repetees;500;14;selection_sort;1765108581;2242835442;0.000684100000
valeurs_repetees;500;14;bubble_sort;1765108581;2242835442;0.000389600000
valeurs_repetees;500;14;insertion_sort;1765108581;2242835442;0.000113600000
valeurs_repetees;500;14;quick_sort_input_order;1765108581;2242835442;0.000060000000
valeurs_repetees;500;14;merge_sort;1765108581;2242835442;0.000056600000
valeurs_repetees;500;14;heap_sort;1765108581;2242835442;0.000059700000
valeurs_repetees;500;15;selection_sort;1790084857;2250841710;0.000641600000
valeurs_repetees;500;15;bubble_sort;1790084857;2250841710;0.000376600000
valeurs_repetees;500;15;insertion_sort;1790084857;2250841710;0.000116200000
valeurs_repetees;500;15;quick_sort_input_order;1790084857;2250841710;0.000059900000
valeurs_repetees;500;15;merge_sort;1790084857;2250841710;0.000056800000
valeurs_repetees;500;15;heap_sort;1790084857;2250841710;0.000060900000
valeurs_repetees;500;16;selection_sort;1079930047;2898654248;0.000646200000
valeurs_repetees;500;16;bubble_sort;1079930047;2898654248;0.000379900000
valeurs_repetees;500;16;insertion_sort;1079930047;2898654248;0.000116100000
valeurs_repetees;500;16;quick_sort_input_order;1079930047;2898654248;0.000059600000
valeurs_repetees;500;16;merge_sort;1079930047;2898654248;0.000058600000
valeurs_repetees;500;16;heap_sort;1079930047;2898654248;0.000059800000
valeurs_repetees;500;17;selection_sort;2102098524;2446385867;0.000762700000
valeurs_repetees;500;17;bubble_sort;2102098524;2446385867;0.000494600000
valeurs_repetees;500;17;insertion_sort;2102098524;2446385867;0.000159600000
valeurs_repetees;500;17;quick_sort_input_order;2102098524;2446385867;0.000067600000
valeurs_repetees;500;17;merge_sort;2102098524;2446385867;0.000058900000
valeurs_repetees;500;17;heap_sort;2102098524;2446385867;0.000059100000
valeurs_repetees;500;18;selection_sort;2223378278;1746769905;0.000668800000
valeurs_repetees;500;18;bubble_sort;2223378278;1746769905;0.000376700000
valeurs_repetees;500;18;insertion_sort;2223378278;1746769905;0.000121300000
valeurs_repetees;500;18;quick_sort_input_order;2223378278;1746769905;0.000058700000
valeurs_repetees;500;18;merge_sort;2223378278;1746769905;0.000112100000
valeurs_repetees;500;18;heap_sort;2223378278;1746769905;0.000077100000
valeurs_repetees;500;19;selection_sort;773448415;3263330888;0.000722200000
valeurs_repetees;500;19;bubble_sort;773448415;3263330888;0.000388200000
valeurs_repetees;500;19;insertion_sort;773448415;3263330888;0.000128700000
valeurs_repetees;500;19;quick_sort_input_order;773448415;3263330888;0.000064600000
valeurs_repetees;500;19;merge_sort;773448415;3263330888;0.000060900000
valeurs_repetees;500;19;heap_sort;773448415;3263330888;0.000060800000
valeurs_repetees;500;20;selection_sort;2539591379;2076479044;0.000640200000
valeurs_repetees;500;20;bubble_sort;2539591379;2076479044;0.000400000000
valeurs_repetees;500;20;insertion_sort;2539591379;2076479044;0.000125400000
valeurs_repetees;500;20;quick_sort_input_order;2539591379;2076479044;0.000059200000
valeurs_repetees;500;20;merge_sort;2539591379;2076479044;0.000059200000
valeurs_repetees;500;20;heap_sort;2539591379;2076479044;0.000060600000
valeurs_repetees;1000;1;selection_sort;3212155760;1408107495;0.002613600000
valeurs_repetees;1000;1;bubble_sort;3212155760;1408107495;0.001393800000
valeurs_repetees;1000;1;insertion_sort;3212155760;1408107495;0.000491400000
valeurs_repetees;1000;1;quick_sort_input_order;3212155760;1408107495;0.000173900000
valeurs_repetees;1000;1;merge_sort;3212155760;1408107495;0.000123000000
valeurs_repetees;1000;1;heap_sort;3212155760;1408107495;0.000166700000
valeurs_repetees;1000;2;selection_sort;895485889;3657146198;0.002619500000
valeurs_repetees;1000;2;bubble_sort;895485889;3657146198;0.001362400000
valeurs_repetees;1000;2;insertion_sort;895485889;3657146198;0.000519300000
valeurs_repetees;1000;2;quick_sort_input_order;895485889;3657146198;0.000180700000
valeurs_repetees;1000;2;merge_sort;895485889;3657146198;0.000120500000
valeurs_repetees;1000;2;heap_sort;895485889;3657146198;0.000132200000
valeurs_repetees;1000;3;selection_sort;2797299301;1243676402;0.002610900000
valeurs_repetees;1000;3;bubble_sort;2797299301;1243676402;0.001407900000
valeurs_repetees;1000;3;insertion_sort;2797299301;1243676402;0.000484300000
valeurs_repetees;1000;3;quick_sort_input_order;2797299301;1243676402;0.000176400000
valeurs_repetees;1000;3;merge_sort;2797299301;1243676402;0.000120400000
valeurs_repetees;1000;3;heap_sort;2797299301;1243676402;0.000130300000
valeurs_repetees;1000;4;selection_sort;559660707;3451921972;0.002619000000
valeurs_repetees;1000;4;bubble_sort;559660707;3451921972;0.001435900000
valeurs_repetees;1000;4;insertion_sort;559660707;3451921972;0.000469600000
valeurs_repetees;1000;4;quick_sort_input_order;559660707;3451921972;0.000217200000
valeurs_repetees;1000;4;merge_sort;559660707;3451921972;0.000118400000
valeurs_repetees;1000;4;heap_sort;559660707;3451921972;0.000130400000
valeurs_repetees;1000;5;selection_sort;2493243448;2013296815;0.002710200000
valeurs_repetees;1000;5;bubble_sort;2493243448;2013296815;0.001608200000
valeurs_repetees;1000;5;insertion_sort;2493243448;2013296815;0.000678900000
valeurs_repetees;1000;5;quick_sort_input_order;2493243448;2013296815;0.000213600000
valeurs_repetees;1000;5;merge_sort;2493243448;2013296815;0.000133300000
valeurs_repetees;1000;5;heap_sort;2493243448;2013296815;0.000127200000
valeurs_repetees;1000;6;selection_sort;116227530;3933660509;0.002613200000
valeurs_repetees;1000;6;bubble_sort;116227530;3933660509;0.001429400000
valeurs_repetees;1000;6;insertion_sort;116227530;3933660509;0.000448300000
valeurs_repetees;1000;6;quick_sort_input_order;116227530;3933660509;0.000176500000
valeurs_repetees;1000;6;merge_sort;116227530;3933660509;0.000121100000
valeurs_repetees;1000;6;heap_sort;116227530;3933660509;0.000124600000
valeurs_repetees;1000;7;selection_sort;2643529610;1896519453;0.002619900000
valeurs_repetees;1000;7;bubble_sort;2643529610;1896519453;0.001449200000
valeurs_repetees;1000;7;insertion_sort;2643529610;1896519453;0.000473300000
valeurs_repetees;1000;7;quick_sort_input_order;2643529610;1896519453;0.000174300000
valeurs_repetees;1000;7;merge_sort;2643529610;1896519453;0.000121700000
valeurs_repetees;1000;7;heap_sort;2643529610;1896519453;0.000127200000
valeurs_repetees;1000;8;selection_sort;153930855;3853997296;0.002670300000
valeurs_repetees;1000;8;bubble_sort;153930855;3853997296;0.001375600000
valeurs_repetees;1000;8;insertion_sort;153930855;3853997296;0.000454300000
valeurs_repetees;1000;8;quick_sort_input_order;153930855;3853997296;0.000175600000
valeurs_repetees;1000;8;merge_sort;153930855;3853997296;0.000123600000
valeurs_repetees;1000;8;heap_sort;153930855;3853997296;0.000125800000
valeurs_repetees;1000;9;selection_sort;1799421339;2279302412;0.002619600000
valeurs_repetees;1000;9;bubble_sort;1799421339;2279302412;0.001360700000
valeurs_repetees;1000;9;insertion_sort;1799421339;2279302412;0.000465200000
valeurs_repetees;1000;9;quick_sort_input_order;1799421339;2279302412;0.000173700000
valeurs_repetees;1000;9;merge_sort;1799421339;2279302412;0.000121000000
valeurs_repetees;1000;9;heap_sort;1799421339;2279302412;0.000130000000
valeurs_repetees;1000;10;selection_sort;1655468369;2386028998;0.002620300000
valeurs_repetees;1000;10;bubble_sort;1655468369;2386028998;0.001366400000
valeurs_repetees;1000;10;insertion_sort;1655468369;2386028998;0.000529700000
valeurs_repetees;1000;10;quick_sort_input_order;1655468369;2386028998;0.000172700000
valeurs_repetees;1000;10;merge_sort;1655468369;2386028998;0.000123200000
valeurs_repetees;1000;10;heap_sort;1655468369;2386028998;0.000127600000
valeurs_repetees;1000;11;selection_sort;1880105194;2626402429;0.002617700000
valeurs_repetees;1000;11;bubble_sort;1880105194;2626402429;0.002202100000
valeurs_repetees;1000;11;insertion_sort;1880105194;2626402429;0.000535400000
valeurs_repetees;1000;11;quick_sort_input_order;1880105194;2626402429;0.000177900000
valeurs_repetees;1000;11;merge_sort;1880105194;2626402429;0.000123400000
valeurs_repetees;1000;11;heap_sort;1880105194;2626402429;0.000126400000
valeurs_repetees;1000;12;selection_sort;1179765396;2865385987;0.002662600000
valeurs_repetees;1000;12;bubble_sort;1179765396;2865385987;0.001364400000
valeurs_repetees;1000;12;insertion_sort;1179765396;2865385987;0.000500600000
valeurs_repetees;1000;12;quick_sort_input_order;1179765396;2865385987;0.000172100000
valeurs_repetees;1000;12;merge_sort;1179765396;2865385987;0.000122800000
valeurs_repetees;1000;12;heap_sort;1179765396;2865385987;0.000132300000
valeurs_repetees;1000;13;selection_sort;2115591628;2458043739;0.002613300000
valeurs_repetees;1000;13;bubble_sort;2115591628;2458043739;0.001846900000
valeurs_repetees;1000;13;insertion_sort;2115591628;2458043739;0.000476600000
valeurs_repetees;1000;13;quick_sort_input_order;2115591628;2458043739;0.000169700000
valeurs_repetees;1000;13;merge_sort;2115591628;2458043739;0.000121800000
valeurs_repetees;1000;13;heap_sort;2115591628;2458043739;0.000134300000
valeurs_repetees;1000;14;selection_sort;1891216949;2619487906;0.002611400000
valeurs_repetees;1000;14;bubble_sort;1891216949;2619487906;0.001635800000
valeurs_repetees;1000;14;insertion_sort;1891216949;2619487906;0.000470400000
valeurs_repetees;1000;14;quick_sort_input_order;1891216949;2619487906;0.000174400000
valeurs_repetees;1000;14;merge_sort;1891216949;2619487906;0.000119000000
valeurs_repetees;1000;14;heap_sort;1891216949;2619487906;0.000125200000
valeurs_repetees;1000;15;selection_sort;1933460393;2678446910;0.002614400000
valeurs_repetees;1000;15;bubble_sort;1933460393;2678446910;0.001350300000
valeurs_repetees;1000;15;insertion_sort;1933460393;2678446910;0.000472100000
valeurs_repetees;1000;15;quick_sort_input_order;1933460393;2678446910;0.000179700000
valeurs_repetees;1000;15;merge_sort;1933460393;2678446910;0.000118700000
valeurs_repetees;1000;15;heap_sort;1933460393;2678446910;0.000127600000
valeurs_repetees;1000;16;selection_sort;1506978287;3041472888;0.002610400000
valeurs_repetees;1000;16;bubble_sort;1506978287;3041472888;0.001436300000
valeurs_repetees;1000;16;insertion_sort;1506978287;3041472888;0.000483600000
valeurs_repetees;1000;16;quick_sort_input_order;1506978287;3041472888;0.000202900000
valeurs_repetees;1000;16;merge_sort;1506978287;3041472888;0.000164700000
valeurs_repetees;1000;16;heap_sort;1506978287;3041472888;0.000176500000
valeurs_repetees;1000;17;selection_sort;1690812172;2287740827;0.002616900000
valeurs_repetees;1000;17;bubble_sort;1690812172;2287740827;0.001638700000
valeurs_repetees;1000;17;insertion_sort;1690812172;2287740827;0.000657400000
valeurs_repetees;1000;17;quick_sort_input_order;1690812172;2287740827;0.000249000000
valeurs_repetees;1000;17;merge_sort;1690812172;2287740827;0.000122900000
valeurs_repetees;1000;17;heap_sort;1690812172;2287740827;0.000143500000
valeurs_repetees;1000;18;selection_sort;2634730038;1905349281;0.002761600000
valeurs_repetees;1000;18;bubble_sort;2634730038;1905349281;0.001353800000
valeurs_repetees;1000;18;insertion_sort;2634730038;1905349281;0.000468900000
valeurs_repetees;1000;18;quick_sort_input_order;2634730038;1905349281;0.000178900000
valeurs_repetees;1000;18;merge_sort;2634730038;1905349281;0.000123500000
valeurs_repetees;1000;18;heap_sort;2634730038;1905349281;0.000123400000
valeurs_repetees;1000;19;selection_sort;932521871;3675176728;0.002655200000
valeurs_repetees;1000;19;bubble_sort;932521871;3675176728;0.001364900000
valeurs_repetees;1000;19;insertion_sort;932521871;3675176728;0.000468100000
valeurs_repetees;1000;19;quick_sort_input_order;932521871;3675176728;0.000177900000
valeurs_repetees;1000;19;merge_sort;932521871;3675176728;0.000121800000
valeurs_repetees;1000;19;heap_sort;932521871;3675176728;0.000132100000
valeurs_repetees;1000;20;selection_sort;2396246915;1648904980;0.002658900000
valeurs_repetees;1000;20;bubble_sort;2396246915;1648904980;0.001360600000
valeurs_repetees;1000;20;insertion_sort;2396246915;1648904980;0.000476400000
valeurs_repetees;1000;20;quick_sort_input_order;2396246915;1648904980;0.000316200000
valeurs_repetees;1000;20;merge_sort;2396246915;1648904980;0.000149200000
valeurs_repetees;1000;20;heap_sort;2396246915;1648904980;0.000125300000
valeurs_repetees;5000;1;selection_sort;1783152081;2261984582;0.068039200000
valeurs_repetees;5000;1;bubble_sort;1783152081;2261984582;0.055331000000
valeurs_repetees;5000;1;insertion_sort;1783152081;2261984582;0.012201300000
valeurs_repetees;5000;1;quick_sort_input_order;1783152081;2261984582;0.002878000000
valeurs_repetees;5000;1;merge_sort;1783152081;2261984582;0.000649200000
valeurs_repetees;5000;1;heap_sort;1783152081;2261984582;0.000825700000
valeurs_repetees;5000;2;selection_sort;3764199776;214350327;0.067896900000
valeurs_repetees;5000;2;bubble_sort;3764199776;214350327;0.050244800000
valeurs_repetees;5000;2;insertion_sort;3764199776;214350327;0.011865000000
valeurs_repetees;5000;2;quick_sort_input_order;3764199776;214350327;0.002884800000
valeurs_repetees;5000;2;merge_sort;3764199776;214350327;0.000627200000
valeurs_repetees;5000;2;heap_sort;3764199776;214350327;0.000653100000
valeurs_repetees;5000;3;selection_sort;1938178244;2669533267;0.094425600000
valeurs_repetees;5000;3;bubble_sort;1938178244;2669533267;0.062850300000
valeurs_repetees;5000;3;insertion_sort;1938178244;2669533267;0.016223300000
valeurs_repetees;5000;3;quick_sort_input_order;1938178244;2669533267;0.004604700000
valeurs_repetees;5000;3;merge_sort;1938178244;2669533267;0.000722100000
valeurs_repetees;5000;3;heap_sort;1938178244;2669533267;0.001088100000
valeurs_repetees;5000;4;selection_sort;4100364290;419233941;0.067034500000
valeurs_repetees;5000;4;bubble_sort;4100364290;419233941;0.052001700000
valeurs_repetees;5000;4;insertion_sort;4100364290;419233941;0.013007400000
valeurs_repetees;5000;4;quick_sort_input_order;4100364290;419233941;0.003023900000
valeurs_repetees;5000;4;merge_sort;4100364290;419233941;0.000679300000
valeurs_repetees;5000;4;heap_sort;4100364290;419233941;0.000650700000
valeurs_repetees;5000;5;selection_sort;1101448857;2906480142;0.068377600000
valeurs_repetees;5000;5;bubble_sort;1101448857;2906480142;0.049778800000
valeurs_repetees;5000;5;insertion_sort;1101448857;2906480142;0.012340500000
valeurs_repetees;5000;5;quick_sort_input_order;1101448857;2906480142;0.002896600000
valeurs_repetees;5000;5;merge_sort;1101448857;2906480142;0.000663700000
valeurs_repetees;5000;5;heap_sort;1101448857;2906480142;0.000664300000
valeurs_repetees;5000;6;selection_sort;3553647467;1061929980;0.068955100000
valeurs_repetees;5000;6;bubble_sort;3553647467;1061929980;0.050402100000
valeurs_repetees;5000;6;insertion_sort;3553647467;1061929980;0.012422100000
valeurs_repetees;5000;6;quick_sort_input_order;3553647467;1061929980;0.002977300000
valeurs_repetees;5000;6;merge_sort;3553647467;1061929980;0.000628200000
valeurs_repetees;5000;6;heap_sort;3553647467;1061929980;0.000651200000
valeurs_repetees;5000;7;selection_sort;1219242283;2755113404;0.069126400000
valeurs_repetees;5000;7;bubble_sort;1219242283;2755113404;0.049125200000
valeurs_repetees;5000;7;insertion_sort;1219242283;2755113404;0.012312200000
valeurs_repetees;5000;7;quick_sort_input_order;1219242283;2755113404;0.002933400000
valeurs_repetees;5000;7;merge_sort;1219242283;2755113404;0.000624300000
valeurs_repetees;5000;7;heap_sort;1219242283;2755113404;0.000800800000
valeurs_repetees;5000;8;selection_sort;3692161734;814379601;0.067557500000
valeurs_repetees;5000;8;bubble_sort;3692161734;814379601;0.052931200000
valeurs_repetees;5000;8;insertion_sort;3692161734;814379601;0.011786100000
valeurs_repetees;5000;8;quick_sort_input_order;3692161734;814379601;0.003237600000
valeurs_repetees;5000;8;merge_sort;3692161734;814379601;0.000629700000
valeurs_repetees;5000;8;heap_sort;3692161734;814379601;0.000647000000
valeurs_repetees;5000;9;selection_sort;3195919162;1390822317;0.067904400000
valeurs_repetees;5000;9;bubble_sort;3195919162;1390822317;0.055657900000
valeurs_repetees;5000;9;insertion_sort;3195919162;1390822317;0.011684200000
valeurs_repetees;5000;9;quick_sort_input_order;3195919162;1390822317;0.002928200000
valeurs_repetees;5000;9;merge_sort;3195919162;1390822317;0.000629300000
valeurs_repetees;5000;9;heap_sort;3195919162;1390822317;0.000646800000
valeurs_repetees;5000;10;selection_sort;3079755760;1527435111;0.068302800000
valeurs_repetees;5000;10;bubble_sort;3079755760;1527435111;0.050680300000
valeurs_repetees;5000;10;insertion_sort;3079755760;1527435111;0.011632600000
valeurs_repetees;5000;10;quick_sort_input_order;3079755760;1527435111;0.003011000000
valeurs_repetees;5000;10;merge_sort;3079755760;1527435111;0.000633000000
valeurs_repetees;5000;10;heap_sort;3079755760;1527435111;0.000645100000
valeurs_repetees;5000;11;selection_sort;2771191371;1236704988;0.068013100000
valeurs_repetees;5000;11;bubble_sort;2771191371;1236704988;0.050678100000
valeurs_repetees;5000;11;insertion_sort;2771191371;1236704988;0.012370200000
valeurs_repetees;5000;11;quick_sort_input_order;2771191371;1236704988;0.002900500000
valeurs_repetees;5000;11;merge_sort;2771191371;1236704988;0.000622100000
valeurs_repetees;5000;11;heap_sort;2771191371;1236704988;0.000653600000
valeurs_repetees;5000;12;selection_sort;2473389109;2146923682;0.068109700000
valeurs_repetees;5000;12;bubble_sort;2473389109;2146923682;0.052921000000
valeurs_repetees;5000;12;insertion_sort;2473389109;2146923682;0.011584100000
valeurs_repetees;5000;12;quick_sort_input_order;2473389109;2146923682;0.003648100000
valeurs_repetees;5000;12;merge_sort;2473389109;2146923682;0.000919700000
valeurs_repetees;5000;12;heap_sort;2473389109;2146923682;0.000657700000
valeurs_repetees;5000;13;selection_sort;2871294829;1203758074;0.068056000000
valeurs_repetees;5000;13;bubble_sort;2871294829;1203758074;0.050927700000
valeurs_repetees;5000;13;insertion_sort;2871294829;1203758074;0.011899900000
valeurs_repetees;5000;13;quick_sort_input_order;2871294829;1203758074;0.003551000000
valeurs_repetees;5000;13;merge_sort;2871294829;1203758074;0.000625700000
valeurs_repetees;5000;13;heap_sort;2871294829;1203758074;0.000659400000
valeurs_repetees;5000;14;selection_sort;2776926356;1226772483;0.067445100000
valeurs_repetees;5000;14;bubble_sort;2776926356;1226772483;0.051351400000
valeurs_repetees;5000;14;insertion_sort;2776926356;1226772483;0.012241300000
valeurs_repetees;5000;14;quick_sort_input_order;2776926356;1226772483;0.002923400000
valeurs_repetees;5000;14;merge_sort;2776926356;1226772483;0.000749000000
valeurs_repetees;5000;14;heap_sort;2776926356;1226772483;0.000806000000
valeurs_repetees;5000;15;selection_sort;2785240328;1251540383;0.109996900000
valeurs_repetees;5000;15;bubble_sort;2785240328;1251540383;0.082011800000
valeurs_repetees;5000;15;insertion_sort;2785240328;1251540383;0.011922500000
valeurs_repetees;5000;15;quick_sort_input_order;2785240328;1251540383;0.004688600000
valeurs_repetees;5000;15;merge_sort;2785240328;1251540383;0.000722700000
valeurs_repetees;5000;15;heap_sort;2785240328;1251540383;0.000765600000
valeurs_repetees;5000;16;selection_sort;2364510030;1618221017;0.068196400000
valeurs_repetees;5000;16;bubble_sort;2364510030;1618221017;0.063916200000
valeurs_repetees;5000;16;insertion_sort;2364510030;1618221017;0.012148200000
valeurs_repetees;5000;16;quick_sort_input_order;2364510030;1618221017;0.003244100000
valeurs_repetees;5000;16;merge_sort;2364510030;1618221017;0.000678800000
valeurs_repetees;5000;16;heap_sort;2364510030;1618221017;0.000654700000
valeurs_repetees;5000;17;selection_sort;2985990573;1566638394;0.069163000000
valeurs_repetees;5000;17;bubble_sort;2985990573;1566638394;0.055100600000
valeurs_repetees;5000;17;insertion_sort;2985990573;1566638394;0.012064200000
valeurs_repetees;5000;17;quick_sort_input_order;2985990573;1566638394;0.002889300000
valeurs_repetees;5000;17;merge_sort;2985990573;1566638394;0.000649600000
valeurs_repetees;5000;17;heap_sort;2985990573;1566638394;0.000687900000
valeurs_repetees;5000;18;selection_sort;1211624599;2762765312;0.068148600000
valeurs_repetees;5000;18;bubble_sort;1211624599;2762765312;0.053124200000
valeurs_repetees;5000;18;insertion_sort;1211624599;2762765312;0.011153300000
valeurs_repetees;5000;18;quick_sort_input_order;1211624599;2762765312;0.003658500000
valeurs_repetees;5000;18;merge_sort;1211624599;2762765312;0.000724700000
valeurs_repetees;5000;18;heap_sort;1211624599;2762765312;0.000705400000
valeurs_repetees;5000;19;selection_sort;3802661166;238262713;0.069028100000
valeurs_repetees;5000;19;bubble_sort;3802661166;238262713;0.058453400000
valeurs_repetees;5000;19;insertion_sort;3802661166;238262713;0.011873800000
valeurs_repetees;5000;19;quick_sort_input_order;3802661166;238262713;0.002894800000
valeurs_repetees;5000;19;merge_sort;3802661166;238262713;0.000626200000
valeurs_repetees;5000;19;heap_sort;3802661166;238262713;0.000659600000
valeurs_repetees;5000;20;selection_sort;1542386978;3077926325;0.068861100000
valeurs_repetees;5000;20;bubble_sort;1542386978;3077926325;0.056623400000
valeurs_repetees;5000;20;insertion_sort;1542386978;3077926325;0.011929800000
valeurs_repetees;5000;20;quick_sort_input_order;1542386978;3077926325;0.005180200000
valeurs_repetees;5000;20;merge_sort;1542386978;3077926325;0.000993800000
valeurs_repetees;5000;20;heap_sort;1542386978;3077926325;0.000928900000
valeurs_repetees;10000;1;selection_sort;637983890;3399304197;0.282722600000
valeurs_repetees;10000;1;bubble_sort;637983890;3399304197;0.296283900000
valeurs_repetees;10000;1;insertion_sort;637983890;3399304197;0.047432800000
valeurs_repetees;10000;1;quick_sort_input_order;637983890;3399304197;0.011275800000
valeurs_repetees;10000;1;merge_sort;637983890;3399304197;0.001327600000
valeurs_repetees;10000;1;heap_sort;637983890;3399304197;0.001315700000
valeurs_repetees;10000;2;selection_sort;2886942755;1082710196;0.272347500000
valeurs_repetees;10000;2;bubble_sort;2886942755;1082710196;0.288789300000
valeurs_repetees;10000;2;insertion_sort;2886942755;1082710196;0.048804800000
valeurs_repetees;10000;2;quick_sort_input_order;2886942755;1082710196;0.011152700000
valeurs_repetees;10000;2;merge_sort;2886942755;1082710196;0.001277000000
valeurs_repetees;10000;2;heap_sort;2886942755;1082710196;0.001345600000
valeurs_repetees;10000;3;selection_sort;1070080391;3545479440;0.273519900000
valeurs_repetees;10000;3;bubble_sort;1070080391;3545479440;0.298390800000
valeurs_repetees;10000;3;insertion_sort;1070080391;3545479440;0.046277600000
valeurs_repetees;10000;3;quick_sort_input_order;1070080391;3545479440;0.011093800000
valeurs_repetees;10000;3;merge_sort;1070080391;3545479440;0.001325200000
valeurs_repetees;10000;3;heap_sort;1070080391;3545479440;0.001317700000
valeurs_repetees;10000;4;selection_sort;3089692993;1421042134;0.272843300000
valeurs_repetees;10000;4;bubble_sort;3089692993;1421042134;0.301439900000
valeurs_repetees;10000;4;insertion_sort;3089692993;1421042134;0.050152200000
valeurs_repetees;10000;4;quick_sort_input_order;3089692993;1421042134;0.011827200000
valeurs_repetees;10000;4;merge_sort;3089692993;1421042134;0.001275700000
valeurs_repetees;10000;4;heap_sort;3089692993;1421042134;0.001350500000
valeurs_repetees;10000;5;selection_sort;233351130;3782426445;0.277529300000
valeurs_repetees;10000;5;bubble_sort;233351130;3782426445;0.307895600000
valeurs_repetees;10000;5;insertion_sort;233351130;3782426445;0.048305400000
valeurs_repetees;10000;5;quick_sort_input_order;233351130;3782426445;0.012118300000
valeurs_repetees;10000;5;merge_sort;233351130;3782426445;0.001394100000
valeurs_repetees;10000;5;heap_sort;233351130;3782426445;0.001349000000
valeurs_repetees;10000;6;selection_sort;2677946920;1929749183;0.275832200000
valeurs_repetees;10000;6;bubble_sort;2677946920;1929749183;0.305307800000
valeurs_repetees;10000;6;insertion_sort;2677946920;1929749183;0.047592600000
valeurs_repetees;10000;6;quick_sort_input_order;2677946920;1929749183;0.011050800000
valeurs_repetees;10000;6;merge_sort;2677946920;1929749183;0.001274300000
valeurs_repetees;10000;6;heap_sort;2677946920;1929749183;0.001320700000
valeurs_repetees;10000;7;selection_sort;81938536;3900297471;0.271274600000
valeurs_repetees;10000;7;bubble_sort;81938536;3900297471;0.309921600000
valeurs_repetees;10000;7;insertion_sort;81938536;3900297471;0.053568800000
valeurs_repetees;10000;7;quick_sort_input_order;81938536;3900297471;0.011252000000
valeurs_repetees;10000;7;merge_sort;81938536;3900297471;0.001275500000
valeurs_repetees;10000;7;heap_sort;81938536;3900297471;0.001317500000
valeurs_repetees;10000;8;selection_sort;2422180741;2093224722;0.273138400000
valeurs_repetees;10000;8;bubble_sort;2422180741;2093224722;0.288851600000
valeurs_repetees;10000;8;insertion_sort;2422180741;2093224722;0.048394900000
valeurs_repetees;10000;8;quick_sort_input_order;2422180741;2093224722;0.011037100000
valeurs_repetees;10000;8;merge_sort;2422180741;2093224722;0.001265200000
valeurs_repetees;10000;8;heap_sort;2422180741;2093224722;0.001300500000
valeurs_repetees;10000;9;selection_sort;4063476345;514335470;0.279088200000
valeurs_repetees;10000;9;bubble_sort;4063476345;514335470;0.297135400000
valeurs_repetees;10000;9;insertion_sort;4063476345;514335470;0.049727300000
valeurs_repetees;10000;9;quick_sort_input_order;4063476345;514335470;0.011038100000
valeurs_repetees;10000;9;merge_sort;4063476345;514335470;0.001403000000
valeurs_repetees;10000;9;heap_sort;4063476345;514335470;0.001673300000
valeurs_repetees;10000;10;selection_sort;4225709747;390376996;0.273256600000
valeurs_repetees;10000;10;bubble_sort;4225709747;390376996;0.300480300000
valeurs_repetees;10000;10;insertion_sort;4225709747;390376996;0.046596900000
valeurs_repetees;10000;10;quick_sort_input_order;4225709747;390376996;0.011029100000
valeurs_repetees;10000;10;merge_sort;4225709747;390376996;0.001378900000
valeurs_repetees;10000;10;heap_sort;4225709747;390376996;0.001600900000
valeurs_repetees;10000;11;selection_sort;3915605768;100204447;0.275648900000
valeurs_repetees;10000;11;bubble_sort;3915605768;100204447;0.313251400000
valeurs_repetees;10000;11;insertion_sort;3915605768;100204447;0.048605200000
valeurs_repetees;10000;11;quick_sort_input_order;3915605768;100204447;0.012768000000
valeurs_repetees;10000;11;merge_sort;3915605768;100204447;0.001277600000
valeurs_repetees;10000;11;heap_sort;3915605768;100204447;0.001321700000
valeurs_repetees;10000;12;selection_sort;3743583606;867767777;0.277229000000
valeurs_repetees;10000;12;bubble_sort;3743583606;867767777;0.312235000000
valeurs_repetees;10000;12;insertion_sort;3743583606;867767777;0.062040200000
valeurs_repetees;10000;12;quick_sort_input_order;3743583606;867767777;0.019723800000
valeurs_repetees;10000;12;merge_sort;3743583606;867767777;0.001727400000
valeurs_repetees;10000;12;heap_sort;3743583606;867767777;0.001884900000
valeurs_repetees;10000;13;selection_sort;3882490414;200377017;0.275803400000
valeurs_repetees;10000;13;bubble_sort;3882490414;200377017;0.289804000000
valeurs_repetees;10000;13;insertion_sort;3882490414;200377017;0.048688100000
valeurs_repetees;10000;13;quick_sort_input_order;3882490414;200377017;0.011033600000
valeurs_repetees;10000;13;merge_sort;3882490414;200377017;0.001389300000
valeurs_repetees;10000;13;heap_sort;3882490414;200377017;0.001321600000
valeurs_repetees;10000;14;selection_sort;3922389463;89223488;0.276919400000
valeurs_repetees;10000;14;bubble_sort;3922389463;89223488;0.345702300000
valeurs_repetees;10000;14;insertion_sort;3922389463;89223488;0.060824000000
valeurs_repetees;10000;14;quick_sort_input_order;3922389463;89223488;0.013315700000
valeurs_repetees;10000;14;merge_sort;3922389463;89223488;0.001271800000
valeurs_repetees;10000;14;heap_sort;3922389463;89223488;0.001320100000
valeurs_repetees;10000;15;selection_sort;3930915915;114728156;0.284317100000
valeurs_repetees;10000;15;bubble_sort;3930915915;114728156;0.353009300000
valeurs_repetees;10000;15;insertion_sort;3930915915;114728156;0.064804400000
valeurs_repetees;10000;15;quick_sort_input_order;3930915915;114728156;0.019801300000
valeurs_repetees;10000;15;merge_sort;3930915915;114728156;0.001281100000
valeurs_repetees;10000;15;heap_sort;3930915915;114728156;0.001311100000
valeurs_repetees;10000;16;selection_sort;3231837709;742028954;0.276384600000
valeurs_repetees;10000;16;bubble_sort;3231837709;742028954;0.358802300000
valeurs_repetees;10000;16;insertion_sort;3231837709;742028954;0.059900500000
valeurs_repetees;10000;16;quick_sort_input_order;3231837709;742028954;0.022410400000
valeurs_repetees;10000;16;merge_sort;3231837709;742028954;0.001817700000
valeurs_repetees;10000;16;heap_sort;3231837709;742028954;0.001994600000
valeurs_repetees;10000;17;selection_sort;4256495854;288317561;0.305716900000
valeurs_repetees;10000;17;bubble_sort;4256495854;288317561;0.391834700000
valeurs_repetees;10000;17;insertion_sort;4256495854;288317561;0.084923000000
valeurs_repetees;10000;17;quick_sort_input_order;4256495854;288317561;0.016079200000
valeurs_repetees;10000;17;merge_sort;4256495854;288317561;0.001995200000
valeurs_repetees;10000;17;heap_sort;4256495854;288317561;0.002060000000
valeurs_repetees;10000;18;selection_sort;75075028;3907130691;0.286192300000
valeurs_repetees;10000;18;bubble_sort;75075028;3907130691;0.360195900000
valeurs_repetees;10000;18;insertion_sort;75075028;3907130691;0.071657000000
valeurs_repetees;10000;18;quick_sort_input_order;75075028;3907130691;0.014257700000
valeurs_repetees;10000;18;merge_sort;75075028;3907130691;0.001996600000
valeurs_repetees;10000;18;heap_sort;75075028;3907130691;0.002089400000
valeurs_repetees;10000;19;selection_sort;2934333549;1115551994;0.279596300000
valeurs_repetees;10000;19;bubble_sort;2934333549;1115551994;0.345464900000
valeurs_repetees;10000;19;insertion_sort;2934333549;1115551994;0.076747500000
valeurs_repetees;10000;19;quick_sort_input_order;2934333549;1115551994;0.024292100000
valeurs_repetees;10000;19;merge_sort;2934333549;1115551994;0.001812900000
valeurs_repetees;10000;19;heap_sort;2934333549;1115551994;0.001986000000
valeurs_repetees;10000;20;selection_sort;396399713;4214951158;0.280945000000
valeurs_repetees;10000;20;bubble_sort;396399713;4214951158;0.341683900000
valeurs_repetees;10000;20;insertion_sort;396399713;4214951158;0.064430100000
valeurs_repetees;10000;20;quick_sort_input_order;396399713;4214951158;0.025312700000
valeurs_repetees;10000;20;merge_sort;396399713;4214951158;0.001807000000
valeurs_repetees;10000;20;heap_sort;396399713;4214951158;0.002038900000
valeurs_repetees;20000;1;selection_sort;3196755476;1376847491;1.225049000000
valeurs_repetees;20000;1;bubble_sort;3196755476;1376847491;1.652629800000
valeurs_repetees;20000;1;insertion_sort;3196755476;1376847491;0.263472000000
valeurs_repetees;20000;1;quick_sort_input_order;3196755476;1376847491;0.054632400000
valeurs_repetees;20000;1;merge_sort;3196755476;1376847491;0.003869300000
valeurs_repetees;20000;1;heap_sort;3196755476;1376847491;0.004078600000
valeurs_repetees;20000;2;selection_sort;882836133;3624180274;1.192405000000
valeurs_repetees;20000;2;bubble_sort;882836133;3624180274;1.503670200000
valeurs_repetees;20000;2;insertion_sort;882836133;3624180274;0.192629400000
valeurs_repetees;20000;2;quick_sort_input_order;882836133;3624180274;0.048228800000
valeurs_repetees;20000;2;merge_sort;882836133;3624180274;0.002598200000
valeurs_repetees;20000;2;heap_sort;882836133;3624180274;0.002745000000
valeurs_repetees;20000;3;selection_sort;2806276865;1272970134;1.099251200000
valeurs_repetees;20000;3;bubble_sort;2806276865;1272970134;1.566436400000
valeurs_repetees;20000;3;insertion_sort;2806276865;1272970134;0.202390100000
valeurs_repetees;20000;3;quick_sort_input_order;2806276865;1272970134;0.046877100000
valeurs_repetees;20000;3;merge_sort;2806276865;1272970134;0.002787300000
valeurs_repetees;20000;3;heap_sort;2806276865;1272970134;0.002683800000
valeurs_repetees;20000;4;selection_sort;547666887;3426689872;1.088520700000
valeurs_repetees;20000;4;bubble_sort;547666887;3426689872;1.395256300000
valeurs_repetees;20000;4;insertion_sort;547666887;3426689872;0.162842700000
valeurs_repetees;20000;4;quick_sort_input_order;547666887;3426689872;0.045417300000
valeurs_repetees;20000;4;merge_sort;547666887;3426689872;0.002421500000
valeurs_repetees;20000;4;heap_sort;547666887;3426689872;0.002403400000
valeurs_repetees;20000;5;selection_sort;2506417500;2046787019;1.064483400000
valeurs_repetees;20000;5;bubble_sort;2506417500;2046787019;0.970771500000
valeurs_repetees;20000;5;insertion_sort;2506417500;2046787019;0.126928600000
valeurs_repetees;20000;5;quick_sort_input_order;2506417500;2046787019;0.027404900000
valeurs_repetees;20000;5;merge_sort;2506417500;2046787019;0.001964400000
valeurs_repetees;20000;5;heap_sort;2506417500;2046787019;0.001907300000
valeurs_repetees;20000;6;selection_sort;118651054;3951681593;0.698762000000
valeurs_repetees;20000;6;bubble_sort;118651054;3951681593;1.179530200000
valeurs_repetees;20000;6;insertion_sort;118651054;3951681593;0.132800100000
valeurs_repetees;20000;6;quick_sort_input_order;118651054;3951681593;0.033542300000
valeurs_repetees;20000;6;merge_sort;118651054;3951681593;0.001672400000
valeurs_repetees;20000;6;heap_sort;118651054;3951681593;0.002483700000
valeurs_repetees;20000;7;selection_sort;2624457454;1895142009;0.707770800000
valeurs_repetees;20000;7;bubble_sort;2624457454;1895142009;1.052693500000
valeurs_repetees;20000;7;insertion_sort;2624457454;1895142009;0.244849300000
valeurs_repetees;20000;7;quick_sort_input_order;2624457454;1895142009;0.044212600000
valeurs_repetees;20000;7;merge_sort;2624457454;1895142009;0.002664100000
valeurs_repetees;20000;7;heap_sort;2624457454;1895142009;0.002669900000
valeurs_repetees;20000;8;selection_sort;148097283;3829944724;0.922992500000
valeurs_repetees;20000;8;bubble_sort;148097283;3829944724;1.325422900000
valeurs_repetees;20000;8;insertion_sort;148097283;3829944724;0.185709500000
valeurs_repetees;20000;8;quick_sort_input_order;148097283;3829944724;0.047070000000
valeurs_repetees;20000;8;merge_sort;148097283;3829944724;0.002600600000
valeurs_repetees;20000;8;heap_sort;148097283;3829944724;0.002749100000
valeurs_repetees;20000;9;selection_sort;1790966015;2250530920;1.026569200000
valeurs_repetees;20000;9;bubble_sort;1790966015;2250530920;1.241535200000
valeurs_repetees;20000;9;insertion_sort;1790966015;2250530920;0.190458800000
valeurs_repetees;20000;9;quick_sort_input_order;1790966015;2250530920;0.044255300000
valeurs_repetees;20000;9;merge_sort;1790966015;2250530920;0.002742100000
valeurs_repetees;20000;9;heap_sort;1790966015;2250530920;0.002690300000
valeurs_repetees;20000;10;selection_sort;1666413621;2412309666;0.925278100000
valeurs_repetees;20000;10;bubble_sort;1666413621;2412309666;1.182541000000
valeurs_repetees;20000;10;insertion_sort;1666413621;2412309666;0.159795500000
valeurs_repetees;20000;10;quick_sort_input_order;1666413621;2412309666;0.045075200000
valeurs_repetees;20000;10;merge_sort;1666413621;2412309666;0.002982700000
valeurs_repetees;20000;10;heap_sort;1666413621;2412309666;0.002812700000
valeurs_repetees;20000;11;selection_sort;1911498126;2641673497;1.073676300000
valeurs_repetees;20000;11;bubble_sort;1911498126;2641673497;1.141217400000
valeurs_repetees;20000;11;insertion_sort;1911498126;2641673497;0.180623400000
valeurs_repetees;20000;11;quick_sort_input_order;1911498126;2641673497;0.053940800000
valeurs_repetees;20000;11;merge_sort;1911498126;2641673497;0.002343200000
valeurs_repetees;20000;11;heap_sort;1911498126;2641673497;0.002695200000
valeurs_repetees;20000;12;selection_sort;1202638832;2872399719;0.947283800000
valeurs_repetees;20000;12;bubble_sort;1202638832;2872399719;1.139124900000
valeurs_repetees;20000;12;insertion_sort;1202638832;2872399719;0.186445600000
valeurs_repetees;20000;12;quick_sort_input_order;1202638832;2872399719;0.032071600000
valeurs_repetees;20000;12;merge_sort;1202638832;2872399719;0.001384400000
valeurs_repetees;20000;12;heap_sort;1202638832;2872399719;0.001425900000
valeurs_repetees;20000;13;selection_sort;2145802408;2474491967;0.964709500000
valeurs_repetees;20000;13;bubble_sort;2145802408;2474491967;1.172668900000
valeurs_repetees;20000;13;insertion_sort;2145802408;2474491967;0.192321700000
valeurs_repetees;20000;13;quick_sort_input_order;2145802408;2474491967;0.043776400000
valeurs_repetees;20000;13;merge_sort;2145802408;2474491967;0.003197700000
valeurs_repetees;20000;13;heap_sort;2145802408;2474491967;0.002972300000
valeurs_repetees;20000;14;selection_sort;1900456785;2648519622;1.016751100000
valeurs_repetees;20000;14;bubble_sort;1900456785;2648519622;1.281723900000
valeurs_repetees;20000;14;insertion_sort;1900456785;2648519622;0.118443100000
valeurs_repetees;20000;14;quick_sort_input_order;1900456785;2648519622;0.032166000000
valeurs_repetees;20000;14;merge_sort;1900456785;2648519622;0.002424700000
valeurs_repetees;20000;14;heap_sort;1900456785;2648519622;0.002478200000
valeurs_repetees;20000;15;selection_sort;1925269197;2656755290;0.813527900000
valeurs_repetees;20000;15;bubble_sort;1925269197;2656755290;1.201670700000
valeurs_repetees;20000;15;insertion_sort;1925269197;2656755290;0.107327100000
valeurs_repetees;20000;15;quick_sort_input_order;1925269197;2656755290;0.030566600000
valeurs_repetees;20000;15;merge_sort;1925269197;2656755290;0.002542800000
valeurs_repetees;20000;15;heap_sort;1925269197;2656755290;0.002165500000
valeurs_repetees;20000;16;selection_sort;1479388299;3031839772;0.887429500000
valeurs_repetees;20000;16;bubble_sort;1479388299;3031839772;1.143148800000
valeurs_repetees;20000;16;insertion_sort;1479388299;3031839772;0.178794200000
valeurs_repetees;20000;16;quick_sort_input_order;1479388299;3031839772;0.041034200000
valeurs_repetees;20000;16;merge_sort;1479388299;3031839772;0.002591300000
valeurs_repetees;20000;16;heap_sort;1479388299;3031839772;0.002657700000
valeurs_repetees;20000;17;selection_sort;1698216552;2309169919;0.979934700000
valeurs_repetees;20000;17;bubble_sort;1698216552;2309169919;1.134259500000
valeurs_repetees;20000;17;insertion_sort;1698216552;2309169919;0.187174200000
valeurs_repetees;20000;17;quick_sort_input_order;1698216552;2309169919;0.044012100000
valeurs_repetees;20000;17;merge_sort;1698216552;2309169919;0.003480100000
valeurs_repetees;20000;17;heap_sort;1698216552;2309169919;0.003040100000
valeurs_repetees;20000;18;selection_sort;2633355090;1886279621;0.869582600000
valeurs_repetees;20000;18;bubble_sort;2633355090;1886279621;1.153266500000
valeurs_repetees;20000;18;insertion_sort;2633355090;1886279621;0.196707100000
valeurs_repetees;20000;18;quick_sort_input_order;2633355090;1886279621;0.049576200000
valeurs_repetees;20000;18;merge_sort;2633355090;1886279621;0.002056500000
valeurs_repetees;20000;18;heap_sort;2633355090;1886279621;0.002099000000
valeurs_repetees;20000;19;selection_sort;912925419;3673275004;0.985359100000
valeurs_repetees;20000;19;bubble_sort;912925419;3673275004;1.316998400000
valeurs_repetees;20000;19;insertion_sort;912925419;3673275004;0.178126900000
valeurs_repetees;20000;19;quick_sort_input_order;912925419;3673275004;0.049420700000
valeurs_repetees;20000;19;merge_sort;912925419;3673275004;0.001936900000
valeurs_repetees;20000;19;heap_sort;912925419;3673275004;0.001998800000
valeurs_repetees;20000;20;selection_sort;2402080487;1672957552;1.001460800000
valeurs_repetees;20000;20;bubble_sort;2402080487;1672957552;1.297299800000
valeurs_repetees;20000;20;insertion_sort;2402080487;1672957552;0.153663600000
valeurs_repetees;20000;20;quick_sort_input_order;2402080487;1672957552;0.038724600000
valeurs_repetees;20000;20;merge_sort;2402080487;1672957552;0.002154600000
valeurs_repetees;20000;20;heap_sort;2402080487;1672957552;0.002296600000
valeurs_repetees;50000;1;merge_sort;2432634408;2086966975;0.005633400000
valeurs_repetees;50000;1;heap_sort;2432634408;2086966975;0.005935800000
valeurs_repetees;50000;2;merge_sort;451580569;4134603278;0.005671100000
valeurs_repetees;50000;2;heap_sort;451580569;4134603278;0.005666000000
valeurs_repetees;50000;3;merge_sort;2301752125;1705667498;0.006023000000
valeurs_repetees;50000;3;heap_sort;2301752125;1705667498;0.005851100000
valeurs_repetees;50000;4;merge_sort;248589307;3796546412;0.005570200000
valeurs_repetees;50000;4;heap_sort;248589307;3796546412;0.005899600000
valeurs_repetees;50000;5;merge_sort;3138483552;1468722679;0.005528900000
valeurs_repetees;50000;5;heap_sort;3138483552;1468722679;0.005689500000
valeurs_repetees;50000;6;merge_sort;694675602;3321655301;0.006764700000
valeurs_repetees;50000;6;heap_sort;694675602;3321655301;0.005709300000
valeurs_repetees;50000;7;merge_sort;2988153554;1585447493;0.005738900000
valeurs_repetees;50000;7;heap_sort;2988153554;1585447493;0.006819500000
valeurs_repetees;50000;8;merge_sort;648436031;3393044904;0.006662000000
valeurs_repetees;50000;8;heap_sort;648436031;3393044904;0.008063800000
valeurs_repetees;50000;9;merge_sort;1154115779;2823942228;0.006738000000
valeurs_repetees;50000;9;heap_sort;1154115779;2823942228;0.007161500000
valeurs_repetees;50000;10;merge_sort;1294394377;2713549982;0.006665400000
valeurs_repetees;50000;10;heap_sort;1294394377;2713549982;0.007041500000
valeurs_repetees;50000;11;merge_sort;1603974578;3003198757;0.007332900000
valeurs_repetees;50000;11;heap_sort;1603974578;3003198757;0.006975700000
valeurs_repetees;50000;12;merge_sort;1775984588;2235615067;0.006777700000
valeurs_repetees;50000;12;heap_sort;1775984588;2235615067;0.006852800000
valeurs_repetees;50000;13;merge_sort;1368639636;3171438595;0.007544700000
valeurs_repetees;50000;13;heap_sort;1368639636;3171438595;0.006948500000
valeurs_repetees;50000;14;merge_sort;1597193069;3014173690;0.007792100000
valeurs_repetees;50000;14;heap_sort;1597193069;3014173690;0.008419000000
valeurs_repetees;50000;15;merge_sort;1555355377;2955890278;0.007298300000
valeurs_repetees;50000;15;heap_sort;1555355377;2955890278;0.007438700000
valeurs_repetees;50000;16;merge_sort;1985494199;2596512800;0.006870500000
valeurs_repetees;50000;16;heap_sort;1985494199;2596512800;0.006994200000
valeurs_repetees;50000;17;merge_sort;1263348308;2815865539;0.006716000000
valeurs_repetees;50000;17;heap_sort;1263348308;2815865539;0.007646600000
valeurs_repetees;50000;18;merge_sort;2994757486;1578878969;0.006712800000
valeurs_repetees;50000;18;heap_sort;2994757486;1578878969;0.008169200000
valeurs_repetees;50000;19;merge_sort;404730583;4102302272;0.006668400000
valeurs_repetees;50000;19;heap_sort;404730583;4102302272;0.007447400000
valeurs_repetees;50000;20;merge_sort;2706982619;1304616524;0.007206100000
valeurs_repetees;50000;20;heap_sort;2706982619;1304616524;0.006959800000
valeurs_repetees;100000;1;merge_sort;3546921824;1072833527;0.013800900000
valeurs_repetees;100000;1;heap_sort;3546921824;1072833527;0.014452800000
valeurs_repetees;100000;2;merge_sort;1501308881;3051863878;0.013724400000
valeurs_repetees;100000;2;heap_sort;1501308881;3051863878;0.014628800000
valeurs_repetees;100000;3;merge_sort;3399960181;641523426;0.011861900000
valeurs_repetees;100000;3;heap_sort;3399960181;641523426;0.009461200000
valeurs_repetees;100000;4;merge_sort;1296539315;2715551268;0.010149300000
valeurs_repetees;100000;4;heap_sort;1296539315;2715551268;0.012726000000
valeurs_repetees;100000;5;merge_sort;4169646120;337402047;0.012671900000
valeurs_repetees;100000;5;heap_sort;4169646120;337402047;0.012865100000
valeurs_repetees;100000;6;merge_sort;1794203098;2255144269;0.012097800000
valeurs_repetees;100000;6;heap_sort;1794203098;2255144269;0.013254500000
valeurs_repetees;100000;7;merge_sort;4052561818;488027917;0.012805300000
valeurs_repetees;100000;7;heap_sort;4052561818;488027917;0.014835900000
valeurs_repetees;100000;8;merge_sort;1697705079;2309715168;0.014104600000
valeurs_repetees;100000;8;heap_sort;1697705079;2309715168;0.014124600000
valeurs_repetees;100000;9;merge_sort;123526539;3955705116;0.014848900000
valeurs_repetees;100000;9;heap_sort;123526539;3955705116;0.013976200000
valeurs_repetees;100000;10;merge_sort;246436161;3794520534;0.013363200000
valeurs_repetees;100000;10;heap_sort;246436161;3794520534;0.016766700000
valeurs_repetees;100000;11;merge_sort;470548730;4036466797;0.017627900000
valeurs_repetees;100000;11;heap_sort;470548730;4036466797;0.014918200000
valeurs_repetees;100000;12;merge_sort;709749380;3335942675;0.018351500000
valeurs_repetees;100000;12;heap_sort;709749380;3335942675;0.014930400000
valeurs_repetees;100000;13;merge_sort;302349788;4271826251;0.015316800000
valeurs_repetees;100000;13;heap_sort;302349788;4271826251;0.019371100000
valeurs_repetees;100000;14;merge_sort;480611877;4030600882;0.011714800000
valeurs_repetees;100000;14;heap_sort;480611877;4030600882;0.010982700000
valeurs_repetees;100000;15;merge_sort;522347449;4089051950;0.009154200000
valeurs_repetees;100000;15;heap_sort;522347449;4089051950;0.010655200000
valeurs_repetees;100000;16;merge_sort;902728191;3646230888;0.009635000000
valeurs_repetees;100000;16;heap_sort;902728191;3646230888;0.009121500000
valeurs_repetees;100000;17;merge_sort;148610844;3829401483;0.009897200000
valeurs_repetees;100000;17;heap_sort;148610844;3829401483;0.008730900000
valeurs_repetees;100000;18;merge_sort;4044810790;495809201;0.009328900000
valeurs_repetees;100000;18;heap_sort;4044810790;495809201;0.007937900000
valeurs_repetees;100000;19;merge_sort;1535707039;3071450888;0.009335300000
valeurs_repetees;100000;19;heap_sort;1535707039;3071450888;0.008058100000
valeurs_repetees;100000;20;merge_sort;3805279123;240413444;0.011332900000
valeurs_repetees;100000;20;heap_sort;3805279123;240413444;0.011799100000
valeurs_repetees;500000;1;merge_sort;977257295;3601095640;0.054297000000
valeurs_repetees;500000;1;heap_sort;977257295;3601095640;0.046664100000
valeurs_repetees;500000;2;merge_sort;2955567102;1555154793;0.045663200000
valeurs_repetees;500000;2;heap_sort;2955567102;1555154793;0.061740600000
valeurs_repetees;500000;3;merge_sort;603012698;3479873229;0.050032600000
valeurs_repetees;500000;3;heap_sort;603012698;3479873229;0.053290600000
valeurs_repetees;500000;4;merge_sort;2752636572;1217035787;0.053593100000
valeurs_repetees;500000;4;heap_sort;2752636572;1217035787;0.050088400000
valeurs_repetees;500000;5;merge_sort;298956807;4249493648;0.049628700000
valeurs_repetees;500000;5;heap_sort;298956807;4249493648;0.049936500000
valeurs_repetees;500000;6;merge_sort;2208769525;1866251618;0.048256400000
valeurs_repetees;500000;6;heap_sort;2208769525;1866251618;0.049027100000
valeurs_repetees;500000;7;merge_sort;417028021;4097888034;0.046983300000
valeurs_repetees;500000;7;heap_sort;417028021;4097888034;0.049776600000
valeurs_repetees;500000;8;merge_sort;2355532888;1627196623;0.050344100000
valeurs_repetees;500000;8;heap_sort;2355532888;1627196623;0.052799900000
valeurs_repetees;500000;9;merge_sort;3993675172;43072819;0.046755700000
valeurs_repetees;500000;9;heap_sort;3993675172;43072819;0.048983100000
valeurs_repetees;500000;10;merge_sort;3890620782;192786937;0.048073000000
valeurs_repetees;500000;10;heap_sort;3890620782;192786937;0.048058200000
valeurs_repetees;500000;11;merge_sort;4116347093;432136258;0.047555500000
valeurs_repetees;500000;11;heap_sort;4116347093;432136258;0.047580800000
valeurs_repetees;500000;12;merge_sort;3273364139;796920380;0.050649100000
valeurs_repetees;500000;12;heap_sort;3273364139;796920380;0.055115500000
valeurs_repetees;500000;13;merge_sort;4216522227;399023460;0.047468300000
valeurs_repetees;500000;13;heap_sort;4216522227;399023460;0.049419100000
valeurs_repetees;500000;14;merge_sort;4126406154;426274461;0.050024300000
valeurs_repetees;500000;14;heap_sort;4126406154;426274461;0.048310300000
valeurs_repetees;500000;15;merge_sort;4134804374;451904257;0.045282800000
valeurs_repetees;500000;15;heap_sort;4134804374;451904257;0.046965900000
valeurs_repetees;500000;16;merge_sort;3701010896;805529927;0.045482400000
valeurs_repetees;500000;16;heap_sort;3701010896;805529927;0.047145600000
valeurs_repetees;500000;17;merge_sort;3784173363;219578276;0.046037000000
valeurs_repetees;500000;17;heap_sort;3784173363;219578276;0.047023000000
valeurs_repetees;500000;18;merge_sort;406884873;4107995806;0.049363500000
valeurs_repetees;500000;18;heap_sort;406884873;4107995806;0.045325300000
valeurs_repetees;500000;19;merge_sort;3000991664;1581573927;0.045949500000
valeurs_repetees;500000;19;heap_sort;3000991664;1581573927;0.046318300000
valeurs_repetees;500000;20;merge_sort;194612156;3875672875;0.050066400000
valeurs_repetees;500000;20;heap_sort;194612156;3875672875;0.046163700000
valeurs_repetees;1000000;1;merge_sort;2263359887;1785968920;0.094246900000
valeurs_repetees;1000000;1;heap_sort;2263359887;1785968920;0.119526100000
valeurs_repetees;1000000;2;merge_sort;217955646;3764790697;0.132311600000
valeurs_repetees;1000000;2;heap_sort;217955646;3764790697;0.163557600000
valeurs_repetees;1000000;3;merge_sort;2670124186;1941783565;0.115304300000
valeurs_repetees;1000000;3;heap_sort;2670124186;1941783565;0.128963400000
valeurs_repetees;1000000;4;merge_sort;415630428;4099775691;0.117825300000
valeurs_repetees;1000000;4;heap_sort;415630428;4099775691;0.104822500000
valeurs_repetees;1000000;5;merge_sort;2902874823;1100857936;0.101380900000
valeurs_repetees;1000000;5;heap_sort;2902874823;1100857936;0.104181000000
valeurs_repetees;1000000;6;merge_sort;1064355637;3555418018;0.096574200000
valeurs_repetees;1000000;6;heap_sort;1064355637;3555418018;0.096005900000
valeurs_repetees;1000000;7;merge_sort;2752296309;1217867234;0.092758900000
valeurs_repetees;1000000;7;heap_sort;2752296309;1217867234;0.098678200000
valeurs_repetees;1000000;8;merge_sort;816936600;3693800975;0.098900100000
valeurs_repetees;1000000;8;heap_sort;816936600;3693800975;0.109494600000
valeurs_repetees;1000000;9;merge_sort;1390233444;3192315891;0.097468100000
valeurs_repetees;1000000;9;heap_sort;1390233444;3192315891;0.102347800000
valeurs_repetees;1000000;10;merge_sort;1529990062;3081392953;0.092465300000
valeurs_repetees;1000000;10;heap_sort;1529990062;3081392953;0.094163100000
valeurs_repetees;1000000;11;merge_sort;1234016789;2769683074;0.094398200000
valeurs_repetees;1000000;11;heap_sort;1234016789;2769683074;0.094429700000
valeurs_repetees;1000000;12;merge_sort;2144104555;2472012028;0.094124100000
valeurs_repetees;1000000;12;heap_sort;2144104555;2472012028;0.097562400000
valeurs_repetees;1000000;13;merge_sort;1199892275;2870968228;0.093052200000
valeurs_repetees;1000000;13;heap_sort;1199892275;2870968228;0.099205400000
valeurs_repetees;1000000;14;merge_sort;1227101386;2780793949;0.092771500000
valeurs_repetees;1000000;14;heap_sort;1227101386;2780793949;0.095379600000
valeurs_repetees;1000000;15;merge_sort;1252260182;2788712897;0.094623700000
valeurs_repetees;1000000;15;heap_sort;1252260182;2788712897;0.101482500000
valeurs_repetees;1000000;16;merge_sort;1615794960;2362739591;0.093197100000
valeurs_repetees;1000000;16;heap_sort;1615794960;2362739591;0.134601400000
valeurs_repetees;1000000;17;merge_sort;1566180851;2982255972;0.163214600000
valeurs_repetees;1000000;17;heap_sort;1566180851;2982255972;0.125419200000
valeurs_repetees;1000000;18;merge_sort;2761388233;1208805470;0.142023700000
valeurs_repetees;1000000;18;heap_sort;2761388233;1208805470;0.125870000000
valeurs_repetees;1000000;19;merge_sort;235445616;3801286119;0.118084400000
valeurs_repetees;1000000;19;heap_sort;235445616;3801286119;0.150809900000
valeurs_repetees;1000000;20;merge_sort;3075369340;1540747755;0.120009400000
valeurs_repetees;1000000;20;heap_sort;3075369340;1540747755;0.195103100000
quick_equilibre;100;1;quick_sort_input_order;3978041158;25661393;0.000003400000
quick_equilibre;100;2;quick_sort_input_order;1728678903;2341606240;0.000001900000
quick_equilibre;100;3;quick_sort_input_order;4107463251;407466692;0.000001600000
quick_equilibre;100;4;quick_sort_input_order;1932669589;2678696450;0.000001500000
quick_equilibre;100;5;quick_sort_input_order;3337776142;711586969;0.000001500000
quick_equilibre;100;6;quick_sort_input_order;1417998844;3089066347;0.000001500000
quick_equilibre;100;7;quick_sort_input_order;3489170364;593697579;0.000001500000
quick_equilibre;100;8;quick_sort_input_order;1531265105;3084835014;0.000001500000
quick_equilibre;100;9;quick_sort_input_order;959017389;3585272122;0.000001400000
quick_equilibre;100;10;quick_sort_input_order;818281831;3697174000;0.000001500000
quick_equilibre;100;11;quick_sort_input_order;578399452;3470931019;0.000001500000
quick_equilibre;100;12;quick_sort_input_order;339232418;4171488821;0.000001500000
quick_equilibre;100;13;quick_sort_input_order;745591290;3236645229;0.000001500000
quick_equilibre;100;14;quick_sort_input_order;584065539;3461069460;0.000001500000
quick_equilibre;100;15;quick_sort_input_order;559402911;3452720904;0.000001500000
quick_equilibre;100;16;quick_sort_input_order;196814297;3877682510;0.000001400000
quick_equilibre;100;17;quick_sort_input_order;917386042;3660950445;0.000001500000
quick_equilibre;100;18;quick_sort_input_order;3479389696;603512471;0.000001500000
quick_equilibre;100;19;quick_sort_input_order;1711057849;2305241902;0.000001400000
quick_equilibre;100;20;quick_sort_input_order;3703201717;807520034;0.000001500000
quick_equilibre;500;1;quick_sort_input_order;2481702667;2138070940;0.000011100000
quick_equilibre;500;2;quick_sort_input_order;436100026;4117087021;0.000009600000
quick_equilibre;500;3;quick_sort_input_order;2317695518;1723769481;0.000009500000
quick_equilibre;500;4;quick_sort_input_order;231072472;3781065295;0.000009500000
quick_equilibre;500;5;quick_sort_input_order;3087383619;1419650260;0.000009500000
quick_equilibre;500;6;quick_sort_input_order;712188337;3337140518;0.000009600000
quick_equilibre;500;7;quick_sort_input_order;2970571761;1570032486;0.000009500000
quick_equilibre;500;8;quick_sort_input_order;632459292;3374909579;0.000009400000
quick_equilibre;500;9;quick_sort_input_order;1205772768;2873440631;0.000009400000
quick_equilibre;500;10;quick_sort_input_order;1311911210;2729031101;0.000009400000
quick_equilibre;500;11;quick_sort_input_order;1552841873;2954224646;0.000009400000
quick_equilibre;500;12;quick_sort_input_order;1791989487;2253655672;0.000009400000
quick_equilibre;500;13;quick_sort_input_order;1384579511;3189545248;0.000009400000
quick_equilibre;500;14;quick_sort_input_order;1546121806;2965138137;0.000009500000
quick_equilibre;500;15;quick_sort_input_order;1604329426;3007022917;0.000009400000
quick_equilibre;500;16;quick_sort_input_order;1967977876;2581032195;0.000009400000
quick_equilibre;500;17;quick_sort_input_order;1213850487;2764209120;0.000009400000
quick_equilibre;500;18;quick_sort_input_order;2979305037;1561267930;0.000013700000
quick_equilibre;500;19;quick_sort_input_order;453737460;4153467747;0.000009400000
quick_equilibre;500;20;quick_sort_input_order;2722992120;1322653551;0.000009400000
quick_equilibre;1000;1;quick_sort_input_order;2322006619;1727830732;0.000020800000
quick_equilibre;1000;2;quick_sort_input_order;7511786;3974694525;0.000020700000
quick_equilibre;1000;3;quick_sort_input_order;2477391694;2134009817;0.000020700000
quick_equilibre;1000;4;quick_sort_input_order;340338568;4174561055;0.000020700000
quick_equilibre;1000;5;quick_sort_input_order;2710141203;1293083012;0.000020600000
quick_equilibre;1000;6;quick_sort_input_order;872408289;3747904630;0.000020600000
quick_equilibre;1000;7;quick_sort_input_order;2827196065;1142427190;0.000020700000
quick_equilibre;1000;8;quick_sort_input_order;1010718028;3500527067;0.000020700000
quick_equilibre;1000;9;quick_sort_input_order;1582458032;2999581735;0.000020600000
quick_equilibre;1000;10;quick_sort_input_order;1472129146;3139793133;0.000020700000
quick_equilibre;1000;11;quick_sort_input_order;1157806529;2845385046;0.000020700000
quick_equilibre;1000;12;quick_sort_input_order;1933792191;2681785128;0.000020600000
quick_equilibre;1000;13;quick_sort_input_order;1259062503;2811255920;0.000020600000
quick_equilibre;1000;14;quick_sort_input_order;1168848670;2838540169;0.000020700000
quick_equilibre;1000;15;quick_sort_input_order;1177344642;2864136725;0.000020700000
quick_equilibre;1000;16;quick_sort_input_order;1824534724;2153490515;0.000020700000
quick_equilibre;1000;17;quick_sort_input_order;1372923431;3176054448;0.000020700000
quick_equilibre;1000;18;quick_sort_input_order;2820166429;1149488010;0.000020700000
quick_equilibre;1000;19;quick_sort_input_order;42450596;3994822195;0.000020800000
quick_equilibre;1000;20;quick_sort_input_order;3150006952;1465569855;0.000020700000
quick_equilibre;5000;1;quick_sort_input_order;1599743226;3015818349;0.000130800000
quick_equilibre;5000;2;quick_sort_input_order;3578771531;970203356;0.000128700000
quick_equilibre;5000;3;quick_sort_input_order;1184160239;2853126520;0.000110700000
quick_equilibre;5000;4;quick_sort_input_order;3245605161;770677182;0.000107100000
quick_equilibre;5000;5;quick_sort_input_order;1957978034;2553268005;0.000107000000
quick_equilibre;5000;6;quick_sort_input_order;3871523392;173628119;0.000152300000
quick_equilibre;5000;7;quick_sort_input_order;2109648896;2435131543;0.000107000000
quick_equilibre;5000;8;quick_sort_input_order;3909317613;93907834;0.000148800000
quick_equilibre;5000;9;quick_sort_input_order;2339324433;1744099974;0.000108200000
quick_equilibre;5000;10;quick_sort_input_order;2189676251;1847088716;0.000107300000
quick_equilibre;5000;11;quick_sort_input_order;2420088672;2091124727;0.000107500000
quick_equilibre;5000;12;quick_sort_input_order;2793305374;1256582537;0.000107700000
quick_equilibre;5000;13;quick_sort_input_order;2654396998;1923971793;0.000130000000
quick_equilibre;5000;14;quick_sort_input_order;2425754047;2081261864;0.000107300000
quick_equilibre;5000;15;quick_sort_input_order;2467429411;2139776180;0.000107000000
quick_equilibre;5000;16;quick_sort_input_order;3120371301;1432784626;0.000117100000
quick_equilibre;5000;17;quick_sort_input_order;2229796998;1752406033;0.000095200000
quick_equilibre;5000;18;quick_sort_input_order;2099606972;2445208875;0.000095400000
quick_equilibre;5000;19;quick_sort_input_order;3619330053;992018578;0.000095300000
quick_equilibre;5000;20;quick_sort_input_order;1862036489;2187850910;0.000095200000
quick_equilibre;10000;1;quick_sort_input_order;320095673;4287618350;0.000237000000
quick_equilibre;10000;2;quick_sort_input_order;2567035144;1973043615;0.000240900000
quick_equilibre;10000;3;quick_sort_input_order;182106284;3863027771;0.000197900000
quick_equilibre;10000;4;quick_sort_input_order;2369413226;1638004989;0.000197800000
quick_equilibre;10000;5;quick_sort_input_order;955924209;3563169382;0.000197900000
quick_equilibre;10000;6;quick_sort_input_order;2861343491;1175927700;0.000247500000
quick_equilibre;10000;7;quick_sort_input_order;837865795;3714795988;0.000384600000
quick_equilibre;10000;8;quick_sort_input_order;2773291694;1238796857;0.000222200000
quick_equilibre;10000;9;quick_sort_input_order;3340837714;733658053;0.000222100000
quick_equilibre;10000;10;quick_sort_input_order;3469586328;576075535;0.000221800000
quick_equilibre;10000;11;quick_sort_input_order;3698458147;820668084;0.000221900000
quick_equilibre;10000;12;quick_sort_input_order;3929019485;111905994;0.000221700000
quick_equilibre;10000;13;quick_sort_input_order;3531113221;1055071122;0.000255700000
quick_equilibre;10000;14;quick_sort_input_order;3705172220;809756779;0.000251900000
quick_equilibre;10000;15;quick_sort_input_order;3747585376;868484599;0.000251900000
quick_equilibre;10000;16;quick_sort_input_order;4122179366;422113201;0.000255400000
quick_equilibre;10000;17;quick_sort_input_order;3366347205;608041298;0.000252000000
quick_equilibre;10000;18;quick_sort_input_order;829101311;3723529320;0.000251900000
quick_equilibre;10000;19;quick_sort_input_order;2616523078;2003788241;0.000267500000
quick_equilibre;10000;20;quick_sort_input_order;582094154;3458831837;0.000462400000
quick_equilibre;20000;1;quick_sort_input_order;2341996351;1728290728;0.000580000000
quick_equilibre;20000;2;quick_sort_input_order;26057614;3977642777;0.000540800000
quick_equilibre;20000;3;quick_sort_input_order;2455173674;2127389373;0.000540200000
quick_equilibre;20000;4;quick_sort_input_order;364258028;4180523643;0.000544100000
quick_equilibre;20000;5;quick_sort_input_order;2692119671;1290659040;0.000583600000
quick_equilibre;20000;6;quick_sort_input_order;838918533;3734731026;0.000637500000
quick_equilibre;20000;7;quick_sort_input_order;2843513797;1172769618;0.000625600000
quick_equilibre;20000;8;quick_sort_input_order;1036079144;3512387775;0.000626100000
quick_equilibre;20000;9;quick_sort_input_order;1605198292;3006724419;0.000747900000
quick_equilibre;20000;10;quick_sort_input_order;1447161118;3134879113;0.000749200000
quick_equilibre;20000;11;quick_sort_input_order;1157479589;2825266226;0.001245200000
quick_equilibre;20000;12;quick_sort_input_order;1924945627;2653408844;0.000749300000
quick_equilibre;20000;13;quick_sort_input_order;1257554307;2792315156;0.000788700000
quick_equilibre;20000;14;quick_sort_input_order;1146368634;2832181997;0.000747400000
quick_equilibre;20000;15;quick_sort_input_order;1205067750;2873640817;0.000750000000
quick_equilibre;20000;16;quick_sort_input_order;1832859040;2175053111;0.000748000000
quick_equilibre;20000;17;quick_sort_input_order;1344938819;3165764564;0.000743200000
quick_equilibre;20000;18;quick_sort_input_order;2850510457;1165807342;0.000742800000
quick_equilibre;20000;19;quick_sort_input_order;58244032;4024640343;0.000830100000
quick_equilibre;20000;20;quick_sort_input_order;3124645836;1453709147;0.000781500000
quick_equilibre;50000;1;quick_sort_input_order;2783811331;1232474004;0.002053100000
quick_equilibre;50000;2;quick_sort_input_order;804785074;3278082853;0.002407400000
quick_equilibre;50000;3;quick_sort_input_order;3156437526;1354297985;0.002630900000
quick_equilibre;50000;4;quick_sort_input_order;1002681040;3612879431;0.002238400000
quick_equilibre;50000;5;quick_sort_input_order;2382621771;1654158556;0.002334600000
quick_equilibre;50000;6;quick_sort_input_order;477458873;4042189102;0.002232000000
quick_equilibre;50000;7;quick_sort_input_order;2265515001;1804770158;0.002972100000
quick_equilibre;50000;8;quick_sort_input_order;330612756;4281292931;0.002597700000
quick_equilibre;50000;9;quick_sort_input_order;1910043112;2638440831;0.003579300000
quick_equilibre;50000;10;quick_sort_input_order;2016705826;2494555573;0.003995500000
quick_equilibre;50000;11;quick_sort_input_order;1787309209;2249438222;0.002191200000
quick_equilibre;50000;12;quick_sort_input_order;1556727527;2958188144;0.002190500000
quick_equilibre;50000;13;quick_sort_input_order;1686196671;2283456808;0.003495100000
quick_equilibre;50000;14;quick_sort_input_order;1780589126;2260351697;0.002685000000
quick_equilibre;50000;15;quick_sort_input_order;1772507098;2235422541;0.002191700000
quick_equilibre;50000;16;quick_sort_input_order;1128965532;2949725451;0.001863900000
quick_equilibre;50000;17;quick_sort_input_order;2120201087;2462329832;0.001727600000
quick_equilibre;50000;18;quick_sort_input_order;2274543173;1795776210;0.001933000000
quick_equilibre;50000;19;quick_sort_input_order;755837948;3247879019;0.002279300000
quick_equilibre;50000;20;quick_sort_input_order;2488000496;2026915687;0.002065000000
quick_equilibre;100000;1;quick_sort_input_order;3866829387;182500060;0.004421200000
quick_equilibre;100000;2;quick_sort_input_order;1819197178;2163549805;0.005414400000
quick_equilibre;100000;3;quick_sort_input_order;4290109278;321800137;0.004386300000
quick_equilibre;100000;4;quick_sort_input_order;2018838424;2496569103;0.004359500000
quick_equilibre;100000;5;quick_sort_input_order;3449116931;554615188;0.004663200000
quick_equilibre;100000;6;quick_sort_input_order;1608762609;3011009638;0.004834300000
quick_equilibre;100000;7;quick_sort_input_order;3298801329;671362598;0.006437600000
quick_equilibre;100000;8;quick_sort_input_order;1344435548;3166301643;0.004744800000
quick_equilibre;100000;9;quick_sort_input_order;843990176;3738557495;0.004670900000
quick_equilibre;100000;10;quick_sort_input_order;1000523882;3610857725;0.007584800000
quick_equilibre;100000;11;quick_sort_input_order;689871313;3313828166;0.003598500000
quick_equilibre;100000;12;quick_sort_input_order;526349231;4089768760;0.003267600000
quick_equilibre;100000;13;quick_sort_input_order;655877367;3414981728;0.003433300000
quick_equilibre;100000;14;quick_sort_input_order;699864846;3308031897;0.003324800000
quick_equilibre;100000;15;quick_sort_input_order;707852946;3333120517;0.003880800000
quick_equilibre;100000;16;quick_sort_input_order;14422228;3964110915;0.003896800000
quick_equilibre;100000;17;quick_sort_input_order;1036584503;3511852704;0.003904900000
quick_equilibre;100000;18;quick_sort_input_order;3288625933;681569178;0.003959700000
quick_equilibre;100000;19;quick_sort_input_order;1855692468;2181039651;0.004731700000
quick_equilibre;100000;20;quick_sort_input_order;3621612216;994505263;0.004650100000
quick_equilibre;500000;1;quick_sort_input_order;254630500;3820405491;0.029797100000
quick_equilibre;500000;2;quick_sort_input_order;2235090645;1772314178;0.026825400000
quick_equilibre;500000;3;quick_sort_input_order;384018289;4202184678;0.028959400000
quick_equilibre;500000;4;quick_sort_input_order;2432925623;2107172640;0.025384600000
quick_equilibre;500000;5;quick_sort_input_order;616767788;3361257915;0.027591300000
quick_equilibre;500000;6;quick_sort_input_order;3065363678;1512973385;0.027127400000
quick_equilibre;500000;7;quick_sort_input_order;768200350;3243398665;0.028305800000
quick_equilibre;500000;8;quick_sort_input_order;3111390579;1441764836;0.033716200000
quick_equilibre;500000;9;quick_sort_input_order;3675798671;931374104;0.016037600000
quick_equilibre;500000;10;quick_sort_input_order;3539251269;1047472338;0.018389700000
quick_equilibre;500000;11;quick_sort_input_order;3226001918;752056681;0.025552200000
quick_equilibre;500000;12;quick_sort_input_order;4127787904;445813527;0.027199400000
quick_equilibre;500000;13;quick_sort_input_order;3460406488;584713295;0.027354500000
quick_equilibre;500000;14;quick_sort_input_order;3235999521;746256310;0.020578200000
quick_equilibre;500000;15;quick_sort_input_order;3278275261;805116458;0.017165200000
quick_equilibre;500000;16;quick_sort_input_order;3918162171;85061740;0.028229300000
quick_equilibre;500000;17;quick_sort_input_order;3567222296;939845263;0.030623700000
quick_equilibre;500000;18;quick_sort_input_order;760351522;3251213237;0.027669400000
quick_equilibre;500000;19;quick_sort_input_order;2278418075;1800830476;0.027967300000
quick_equilibre;500000;20;quick_sort_input_order;1049301655;3524299264;0.026698000000
quick_equilibre;1000000;1;quick_sort_input_order;3019552932;1600200755;0.060144500000
quick_equilibre;1000000;2;quick_sort_input_order;971973653;3581197442;0.059011900000
quick_equilibre;1000000;3;quick_sort_input_order;2855552433;1185930534;0.056596900000
quick_equilibre;1000000;4;quick_sort_input_order;768908663;3243181536;0.052249900000
quick_equilibre;1000000;5;quick_sort_input_order;2551497708;1955552123;0.057418100000
quick_equilibre;1000000;6;quick_sort_input_order;174218782;3875128969;0.052467400000
quick_equilibre;1000000;7;quick_sort_input_order;2434673758;2105914569;0.047658200000
quick_equilibre;1000000;8;quick_sort_input_order;94629811;3912791844;0.039122500000
quick_equilibre;1000000;9;quick_sort_input_order;1741676111;2337556184;0.057502200000
quick_equilibre;1000000;10;quick_sort_input_order;1847808645;2193148434;0.056466400000
quick_equilibre;1000000;11;quick_sort_input_order;2090795838;2416221097;0.059071800000
quick_equilibre;1000000;12;quick_sort_input_order;1256122688;2789568983;0.059319700000
quick_equilibre;1000000;13;quick_sort_input_order;1922465304;2651711119;0.034281200000
quick_equilibre;1000000;14;quick_sort_input_order;2083950049;2427262326;0.057479500000
quick_equilibre;1000000;15;quick_sort_input_order;2142331005;2469066986;0.057572600000
quick_equilibre;1000000;16;quick_sort_input_order;1432193595;3116765868;0.045161600000
quick_equilibre;1000000;17;quick_sort_input_order;1749589208;2228421711;0.046411200000
quick_equilibre;1000000;18;quick_sort_input_order;2441472482;2099147125;0.044288200000
quick_equilibre;1000000;19;quick_sort_input_order;991560795;3615595724;0.059258600000
quick_equilibre;1000000;20;quick_sort_input_order;2187128919;1858562240;0.060741000000
quick_aleatoire;100;1;quick_sort_input_order;4200954270;385802505;0.000012200000
quick_aleatoire;100;2;quick_sort_input_order;1886446895;2632678840;0.000011800000
quick_aleatoire;100;3;quick_sort_input_order;3819668619;254811164;0.000012800000
quick_aleatoire;100;4;quick_sort_input_order;1682660429;2295383258;0.000012100000
quick_aleatoire;100;5;quick_sort_input_order;3515548374;1024498241;0.000011600000
quick_aleatoire;100;6;quick_sort_input_order;1140694820;2942699443;0.000012100000
quick_aleatoire;100;7;quick_sort_input_order;3632393572;874149363;0.000011500000
quick_aleatoire;100;8;quick_sort_input_order;1279012489;2695345694;0.000012100000
quick_aleatoire;100;9;quick_sort_input_order;777002869;3268118498;0.000012100000
quick_aleatoire;100;10;quick_sort_input_order;666670015;3408333608;0.000011900000
quick_aleatoire;100;11;quick_sort_input_order;889242116;3650837139;0.000011800000
quick_aleatoire;100;12;quick_sort_input_order;54601850;4024086765;0.000009600000
quick_aleatoire;100;13;quick_sort_input_order;990494498;3616679861;0.000010000000
quick_aleatoire;100;14;quick_sort_input_order;900287707;3643987020;0.000009400000
quick_aleatoire;100;15;quick_sort_input_order;909025607;3669309904;0.000009500000
quick_aleatoire;100;16;quick_sort_input_order;482495233;4032418710;0.000009400000
quick_aleatoire;100;17;quick_sort_input_order;567762402;3444360565;0.000009500000
quick_aleatoire;100;18;quick_sort_input_order;3625593048;880914511;0.000009400000
quick_aleatoire;100;19;quick_sort_input_order;1921369441;2652790262;0.000009100000
quick_aleatoire;100;20;quick_sort_input_order;3418567021;660122106;0.000009700000
quick_aleatoire;500;1;quick_sort_input_order;2224204243;1745432900;0.000057500000
quick_aleatoire;500;2;quick_sort_input_order;243742050;3793530357;0.000057200000
quick_aleatoire;500;3;quick_sort_input_order;2640073926;1908919377;0.000059500000
quick_aleatoire;500;4;quick_sort_input_order;448564224;4129756311;0.000058300000
quick_aleatoire;500;5;quick_sort_input_order;2944193179;1139231244;0.000058500000
quick_aleatoire;500;6;quick_sort_input_order;1024085865;3515996158;0.000058800000
quick_aleatoire;500;7;quick_sort_input_order;2792766761;1257088446;0.000057600000
quick_aleatoire;500;8;quick_sort_input_order;852229828;3729811027;0.000059700000
quick_aleatoire;500;9;quick_sort_input_order;1353174840;3158071215;0.000058100000
quick_aleatoire;500;10;quick_sort_input_order;1498104818;3050363749;0.000056600000
quick_aleatoire;500;11;quick_sort_input_order;1274483273;2808908510;0.000057400000
quick_aleatoire;500;12;quick_sort_input_order;2109143095;2435670176;0.000066700000
quick_aleatoire;500;13;quick_sort_input_order;1174302575;2842032120;0.000058800000
quick_aleatoire;500;14;quick_sort_input_order;1264491670;2814706689;0.000058300000
quick_aleatoire;500;15;quick_sort_input_order;1222209802;2755848605;0.000057400000
quick_aleatoire;500;16;quick_sort_input_order;1647680332;2393768923;0.000057600000
quick_aleatoire;500;17;quick_sort_input_order;1595968943;3015382328;0.000059000000
quick_aleatoire;500;18;quick_sort_input_order;2800613525;1249271810;0.000056800000
quick_aleatoire;500;19;quick_sort_input_order;208803116;3773402555;0.000057700000
quick_aleatoire;500;20;quick_sort_input_order;3040141600;1504672183;0.000055500000
quick_aleatoire;1000;1;quick_sort_input_order;2636016771;1904604180;0.000126300000
quick_aleatoire;1000;2;quick_sort_input_order;386658354;4220545189;0.000126700000
quick_aleatoire;1000;3;quick_sort_input_order;2228261270;1749747969;0.000127100000
quick_aleatoire;1000;4;quick_sort_input_order;53496144;4021014983;0.000122300000
quick_aleatoire;1000;5;quick_sort_input_order;3069188043;1516998492;0.000123000000
quick_aleatoire;1000;6;quick_sort_input_order;612796985;3357348526;0.000127200000
quick_aleatoire;1000;7;quick_sort_input_order;3220895865;1398890734;0.000125100000
quick_aleatoire;1000;8;quick_sort_input_order;726088596;3353125635;0.000130500000
quick_aleatoire;1000;9;quick_sort_input_order;1227557480;2779812607;0.000126000000
quick_aleatoire;1000;10;quick_sort_input_order;1086817954;2891718197;0.000126900000
quick_aleatoire;1000;11;quick_sort_input_order;1383847705;3202371470;0.000127500000
quick_aleatoire;1000;12;quick_sort_input_order;1681538407;2292295152;0.000127100000
quick_aleatoire;1000;13;quick_sort_input_order;1551018559;2968072872;0.000123700000
quick_aleatoire;1000;14;quick_sort_input_order;1389517254;3192504657;0.000124500000
quick_aleatoire;1000;15;quick_sort_input_order;1364571226;3184405709;0.000126100000
quick_aleatoire;1000;16;quick_sort_input_order;2075745820;2535638667;0.000127600000
quick_aleatoire;1000;17;quick_sort_input_order;1185695999;2855784552;0.000124600000
quick_aleatoire;1000;18;quick_sort_input_order;3210821061;1408935250;0.000127700000
quick_aleatoire;1000;19;quick_sort_input_order;369021052;4184164587;0.000195600000
quick_aleatoire;1000;20;quick_sort_input_order;2897749104;1076083943;0.000130300000
quick_aleatoire;5000;1;quick_sort_input_order;1210272290;2763575989;0.000795100000
quick_aleatoire;5000;2;quick_sort_input_order;3258373779;783109636;0.000957200000
quick_aleatoire;5000;3;quick_sort_input_order;1374533431;3178639264;0.000901700000
quick_aleatoire;5000;4;quick_sort_input_order;3591204849;982972262;0.000862300000
quick_aleatoire;5000;5;quick_sort_input_order;1674391914;2404821501;0.000771400000
quick_aleatoire;5000;6;quick_sort_input_order;4055608472;488649743;0.000809300000
quick_aleatoire;5000;7;quick_sort_input_order;1791483608;2254194255;0.000759000000
quick_aleatoire;5000;8;quick_sort_input_order;4269415733;316769698;0.000621000000
quick_aleatoire;5000;9;quick_sort_input_order;2618698953;1888334942;0.000624300000
quick_aleatoire;5000;10;quick_sort_input_order;2516230147;2036414612;0.000750900000
quick_aleatoire;5000;11;quick_sort_input_order;2269573560;1809672495;0.000761200000
quick_aleatoire;5000;12;quick_sort_input_order;2970033094;1570538321;0.000741300000
quick_aleatoire;5000;13;quick_sort_input_order;2303691934;1708397577;0.000760500000
quick_aleatoire;5000;14;quick_sort_input_order;2280619879;1802823664;0.000756100000
quick_aleatoire;5000;15;quick_sort_input_order;2221445883;1760758380;0.000752600000
quick_aleatoire;5000;16;quick_sort_input_order;2927917245;1109385258;0.000754600000
quick_aleatoire;5000;17;quick_sort_input_order;2475781726;2131424969;0.000775100000
quick_aleatoire;5000;18;quick_sort_input_order;1784421220;2261222387;0.000810400000
quick_aleatoire;5000;19;quick_sort_input_order;3234068189;743992906;0.001962600000
quick_aleatoire;5000;20;quick_sort_input_order;2038760145;2501810758;0.000756300000
quick_aleatoire;10000;1;quick_sort_input_order;74263393;3908482038;0.001628700000
quick_aleatoire;10000;2;quick_sort_input_order;2390276048;1659055943;0.001639700000
quick_aleatoire;10000;3;quick_sort_input_order;497276532;4046999267;0.001568100000
quick_aleatoire;10000;4;quick_sort_input_order;2588085938;1993905701;0.001676400000
quick_aleatoire;10000;5;quick_sort_input_order;797134889;3273181374;0.001859800000
quick_aleatoire;10000;6;quick_sort_input_order;3187002843;1366185292;0.002007700000
quick_aleatoire;10000;7;quick_sort_input_order;646561691;3390187276;0.001622000000
quick_aleatoire;10000;8;quick_sort_input_order;2989784182;1588585697;0.001618100000
quick_aleatoire;10000;9;quick_sort_input_order;3495447946;1019467037;0.001638500000
quick_aleatoire;10000;10;quick_sort_input_order;3652501824;892295639;0.001614700000
quick_aleatoire;10000;11;quick_sort_input_order;3406336251;663947372;0.001640700000
quick_aleatoire;10000;12;quick_sort_input_order;4249451141;299033106;0.001618800000
quick_aleatoire;10000;13;quick_sort_input_order;3305237981;697988426;0.001640000000
quick_aleatoire;10000;14;quick_sort_input_order;3416333860;658146995;0.001708000000
quick_aleatoire;10000;15;quick_sort_input_order;3357995960;616393519;0.001833600000
quick_aleatoire;10000;16;quick_sort_input_order;3804895742;240222569;0.001734500000
quick_aleatoire;10000;17;quick_sort_input_order;3755937565;860133258;0.001619000000
quick_aleatoire;10000;18;quick_sort_input_order;638745127;3398034096;0.001620800000
quick_aleatoire;10000;19;quick_sort_input_order;2358089630;1612058377;0.001632600000
quick_aleatoire;10000;20;quick_sort_input_order;902521746;3645963013;0.001591800000
quick_aleatoire;20000;1;quick_sort_input_order;2632018407;1887105392;0.003442300000
quick_aleatoire;20000;2;quick_sort_input_order;385152342;4201606593;0.003445300000
quick_aleatoire;20000;3;quick_sort_input_order;2234488050;1773407333;0.003441400000
quick_aleatoire;20000;4;quick_sort_input_order;47139892;3998536867;0.003470200000
quick_aleatoire;20000;5;quick_sort_input_order;3071218351;1536461368;0.003357200000
quick_aleatoire;20000;6;quick_sort_input_order;628723549;3387037642;0.002947200000
quick_aleatoire;20000;7;quick_sort_input_order;3188063517;1386112394;0.003039400000
quick_aleatoire;20000;8;quick_sort_input_order;716717808;3324225127;0.002635500000
quick_aleatoire;20000;9;quick_sort_input_order;1221857036;2756679579;0.002212800000
quick_aleatoire;20000;10;quick_sort_input_order;1094222790;2913147729;0.002260100000
quick_aleatoire;20000;11;quick_sort_input_order;1401213565;3206499050;0.002231900000
quick_aleatoire;20000;12;quick_sort_input_order;1707423747;2304680084;0.002340800000
quick_aleatoire;20000;13;quick_sort_input_order;1569566555;2971023308;0.003120700000
quick_aleatoire;20000;14;quick_sort_input_order;1395481762;3216426037;0.002567200000
quick_aleatoire;20000;15;quick_sort_input_order;1353363774;3157338537;0.002730300000
quick_aleatoire;20000;16;quick_sort_input_order;2051431288;2531116015;0.003113000000
quick_aleatoire;20000;17;quick_sort_input_order;1196641691;2882065676;0.002977100000
quick_aleatoire;20000;18;quick_sort_input_order;3198040225;1376100406;0.002969800000
quick_aleatoire;20000;19;quick_sort_input_order;335664408;4170861967;0.003065800000
quick_aleatoire;20000;20;quick_sort_input_order;2907119892;1104984451;0.002983000000
quick_aleatoire;50000;1;quick_sort_input_order;2996107739;1578066252;0.008380400000
quick_aleatoire;50000;2;quick_sort_input_order;948004202;3558538749;0.008217600000
quick_aleatoire;50000;3;quick_sort_input_order;2874803406;1203870809;0.008582200000
quick_aleatoire;50000;4;quick_sort_input_order;750443528;3223405727;0.008707500000
quick_aleatoire;50000;5;quick_sort_input_order;2574942867;1977686532;0.008491800000
quick_aleatoire;50000;6;quick_sort_input_order;185343841;3885467638;0.008643300000
quick_aleatoire;50000;7;quick_sort_input_order;2423287073;2095838646;0.009131600000
quick_aleatoire;50000;8;quick_sort_input_order;80588492;3897964123;0.010177400000
quick_aleatoire;50000;9;quick_sort_input_order;1721868080;2319058855;0.009154800000
quick_aleatoire;50000;10;quick_sort_input_order;1867322362;2211875693;0.010583900000
quick_aleatoire;50000;11;quick_sort_input_order;2112963137;2439699158;0.009638200000
quick_aleatoire;50000;12;quick_sort_input_order;1269868607;2804625576;0.009337100000
quick_aleatoire;50000;13;quick_sort_input_order;1945648999;2674108400;0.010302000000
quick_aleatoire;50000;14;quick_sort_input_order;2102971550;2445497353;0.009462300000
quick_aleatoire;50000;15;quick_sort_input_order;2128552194;2453977493;0.009702800000
quick_aleatoire;50000;16;quick_sort_input_order;1412680516;3098039251;0.009811000000
quick_aleatoire;50000;17;quick_sort_input_order;1764154791;2243773744;0.009323600000
quick_aleatoire;50000;18;quick_sort_input_order;2431363229;2087727114;0.010295300000
quick_aleatoire;50000;19;quick_sort_input_order;980698404;3606044083;0.009703000000
quick_aleatoire;50000;20;quick_sort_input_order;2201137448;1873357247;0.009665100000
quick_aleatoire;100000;1;quick_sort_input_order;4043459731;496620548;0.019914500000
quick_aleatoire;100000;2;quick_sort_input_order;2065158178;2542553269;0.021009900000
quick_aleatoire;100000;3;quick_sort_input_order;3905728902;72821009;0.020105900000
quick_aleatoire;100000;4;quick_sort_input_order;1865181504;2209870295;0.020425400000
quick_aleatoire;100000;5;quick_sort_input_order;3672913883;913813324;0.020476700000
quick_aleatoire;100000;6;quick_sort_input_order;1218095657;2751541950;0.020381000000
quick_aleatoire;100000;7;quick_sort_input_order;3555121257;1065173246;0.020449900000
quick_aleatoire;100000;8;quick_sort_input_order;1197153156;2881520403;0.020138100000
quick_aleatoire;100000;9;quick_sort_input_order;624372344;3383538415;0.021080700000
quick_aleatoire;100000;10;quick_sort_input_order;752592562;3225435685;0.020273900000
quick_aleatoire;100000;11;quick_sort_input_order;1047000841;3539759006;0.020179300000
quick_aleatoire;100000;12;quick_sort_input_order;136715639;3837625824;0.021213000000
quick_aleatoire;100000;13;quick_sort_input_order;812550703;3707048632;0.020930400000
quick_aleatoire;100000;14;quick_sort_input_order;1053718998;3528843585;0.019569400000
quick_aleatoire;100000;15;quick_sort_input_order;1028232266;3520203997;0.020319700000
quick_aleatoire;100000;16;quick_sort_input_order;396721676;4215203483;0.020228500000
quick_aleatoire;100000;17;quick_sort_input_order;716204271;3324768376;0.020290300000
quick_aleatoire;100000;18;quick_sort_input_order;3548192213;1072072002;0.020080600000
quick_aleatoire;100000;19;quick_sort_input_order;2044915820;2507761915;0.019600200000
quick_aleatoire;100000;20;quick_sort_input_order;3231974496;742366455;0.020040700000
quick_aleatoire;500000;1;quick_sort_input_order;408171708;4107250731;0.074564900000
quick_aleatoire;500000;2;quick_sort_input_order;2453776397;2128228506;0.108204500000
quick_aleatoire;500000;3;quick_sort_input_order;26921385;3976286526;0.115756500000
quick_aleatoire;500000;4;quick_sort_input_order;2256146799;1793165816;0.108111800000
quick_aleatoire;500000;5;quick_sort_input_order;867848180;3743536995;0.113545400000
quick_aleatoire;500000;6;quick_sort_input_order;2714554886;1297566353;0.112422500000
quick_aleatoire;500000;7;quick_sort_input_order;984653894;3593156817;0.117059700000
quick_aleatoire;500000;8;quick_sort_input_order;2920113067;1117190972;0.112660700000
quick_aleatoire;500000;9;quick_sort_input_order;3428930135;553306816;0.113828900000
quick_aleatoire;500000;10;quick_sort_input_order;3314409117;689325578;0.082052000000
quick_aleatoire;500000;11;quick_sort_input_order;3610349350;1001002929;0.065146400000
quick_aleatoire;500000;12;quick_sort_input_order;3782239576;233569743;0.079038000000
quick_aleatoire;500000;13;quick_sort_input_order;3644387840;899902103;0.113485300000
quick_aleatoire;500000;14;quick_sort_input_order;3617063417;990091630;0.107594200000
quick_aleatoire;500000;15;quick_sort_input_order;3558861925;948204786;0.062315800000
quick_aleatoire;500000;16;quick_sort_input_order;4277339683;308846260;0.101934800000
quick_aleatoire;500000;17;quick_sort_input_order;3286634688;796756055;0.113361300000
quick_aleatoire;500000;18;quick_sort_input_order;975922682;3601923437;0.078737600000
quick_aleatoire;500000;19;quick_sort_input_order;2427750467;2083459284;0.095716600000
quick_aleatoire;500000;20;quick_sort_input_order;703757391;3312051416;0.092552600000
quick_aleatoire;1000000;1;quick_sort_input_order;2760103548;1209552619;0.148407600000
quick_aleatoire;1000000;2;quick_sort_input_order;781601485;3255685722;0.168736900000
quick_aleatoire;1000000;3;quick_sort_input_order;3175951209;1373025278;0.230825800000
quick_aleatoire;1000000;4;quick_sort_input_order;984478639;3593890616;0.161146900000
quick_aleatoire;1000000;5;quick_sort_input_order;2406329652;1677079971;0.211558200000
quick_aleatoire;1000000;6;quick_sort_input_order;488321222;4051740753;0.241504400000
quick_aleatoire;1000000;7;quick_sort_input_order;2254914182;1794955793;0.239132500000
quick_aleatoire;1000000;8;quick_sort_input_order;316309867;4265679356;0.239843100000
quick_aleatoire;1000000;9;quick_sort_input_order;1891020951;2620205056;0.211137900000
quick_aleatoire;1000000;10;quick_sort_input_order;2035956829;2512495818;0.138757900000
quick_aleatoire;1000000;11;quick_sort_input_order;1810263526;2273178993;0.234874200000
quick_aleatoire;1000000;12;quick_sort_input_order;1571260312;2973507343;0.231912300000
quick_aleatoire;1000000;13;quick_sort_input_order;1710166208;2306115671;0.170473700000
quick_aleatoire;1000000;14;quick_sort_input_order;1800397625;2278849454;0.231181900000
quick_aleatoire;1000000;15;quick_sort_input_order;1757941413;2220070450;0.237928500000
quick_aleatoire;1000000;16;quick_sort_input_order;1109714147;2931784820;0.186609400000
quick_aleatoire;1000000;17;quick_sort_input_order;2133979648;2477419159;0.227958300000
quick_aleatoire;1000000;18;quick_sort_input_order;2264696634;1785143213;0.237389300000
quick_aleatoire;1000000;19;quick_sort_input_order;744712835;3237540372;0.225109200000
quick_aleatoire;1000000;20;quick_sort_input_order;2502270607;2042496536;0.185099300000
quick_egaux;100;1;quick_sort_input_order;2340946010;1729337549;0.000025800000
quick_egaux;100;2;quick_sort_input_order;27106539;3976594556;0.000025400000
quick_egaux;100;3;quick_sort_input_order;2454125903;2128438744;0.000025000000
quick_egaux;100;4;quick_sort_input_order;363210121;4181572894;0.000025800000
quick_egaux;100;5;quick_sort_input_order;2691070738;1291707269;0.000032700000
quick_egaux;100;6;quick_sort_input_order;839968480;3733683831;0.000025600000
quick_egaux;100;7;quick_sort_input_order;2842465440;1173818423;0.000025800000
quick_egaux;100;8;quick_sort_input_order;1037129549;3511341018;0.000026000000
quick_egaux;100;9;quick_sort_input_order;1606248113;3005677094;0.000032500000
quick_egaux;100;10;quick_sort_input_order;1448209019;3133829868;0.000025700000
quick_egaux;100;11;quick_sort_input_order;1156430784;2826314583;0.000025700000
quick_egaux;100;12;quick_sort_input_order;1923895742;2654456105;0.000037600000
quick_egaux;100;13;quick_sort_input_order;1256507110;2793365105;0.000019400000
quick_egaux;100;14;quick_sort_input_order;1145320735;2833231240;0.000019900000
quick_egaux;100;15;quick_sort_input_order;1204017283;2874687508;0.000020100000
quick_egaux;100;16;quick_sort_input_order;1831809733;2176100946;0.000020700000
quick_egaux;100;17;quick_sort_input_order;1345987622;3164716209;0.000021300000
quick_egaux;100;18;quick_sort_input_order;2851557660;1164757387;0.000021200000
quick_egaux;100;19;quick_sort_input_order;57195685;4025689138;0.000011000000
quick_egaux;100;20;quick_sort_input_order;3123595433;1454755902;0.000010900000
quick_egaux;500;1;quick_sort_input_order;4118794263;434391168;0.000213900000
quick_egaux;500;2;quick_sort_input_order;2137672870;2482099249;0.000213600000
quick_egaux;500;3;quick_sort_input_order;3971034370;2798997;0.000213600000
quick_egaux;500;4;quick_sort_input_order;1800533444;2278190419;0.000270300000
quick_egaux;500;5;quick_sort_input_order;3734088543;839529416;0.000262500000
quick_egaux;500;6;quick_sort_input_order;1290221229;2692525626;0.000253600000
quick_egaux;500;7;quick_sort_input_order;3617277165;989912186;0.000253900000
quick_egaux;500;8;quick_sort_input_order;1126598400;2948407191;0.000253700000
quick_egaux;500;9;quick_sort_input_order;558544636;3453038187;0.000253800000
quick_egaux;500;10;quick_sort_input_order;681982518;3292373665;0.000253700000
quick_egaux;500;11;quick_sort_input_order;974809997;3598840602;0.000253500000
quick_egaux;500;12;quick_sort_input_order;207323635;3770685796;0.000253900000
quick_egaux;500;13;quick_sort_input_order;873666219;3632827964;0.000253900000
quick_egaux;500;14;quick_sort_input_order;984868178;3592977861;0.000253600000
quick_egaux;500;15;quick_sort_input_order;959711438;3585052761;0.000253500000
quick_egaux;500;16;quick_sort_input_order;332980872;4282612255;0.000253100000
quick_egaux;500;17;quick_sort_input_order;785249387;3260443900;0.000253900000
quick_egaux;500;18;quick_sort_input_order;3607134545;1000020422;0.000253900000
quick_egaux;500;19;quick_sort_input_order;2107600104;2433021055;0.000258300000
quick_egaux;500;20;quick_sort_input_order;3302594788;675414131;0.000253500000
quick_egaux;1000;1;quick_sort_input_order;3975353671;6852048;0.000976700000
quick_egaux;1000;2;quick_sort_input_order;1726384630;2323452257;0.000976800000
quick_egaux;1000;3;quick_sort_input_order;4114475090;430338245;0.000981400000
quick_egaux;1000;4;quick_sort_input_order;1927098516;2655430659;0.001026000000
quick_egaux;1000;5;quick_sort_input_order;3340594703;730265240;0.000981400000
quick_egaux;1000;6;quick_sort_input_order;1433138173;3119541098;0.000977200000
quick_egaux;1000;7;quick_sort_input_order;3457647037;579606826;0.001012500000
quick_egaux;1000;8;quick_sort_input_order;1521107536;3056720583;0.000976800000
quick_egaux;1000;9;quick_sort_input_order;952529836;3562924859;0.000981600000
quick_egaux;1000;10;quick_sort_input_order;824901478;3719391217;0.001034400000
quick_egaux;1000;11;quick_sort_input_order;597077725;3473749578;0.001136600000
quick_egaux;1000;12;quick_sort_input_order;366429347;4182563892;0.001178400000
quick_egaux;1000;13;quick_sort_input_order;765449211;3238284140;0.001654300000
quick_egaux;1000;14;quick_sort_input_order;591339522;3483678869;0.001030000000
quick_egaux;1000;15;quick_sort_input_order;548982174;3424867593;0.000983500000
quick_egaux;1000;16;quick_sort_input_order;173287384;3872374607;0.000976900000
quick_egaux;1000;17;quick_sort_input_order;927019323;3688540588;0.000981500000
quick_egaux;1000;18;quick_sort_input_order;3465298945;571989142;0.000977000000
quick_egaux;1000;19;quick_sort_input_order;1679010232;2290626863;0.000981200000
quick_egaux;1000;20;quick_sort_input_order;3713359284;835634467;0.000976700000
quick_egaux;5000;1;quick_sort_input_order;969815014;3579161457;0.026881500000
quick_egaux;5000;2;quick_sort_input_order;3017518935;1598044096;0.026830500000
quick_egaux;5000;3;quick_sort_input_order;536923891;3432732260;0.027195700000
quick_egaux;5000;4;quick_sort_input_order;2816480821;1266388642;0.026622000000
quick_egaux;5000;5;quick_sort_input_order;304105646;4273721401;0.025963300000
quick_egaux;5000;6;quick_sort_input_order;2153174364;1825394123;0.026832900000
quick_egaux;5000;7;quick_sort_input_order;455780124;4155588491;0.027022900000
quick_egaux;5000;8;quick_sort_input_order;2409063665;1661795430;0.026902200000
quick_egaux;5000;9;quick_sort_input_order;3992671501;23121306;0.044007300000
quick_egaux;5000;10;quick_sort_input_order;3826768327;143409488;0.027401000000
quick_egaux;5000;11;quick_sort_input_order;4138436732;439357675;0.028589300000
quick_egaux;5000;12;quick_sort_input_order;3236585986;745667221;0.028320100000
quick_egaux;5000;13;quick_sort_input_order;4171429210;339307981;0.026720900000
quick_egaux;5000;14;quick_sort_input_order;4127327907;446275124;0.027730600000
quick_egaux;5000;15;quick_sort_input_order;4119194431;421426088;0.029653600000
quick_egaux;5000;16;quick_sort_input_order;3748200825;871537134;0.026568000000
quick_egaux;5000;17;quick_sort_input_order;3799783322;250056461;0.027816200000
quick_egaux;5000;18;quick_sort_input_order;464609952;4146788919;0.028175700000
quick_egaux;5000;19;quick_sort_input_order;2972618521;1572149134;0.025875500000
quick_egaux;5000;20;quick_sort_input_order;141064981;3841188738;0.024319800000
quick_egaux;10000;1;quick_sort_input_order;1971344037;2568735282;0.105548800000
quick_egaux;10000;2;quick_sort_input_order;4288007700;319706755;0.113966800000
quick_egaux;10000;3;quick_sort_input_order;1817096112;2161456935;0.110002400000
quick_egaux;10000;4;quick_sort_input_order;3954079606;120975329;0.110203400000
quick_egaux;10000;5;quick_sort_input_order;1584277997;3002446202;0.108471000000
quick_egaux;10000;6;quick_sort_input_order;3424171039;545467528;0.103508500000
quick_egaux;10000;7;quick_sort_input_order;1466222175;3154075336;0.106320400000
quick_egaux;10000;8;quick_sort_input_order;3285779890;792894757;0.094618400000
quick_egaux;10000;9;quick_sort_input_order;2713007182;1294904537;0.105277000000
quick_egaux;10000;10;quick_sort_input_order;2824452228;1153572883;0.093949900000
quick_egaux;10000;11;quick_sort_input_order;3135629631;1451127208;0.102505100000
quick_egaux;10000;12;quick_sort_input_order;2359558977;1614781398;0.106860100000
quick_egaux;10000;13;quick_sort_input_order;3035403289;1484197006;0.112035100000
quick_egaux;10000;14;quick_sort_input_order;3125569504;1456996215;0.107616500000
quick_egaux;10000;15;quick_sort_input_order;3117124220;1431311083;0.103248700000
quick_egaux;10000;16;quick_sort_input_order;2468831290;2143090861;0.107372700000
quick_egaux;10000;17;quick_sort_input_order;2922542809;1118432846;0.074805100000
quick_egaux;10000;18;quick_sort_input_order;1476330467;3143932788;0.081966200000
quick_egaux;10000;19;quick_sort_input_order;4250988122;301692621;0.099200500000
quick_egaux;10000;20;quick_sort_input_order;1143347798;2830992065;0.093375700000
quick_egaux;20000;1;quick_sort_input_order;3976990755;26708148;0.306544300000
quick_egaux;20000;2;quick_sort_input_order;1729727634;2340557829;0.344807700000
quick_egaux;20000;3;quick_sort_input_order;4106415414;408516001;0.312347900000
quick_egaux;20000;4;quick_sort_input_order;1931621872;2679745895;0.344722500000
quick_egaux;20000;5;quick_sort_input_order;3336727403;712635388;0.334466000000
quick_egaux;20000;6;quick_sort_input_order;1419048601;3088018958;0.319661700000
quick_egaux;20000;7;quick_sort_input_order;3488122073;594746446;0.363122500000
quick_egaux;20000;8;quick_sort_input_order;1532315444;3083788195;0.389968800000
quick_egaux;20000;9;quick_sort_input_order;960067272;3584224863;0.309839600000
quick_egaux;20000;10;quick_sort_input_order;819329538;3696124565;0.354885100000
quick_egaux;20000;11;quick_sort_input_order;577350585;3471979310;0.573337400000
quick_egaux;20000;12;quick_sort_input_order;338182599;4172536144;0.341866600000
quick_egaux;20000;13;quick_sort_input_order;744543903;3237694984;0.258795500000
quick_egaux;20000;14;quick_sort_input_order;583017830;3462118897;0.255777500000
quick_egaux;20000;15;quick_sort_input_order;558352634;3453767789;0.254889600000
quick_egaux;20000;16;quick_sort_input_order;195764924;3878730283;0.258731400000
quick_egaux;20000;17;quick_sort_input_order;918434911;3659902152;0.347755000000
quick_egaux;20000;18;quick_sort_input_order;3480437093;602462706;0.506140100000
quick_egaux;20000;19;quick_sort_input_order;1710009564;2306290763;0.383734600000
quick_egaux;20000;20;quick_sort_input_order;3702151376;808566855;0.654183700000
